week_start,town,county,drug,signal,units_sold,drug_weight
2023-01-02,Kisumu,Kisumu,Coartem,malaria,114,0.95
2023-01-09,Kisumu,Kisumu,Coartem,malaria,123,0.95
2023-01-16,Kisumu,Kisumu,Coartem,malaria,116,0.95
2023-01-23,Kisumu,Kisumu,Coartem,malaria,145,0.95
2023-01-30,Kisumu,Kisumu,Coartem,malaria,127,0.95
2023-02-06,Kisumu,Kisumu,Coartem,malaria,124,0.95
2023-02-13,Kisumu,Kisumu,Coartem,malaria,129,0.95
2023-02-20,Kisumu,Kisumu,Coartem,malaria,78,0.95
2023-02-27,Kisumu,Kisumu,Coartem,malaria,68,0.95
2023-03-06,Kisumu,Kisumu,Coartem,malaria,66,0.95
2023-03-13,Kisumu,Kisumu,Coartem,malaria,78,0.95
2023-03-20,Kisumu,Kisumu,Coartem,malaria,115,0.95
2023-03-27,Kisumu,Kisumu,Coartem,malaria,107,0.95
2023-04-03,Kisumu,Kisumu,Coartem,malaria,105,0.95
2023-04-10,Kisumu,Kisumu,Coartem,malaria,167,0.95
2023-04-17,Kisumu,Kisumu,Coartem,malaria,129,0.95
2023-04-24,Kisumu,Kisumu,Coartem,malaria,126,0.95
2023-05-01,Kisumu,Kisumu,Coartem,malaria,87,0.95
2023-05-08,Kisumu,Kisumu,Coartem,malaria,85,0.95
2023-05-15,Kisumu,Kisumu,Coartem,malaria,73,0.95
2023-05-22,Kisumu,Kisumu,Coartem,malaria,76,0.95
2023-05-29,Kisumu,Kisumu,Coartem,malaria,116,0.95
2023-06-05,Kisumu,Kisumu,Coartem,malaria,113,0.95
2023-06-12,Kisumu,Kisumu,Coartem,malaria,128,0.95
2023-06-19,Kisumu,Kisumu,Coartem,malaria,124,0.95
2023-06-26,Kisumu,Kisumu,Coartem,malaria,171,0.95
2023-07-03,Kisumu,Kisumu,Coartem,malaria,124,0.95
2023-07-10,Kisumu,Kisumu,Coartem,malaria,93,0.95
2023-07-17,Kisumu,Kisumu,Coartem,malaria,103,0.95
2023-07-24,Kisumu,Kisumu,Coartem,malaria,59,0.95
2023-07-31,Kisumu,Kisumu,Coartem,malaria,95,0.95
2023-08-07,Kisumu,Kisumu,Coartem,malaria,78,0.95
2023-08-14,Kisumu,Kisumu,Coartem,malaria,100,0.95
2023-08-21,Kisumu,Kisumu,Coartem,malaria,138,0.95
2023-08-28,Kisumu,Kisumu,Coartem,malaria,152,0.95
2023-09-04,Kisumu,Kisumu,Coartem,malaria,137,0.95
2023-09-11,Kisumu,Kisumu,Coartem,malaria,122,0.95
2023-09-18,Kisumu,Kisumu,Coartem,malaria,105,0.95
2023-09-25,Kisumu,Kisumu,Coartem,malaria,72,0.95
2023-10-02,Kisumu,Kisumu,Coartem,malaria,64,0.95
2023-10-09,Kisumu,Kisumu,Coartem,malaria,86,0.95
2023-10-16,Kisumu,Kisumu,Coartem,malaria,128,0.95
2023-10-23,Kisumu,Kisumu,Coartem,malaria,131,0.95
2023-10-30,Kisumu,Kisumu,Coartem,malaria,98,0.95
2023-11-06,Kisumu,Kisumu,Coartem,malaria,143,0.95
2023-11-13,Kisumu,Kisumu,Coartem,malaria,126,0.95
2023-11-20,Kisumu,Kisumu,Coartem,malaria,112,0.95
2023-11-27,Kisumu,Kisumu,Coartem,malaria,120,0.95
2023-12-04,Kisumu,Kisumu,Coartem,malaria,106,0.95
2023-12-11,Kisumu,Kisumu,Coartem,malaria,82,0.95
2023-12-18,Kisumu,Kisumu,Coartem,malaria,80,0.95
2023-12-25,Kisumu,Kisumu,Coartem,malaria,328,0.95
2024-01-01,Kisumu,Kisumu,Coartem,malaria,301,0.95
2024-01-08,Kisumu,Kisumu,Coartem,malaria,394,0.95
2024-01-15,Kisumu,Kisumu,Coartem,malaria,360,0.95
2024-01-22,Kisumu,Kisumu,Coartem,malaria,405,0.95
2024-01-29,Kisumu,Kisumu,Coartem,malaria,356,0.95
2024-02-05,Kisumu,Kisumu,Coartem,malaria,110,0.95
2024-02-12,Kisumu,Kisumu,Coartem,malaria,140,0.95
2024-02-19,Kisumu,Kisumu,Coartem,malaria,132,0.95
2024-02-26,Kisumu,Kisumu,Coartem,malaria,91,0.95
2024-03-04,Kisumu,Kisumu,Coartem,malaria,83,0.95
2024-03-11,Kisumu,Kisumu,Coartem,malaria,97,0.95
2024-03-18,Kisumu,Kisumu,Coartem,malaria,99,0.95
2024-03-25,Kisumu,Kisumu,Coartem,malaria,131,0.95
2024-04-01,Kisumu,Kisumu,Coartem,malaria,164,0.95
2024-04-08,Kisumu,Kisumu,Coartem,malaria,136,0.95
2024-04-15,Kisumu,Kisumu,Coartem,malaria,165,0.95
2024-04-22,Kisumu,Kisumu,Coartem,malaria,76,0.95
2024-04-29,Kisumu,Kisumu,Coartem,malaria,124,0.95
2024-05-06,Kisumu,Kisumu,Coartem,malaria,93,0.95
2024-05-13,Kisumu,Kisumu,Coartem,malaria,176,0.95
2024-05-20,Kisumu,Kisumu,Coartem,malaria,239,0.95
2024-05-27,Kisumu,Kisumu,Coartem,malaria,198,0.95
2024-06-03,Kisumu,Kisumu,Coartem,malaria,919,0.95
2024-06-10,Kisumu,Kisumu,Coartem,malaria,1075,0.95
2024-06-17,Kisumu,Kisumu,Coartem,malaria,1276,0.95
2024-06-24,Kisumu,Kisumu,Coartem,malaria,368,0.95
2024-07-01,Kisumu,Kisumu,Coartem,malaria,326,0.95
2024-07-08,Kisumu,Kisumu,Coartem,malaria,304,0.95
2024-07-15,Kisumu,Kisumu,Coartem,malaria,105,0.95
2024-07-22,Kisumu,Kisumu,Coartem,malaria,76,0.95
2024-07-29,Kisumu,Kisumu,Coartem,malaria,149,0.95
2024-08-05,Kisumu,Kisumu,Coartem,malaria,209,0.95
2024-08-12,Kisumu,Kisumu,Coartem,malaria,222,0.95
2024-08-19,Kisumu,Kisumu,Coartem,malaria,269,0.95
2024-08-26,Kisumu,Kisumu,Coartem,malaria,215,0.95
2024-09-02,Kisumu,Kisumu,Coartem,malaria,224,0.95
2024-09-09,Kisumu,Kisumu,Coartem,malaria,117,0.95
2024-09-16,Kisumu,Kisumu,Coartem,malaria,86,0.95
2024-09-23,Kisumu,Kisumu,Coartem,malaria,96,0.95
2024-09-30,Kisumu,Kisumu,Coartem,malaria,75,0.95
2024-10-07,Kisumu,Kisumu,Coartem,malaria,92,0.95
2024-10-14,Kisumu,Kisumu,Coartem,malaria,106,0.95
2024-10-21,Kisumu,Kisumu,Coartem,malaria,98,0.95
2024-10-28,Kisumu,Kisumu,Coartem,malaria,125,0.95
2024-11-04,Kisumu,Kisumu,Coartem,malaria,130,0.95
2024-11-11,Kisumu,Kisumu,Coartem,malaria,118,0.95
2024-11-18,Kisumu,Kisumu,Coartem,malaria,121,0.95
2024-11-25,Kisumu,Kisumu,Coartem,malaria,117,0.95
2024-12-02,Kisumu,Kisumu,Coartem,malaria,118,0.95
2024-12-09,Kisumu,Kisumu,Coartem,malaria,74,0.95
2024-12-16,Kisumu,Kisumu,Coartem,malaria,96,0.95
2024-12-23,Kisumu,Kisumu,Coartem,malaria,109,0.95
2024-12-30,Kisumu,Kisumu,Coartem,malaria,66,0.95
2023-01-02,Kisumu,Kisumu,Panadol,malaria,344,0.4
2023-01-09,Kisumu,Kisumu,Panadol,malaria,964,0.4
2023-01-16,Kisumu,Kisumu,Panadol,malaria,1173,0.4
2023-01-23,Kisumu,Kisumu,Panadol,malaria,1199,0.4
2023-01-30,Kisumu,Kisumu,Panadol,malaria,1017,0.4
2023-02-06,Kisumu,Kisumu,Panadol,malaria,1411,0.4
2023-02-13,Kisumu,Kisumu,Panadol,malaria,1248,0.4
2023-02-20,Kisumu,Kisumu,Panadol,malaria,462,0.4
2023-02-27,Kisumu,Kisumu,Panadol,malaria,298,0.4
2023-03-06,Kisumu,Kisumu,Panadol,malaria,327,0.4
2023-03-13,Kisumu,Kisumu,Panadol,malaria,273,0.4
2023-03-20,Kisumu,Kisumu,Panadol,malaria,449,0.4
2023-03-27,Kisumu,Kisumu,Panadol,malaria,620,0.4
2023-04-03,Kisumu,Kisumu,Panadol,malaria,427,0.4
2023-04-10,Kisumu,Kisumu,Panadol,malaria,469,0.4
2023-04-17,Kisumu,Kisumu,Panadol,malaria,509,0.4
2023-04-24,Kisumu,Kisumu,Panadol,malaria,431,0.4
2023-05-01,Kisumu,Kisumu,Panadol,malaria,317,0.4
2023-05-08,Kisumu,Kisumu,Panadol,malaria,349,0.4
2023-05-15,Kisumu,Kisumu,Panadol,malaria,227,0.4
2023-05-22,Kisumu,Kisumu,Panadol,malaria,370,0.4
2023-05-29,Kisumu,Kisumu,Panadol,malaria,356,0.4
2023-06-05,Kisumu,Kisumu,Panadol,malaria,575,0.4
2023-06-12,Kisumu,Kisumu,Panadol,malaria,442,0.4
2023-06-19,Kisumu,Kisumu,Panadol,malaria,488,0.4
2023-06-26,Kisumu,Kisumu,Panadol,malaria,562,0.4
2023-07-03,Kisumu,Kisumu,Panadol,malaria,380,0.4
2023-07-10,Kisumu,Kisumu,Panadol,malaria,427,0.4
2023-07-17,Kisumu,Kisumu,Panadol,malaria,413,0.4
2023-07-24,Kisumu,Kisumu,Panadol,malaria,205,0.4
2023-07-31,Kisumu,Kisumu,Panadol,malaria,355,0.4
2023-08-07,Kisumu,Kisumu,Panadol,malaria,429,0.4
2023-08-14,Kisumu,Kisumu,Panadol,malaria,521,0.4
2023-08-21,Kisumu,Kisumu,Panadol,malaria,408,0.4
2023-08-28,Kisumu,Kisumu,Panadol,malaria,411,0.4
2023-09-04,Kisumu,Kisumu,Panadol,malaria,540,0.4
2023-09-11,Kisumu,Kisumu,Panadol,malaria,487,0.4
2023-09-18,Kisumu,Kisumu,Panadol,malaria,428,0.4
2023-09-25,Kisumu,Kisumu,Panadol,malaria,363,0.4
2023-10-02,Kisumu,Kisumu,Panadol,malaria,242,0.4
2023-10-09,Kisumu,Kisumu,Panadol,malaria,357,0.4
2023-10-16,Kisumu,Kisumu,Panadol,malaria,431,0.4
2023-10-23,Kisumu,Kisumu,Panadol,malaria,417,0.4
2023-10-30,Kisumu,Kisumu,Panadol,malaria,641,0.4
2023-11-06,Kisumu,Kisumu,Panadol,malaria,549,0.4
2023-11-13,Kisumu,Kisumu,Panadol,malaria,412,0.4
2023-11-20,Kisumu,Kisumu,Panadol,malaria,513,0.4
2023-11-27,Kisumu,Kisumu,Panadol,malaria,352,0.4
2023-12-04,Kisumu,Kisumu,Panadol,malaria,386,0.4
2023-12-11,Kisumu,Kisumu,Panadol,malaria,317,0.4
2023-12-18,Kisumu,Kisumu,Panadol,malaria,303,0.4
2023-12-25,Kisumu,Kisumu,Panadol,malaria,472,0.4
2024-01-01,Kisumu,Kisumu,Panadol,malaria,366,0.4
2024-01-08,Kisumu,Kisumu,Panadol,malaria,464,0.4
2024-01-15,Kisumu,Kisumu,Panadol,malaria,599,0.4
2024-01-22,Kisumu,Kisumu,Panadol,malaria,801,0.4
2024-01-29,Kisumu,Kisumu,Panadol,malaria,755,0.4
2024-02-05,Kisumu,Kisumu,Panadol,malaria,720,0.4
2024-02-12,Kisumu,Kisumu,Panadol,malaria,679,0.4
2024-02-19,Kisumu,Kisumu,Panadol,malaria,677,0.4
2024-02-26,Kisumu,Kisumu,Panadol,malaria,602,0.4
2024-03-04,Kisumu,Kisumu,Panadol,malaria,281,0.4
2024-03-11,Kisumu,Kisumu,Panadol,malaria,388,0.4
2024-03-18,Kisumu,Kisumu,Panadol,malaria,414,0.4
2024-03-25,Kisumu,Kisumu,Panadol,malaria,568,0.4
2024-04-01,Kisumu,Kisumu,Panadol,malaria,481,0.4
2024-04-08,Kisumu,Kisumu,Panadol,malaria,722,0.4
2024-04-15,Kisumu,Kisumu,Panadol,malaria,548,0.4
2024-04-22,Kisumu,Kisumu,Panadol,malaria,407,0.4
2024-04-29,Kisumu,Kisumu,Panadol,malaria,347,0.4
2024-05-06,Kisumu,Kisumu,Panadol,malaria,370,0.4
2024-05-13,Kisumu,Kisumu,Panadol,malaria,261,0.4
2024-05-20,Kisumu,Kisumu,Panadol,malaria,382,0.4
2024-05-27,Kisumu,Kisumu,Panadol,malaria,442,0.4
2024-06-03,Kisumu,Kisumu,Panadol,malaria,461,0.4
2024-06-10,Kisumu,Kisumu,Panadol,malaria,437,0.4
2024-06-17,Kisumu,Kisumu,Panadol,malaria,396,0.4
2024-06-24,Kisumu,Kisumu,Panadol,malaria,468,0.4
2024-07-01,Kisumu,Kisumu,Panadol,malaria,527,0.4
2024-07-08,Kisumu,Kisumu,Panadol,malaria,426,0.4
2024-07-15,Kisumu,Kisumu,Panadol,malaria,281,0.4
2024-07-22,Kisumu,Kisumu,Panadol,malaria,277,0.4
2024-07-29,Kisumu,Kisumu,Panadol,malaria,365,0.4
2024-08-05,Kisumu,Kisumu,Panadol,malaria,358,0.4
2024-08-12,Kisumu,Kisumu,Panadol,malaria,477,0.4
2024-08-19,Kisumu,Kisumu,Panadol,malaria,505,0.4
2024-08-26,Kisumu,Kisumu,Panadol,malaria,425,0.4
2024-09-02,Kisumu,Kisumu,Panadol,malaria,528,0.4
2024-09-09,Kisumu,Kisumu,Panadol,malaria,506,0.4
2024-09-16,Kisumu,Kisumu,Panadol,malaria,480,0.4
2024-09-23,Kisumu,Kisumu,Panadol,malaria,400,0.4
2024-09-30,Kisumu,Kisumu,Panadol,malaria,214,0.4
2024-10-07,Kisumu,Kisumu,Panadol,malaria,297,0.4
2024-10-14,Kisumu,Kisumu,Panadol,malaria,445,0.4
2024-10-21,Kisumu,Kisumu,Panadol,malaria,503,0.4
2024-10-28,Kisumu,Kisumu,Panadol,malaria,540,0.4
2024-11-04,Kisumu,Kisumu,Panadol,malaria,809,0.4
2024-11-11,Kisumu,Kisumu,Panadol,malaria,544,0.4
2024-11-18,Kisumu,Kisumu,Panadol,malaria,546,0.4
2024-11-25,Kisumu,Kisumu,Panadol,malaria,472,0.4
2024-12-02,Kisumu,Kisumu,Panadol,malaria,379,0.4
2024-12-09,Kisumu,Kisumu,Panadol,malaria,257,0.4
2024-12-16,Kisumu,Kisumu,Panadol,malaria,384,0.4
2024-12-23,Kisumu,Kisumu,Panadol,malaria,365,0.4
2024-12-30,Kisumu,Kisumu,Panadol,malaria,333,0.4
2023-01-02,Kisumu,Kisumu,Flagyl,gi,105,0.85
2023-01-09,Kisumu,Kisumu,Flagyl,gi,82,0.85
2023-01-16,Kisumu,Kisumu,Flagyl,gi,143,0.85
2023-01-23,Kisumu,Kisumu,Flagyl,gi,122,0.85
2023-01-30,Kisumu,Kisumu,Flagyl,gi,159,0.85
2023-02-06,Kisumu,Kisumu,Flagyl,gi,129,0.85
2023-02-13,Kisumu,Kisumu,Flagyl,gi,118,0.85
2023-02-20,Kisumu,Kisumu,Flagyl,gi,92,0.85
2023-02-27,Kisumu,Kisumu,Flagyl,gi,88,0.85
2023-03-06,Kisumu,Kisumu,Flagyl,gi,89,0.85
2023-03-13,Kisumu,Kisumu,Flagyl,gi,80,0.85
2023-03-20,Kisumu,Kisumu,Flagyl,gi,80,0.85
2023-03-27,Kisumu,Kisumu,Flagyl,gi,109,0.85
2023-04-03,Kisumu,Kisumu,Flagyl,gi,149,0.85
2023-04-10,Kisumu,Kisumu,Flagyl,gi,170,0.85
2023-04-17,Kisumu,Kisumu,Flagyl,gi,119,0.85
2023-04-24,Kisumu,Kisumu,Flagyl,gi,96,0.85
2023-05-01,Kisumu,Kisumu,Flagyl,gi,108,0.85
2023-05-08,Kisumu,Kisumu,Flagyl,gi,102,0.85
2023-05-15,Kisumu,Kisumu,Flagyl,gi,91,0.85
2023-05-22,Kisumu,Kisumu,Flagyl,gi,131,0.85
2023-05-29,Kisumu,Kisumu,Flagyl,gi,117,0.85
2023-06-05,Kisumu,Kisumu,Flagyl,gi,156,0.85
2023-06-12,Kisumu,Kisumu,Flagyl,gi,123,0.85
2023-06-19,Kisumu,Kisumu,Flagyl,gi,252,0.85
2023-06-26,Kisumu,Kisumu,Flagyl,gi,222,0.85
2023-07-03,Kisumu,Kisumu,Flagyl,gi,207,0.85
2023-07-10,Kisumu,Kisumu,Flagyl,gi,202,0.85
2023-07-17,Kisumu,Kisumu,Flagyl,gi,176,0.85
2023-07-24,Kisumu,Kisumu,Flagyl,gi,141,0.85
2023-07-31,Kisumu,Kisumu,Flagyl,gi,91,0.85
2023-08-07,Kisumu,Kisumu,Flagyl,gi,132,0.85
2023-08-14,Kisumu,Kisumu,Flagyl,gi,164,0.85
2023-08-21,Kisumu,Kisumu,Flagyl,gi,122,0.85
2023-08-28,Kisumu,Kisumu,Flagyl,gi,128,0.85
2023-09-04,Kisumu,Kisumu,Flagyl,gi,142,0.85
2023-09-11,Kisumu,Kisumu,Flagyl,gi,184,0.85
2023-09-18,Kisumu,Kisumu,Flagyl,gi,115,0.85
2023-09-25,Kisumu,Kisumu,Flagyl,gi,114,0.85
2023-10-02,Kisumu,Kisumu,Flagyl,gi,103,0.85
2023-10-09,Kisumu,Kisumu,Flagyl,gi,105,0.85
2023-10-16,Kisumu,Kisumu,Flagyl,gi,129,0.85
2023-10-23,Kisumu,Kisumu,Flagyl,gi,136,0.85
2023-10-30,Kisumu,Kisumu,Flagyl,gi,152,0.85
2023-11-06,Kisumu,Kisumu,Flagyl,gi,114,0.85
2023-11-13,Kisumu,Kisumu,Flagyl,gi,136,0.85
2023-11-20,Kisumu,Kisumu,Flagyl,gi,134,0.85
2023-11-27,Kisumu,Kisumu,Flagyl,gi,122,0.85
2023-12-04,Kisumu,Kisumu,Flagyl,gi,117,0.85
2023-12-11,Kisumu,Kisumu,Flagyl,gi,90,0.85
2023-12-18,Kisumu,Kisumu,Flagyl,gi,82,0.85
2023-12-25,Kisumu,Kisumu,Flagyl,gi,124,0.85
2024-01-01,Kisumu,Kisumu,Flagyl,gi,86,0.85
2024-01-08,Kisumu,Kisumu,Flagyl,gi,102,0.85
2024-01-15,Kisumu,Kisumu,Flagyl,gi,117,0.85
2024-01-22,Kisumu,Kisumu,Flagyl,gi,130,0.85
2024-01-29,Kisumu,Kisumu,Flagyl,gi,103,0.85
2024-02-05,Kisumu,Kisumu,Flagyl,gi,459,0.85
2024-02-12,Kisumu,Kisumu,Flagyl,gi,307,0.85
2024-02-19,Kisumu,Kisumu,Flagyl,gi,418,0.85
2024-02-26,Kisumu,Kisumu,Flagyl,gi,246,0.85
2024-03-04,Kisumu,Kisumu,Flagyl,gi,614,0.85
2024-03-11,Kisumu,Kisumu,Flagyl,gi,1007,0.85
2024-03-18,Kisumu,Kisumu,Flagyl,gi,288,0.85
2024-03-25,Kisumu,Kisumu,Flagyl,gi,359,0.85
2024-04-01,Kisumu,Kisumu,Flagyl,gi,540,0.85
2024-04-08,Kisumu,Kisumu,Flagyl,gi,489,0.85
2024-04-15,Kisumu,Kisumu,Flagyl,gi,216,0.85
2024-04-22,Kisumu,Kisumu,Flagyl,gi,83,0.85
2024-04-29,Kisumu,Kisumu,Flagyl,gi,137,0.85
2024-05-06,Kisumu,Kisumu,Flagyl,gi,128,0.85
2024-05-13,Kisumu,Kisumu,Flagyl,gi,105,0.85
2024-05-20,Kisumu,Kisumu,Flagyl,gi,90,0.85
2024-05-27,Kisumu,Kisumu,Flagyl,gi,120,0.85
2024-06-03,Kisumu,Kisumu,Flagyl,gi,134,0.85
2024-06-10,Kisumu,Kisumu,Flagyl,gi,102,0.85
2024-06-17,Kisumu,Kisumu,Flagyl,gi,138,0.85
2024-06-24,Kisumu,Kisumu,Flagyl,gi,153,0.85
2024-07-01,Kisumu,Kisumu,Flagyl,gi,139,0.85
2024-07-08,Kisumu,Kisumu,Flagyl,gi,95,0.85
2024-07-15,Kisumu,Kisumu,Flagyl,gi,87,0.85
2024-07-22,Kisumu,Kisumu,Flagyl,gi,94,0.85
2024-07-29,Kisumu,Kisumu,Flagyl,gi,109,0.85
2024-08-05,Kisumu,Kisumu,Flagyl,gi,75,0.85
2024-08-12,Kisumu,Kisumu,Flagyl,gi,79,0.85
2024-08-19,Kisumu,Kisumu,Flagyl,gi,130,0.85
2024-08-26,Kisumu,Kisumu,Flagyl,gi,123,0.85
2024-09-02,Kisumu,Kisumu,Flagyl,gi,126,0.85
2024-09-09,Kisumu,Kisumu,Flagyl,gi,117,0.85
2024-09-16,Kisumu,Kisumu,Flagyl,gi,130,0.85
2024-09-23,Kisumu,Kisumu,Flagyl,gi,101,0.85
2024-09-30,Kisumu,Kisumu,Flagyl,gi,87,0.85
2024-10-07,Kisumu,Kisumu,Flagyl,gi,80,0.85
2024-10-14,Kisumu,Kisumu,Flagyl,gi,56,0.85
2024-10-21,Kisumu,Kisumu,Flagyl,gi,146,0.85
2024-10-28,Kisumu,Kisumu,Flagyl,gi,174,0.85
2024-11-04,Kisumu,Kisumu,Flagyl,gi,127,0.85
2024-11-11,Kisumu,Kisumu,Flagyl,gi,137,0.85
2024-11-18,Kisumu,Kisumu,Flagyl,gi,131,0.85
2024-11-25,Kisumu,Kisumu,Flagyl,gi,142,0.85
2024-12-02,Kisumu,Kisumu,Flagyl,gi,113,0.85
2024-12-09,Kisumu,Kisumu,Flagyl,gi,90,0.85
2024-12-16,Kisumu,Kisumu,Flagyl,gi,100,0.85
2024-12-23,Kisumu,Kisumu,Flagyl,gi,115,0.85
2024-12-30,Kisumu,Kisumu,Flagyl,gi,78,0.85
2023-01-02,Kisumu,Kisumu,ORS,gi,156,0.8
2023-01-09,Kisumu,Kisumu,ORS,gi,148,0.8
2023-01-16,Kisumu,Kisumu,ORS,gi,164,0.8
2023-01-23,Kisumu,Kisumu,ORS,gi,196,0.8
2023-01-30,Kisumu,Kisumu,ORS,gi,217,0.8
2023-02-06,Kisumu,Kisumu,ORS,gi,230,0.8
2023-02-13,Kisumu,Kisumu,ORS,gi,254,0.8
2023-02-20,Kisumu,Kisumu,ORS,gi,214,0.8
2023-02-27,Kisumu,Kisumu,ORS,gi,162,0.8
2023-03-06,Kisumu,Kisumu,ORS,gi,140,0.8
2023-03-13,Kisumu,Kisumu,ORS,gi,141,0.8
2023-03-20,Kisumu,Kisumu,ORS,gi,189,0.8
2023-03-27,Kisumu,Kisumu,ORS,gi,199,0.8
2023-04-03,Kisumu,Kisumu,ORS,gi,231,0.8
2023-04-10,Kisumu,Kisumu,ORS,gi,196,0.8
2023-04-17,Kisumu,Kisumu,ORS,gi,237,0.8
2023-04-24,Kisumu,Kisumu,ORS,gi,256,0.8
2023-05-01,Kisumu,Kisumu,ORS,gi,186,0.8
2023-05-08,Kisumu,Kisumu,ORS,gi,176,0.8
2023-05-15,Kisumu,Kisumu,ORS,gi,154,0.8
2023-05-22,Kisumu,Kisumu,ORS,gi,156,0.8
2023-05-29,Kisumu,Kisumu,ORS,gi,196,0.8
2023-06-05,Kisumu,Kisumu,ORS,gi,208,0.8
2023-06-12,Kisumu,Kisumu,ORS,gi,223,0.8
2023-06-19,Kisumu,Kisumu,ORS,gi,198,0.8
2023-06-26,Kisumu,Kisumu,ORS,gi,221,0.8
2023-07-03,Kisumu,Kisumu,ORS,gi,223,0.8
2023-07-10,Kisumu,Kisumu,ORS,gi,231,0.8
2023-07-17,Kisumu,Kisumu,ORS,gi,190,0.8
2023-07-24,Kisumu,Kisumu,ORS,gi,185,0.8
2023-07-31,Kisumu,Kisumu,ORS,gi,147,0.8
2023-08-07,Kisumu,Kisumu,ORS,gi,214,0.8
2023-08-14,Kisumu,Kisumu,ORS,gi,214,0.8
2023-08-21,Kisumu,Kisumu,ORS,gi,292,0.8
2023-08-28,Kisumu,Kisumu,ORS,gi,197,0.8
2023-09-04,Kisumu,Kisumu,ORS,gi,192,0.8
2023-09-11,Kisumu,Kisumu,ORS,gi,189,0.8
2023-09-18,Kisumu,Kisumu,ORS,gi,129,0.8
2023-09-25,Kisumu,Kisumu,ORS,gi,153,0.8
2023-10-02,Kisumu,Kisumu,ORS,gi,124,0.8
2023-10-09,Kisumu,Kisumu,ORS,gi,170,0.8
2023-10-16,Kisumu,Kisumu,ORS,gi,199,0.8
2023-10-23,Kisumu,Kisumu,ORS,gi,266,0.8
2023-10-30,Kisumu,Kisumu,ORS,gi,251,0.8
2023-11-06,Kisumu,Kisumu,ORS,gi,205,0.8
2023-11-13,Kisumu,Kisumu,ORS,gi,190,0.8
2023-11-20,Kisumu,Kisumu,ORS,gi,223,0.8
2023-11-27,Kisumu,Kisumu,ORS,gi,152,0.8
2023-12-04,Kisumu,Kisumu,ORS,gi,212,0.8
2023-12-11,Kisumu,Kisumu,ORS,gi,499,0.8
2023-12-18,Kisumu,Kisumu,ORS,gi,467,0.8
2023-12-25,Kisumu,Kisumu,ORS,gi,426,0.8
2024-01-01,Kisumu,Kisumu,ORS,gi,604,0.8
2024-01-08,Kisumu,Kisumu,ORS,gi,563,0.8
2024-01-15,Kisumu,Kisumu,ORS,gi,746,0.8
2024-01-22,Kisumu,Kisumu,ORS,gi,167,0.8
2024-01-29,Kisumu,Kisumu,ORS,gi,204,0.8
2024-02-05,Kisumu,Kisumu,ORS,gi,220,0.8
2024-02-12,Kisumu,Kisumu,ORS,gi,209,0.8
2024-02-19,Kisumu,Kisumu,ORS,gi,177,0.8
2024-02-26,Kisumu,Kisumu,ORS,gi,181,0.8
2024-03-04,Kisumu,Kisumu,ORS,gi,118,0.8
2024-03-11,Kisumu,Kisumu,ORS,gi,162,0.8
2024-03-18,Kisumu,Kisumu,ORS,gi,193,0.8
2024-03-25,Kisumu,Kisumu,ORS,gi,224,0.8
2024-04-01,Kisumu,Kisumu,ORS,gi,421,0.8
2024-04-08,Kisumu,Kisumu,ORS,gi,322,0.8
2024-04-15,Kisumu,Kisumu,ORS,gi,293,0.8
2024-04-22,Kisumu,Kisumu,ORS,gi,429,0.8
2024-04-29,Kisumu,Kisumu,ORS,gi,344,0.8
2024-05-06,Kisumu,Kisumu,ORS,gi,255,0.8
2024-05-13,Kisumu,Kisumu,ORS,gi,173,0.8
2024-05-20,Kisumu,Kisumu,ORS,gi,169,0.8
2024-05-27,Kisumu,Kisumu,ORS,gi,223,0.8
2024-06-03,Kisumu,Kisumu,ORS,gi,210,0.8
2024-06-10,Kisumu,Kisumu,ORS,gi,288,0.8
2024-06-17,Kisumu,Kisumu,ORS,gi,283,0.8
2024-06-24,Kisumu,Kisumu,ORS,gi,212,0.8
2024-07-01,Kisumu,Kisumu,ORS,gi,238,0.8
2024-07-08,Kisumu,Kisumu,ORS,gi,208,0.8
2024-07-15,Kisumu,Kisumu,ORS,gi,200,0.8
2024-07-22,Kisumu,Kisumu,ORS,gi,120,0.8
2024-07-29,Kisumu,Kisumu,ORS,gi,183,0.8
2024-08-05,Kisumu,Kisumu,ORS,gi,219,0.8
2024-08-12,Kisumu,Kisumu,ORS,gi,153,0.8
2024-08-19,Kisumu,Kisumu,ORS,gi,181,0.8
2024-08-26,Kisumu,Kisumu,ORS,gi,155,0.8
2024-09-02,Kisumu,Kisumu,ORS,gi,211,0.8
2024-09-09,Kisumu,Kisumu,ORS,gi,230,0.8
2024-09-16,Kisumu,Kisumu,ORS,gi,232,0.8
2024-09-23,Kisumu,Kisumu,ORS,gi,168,0.8
2024-09-30,Kisumu,Kisumu,ORS,gi,174,0.8
2024-10-07,Kisumu,Kisumu,ORS,gi,132,0.8
2024-10-14,Kisumu,Kisumu,ORS,gi,141,0.8
2024-10-21,Kisumu,Kisumu,ORS,gi,206,0.8
2024-10-28,Kisumu,Kisumu,ORS,gi,233,0.8
2024-11-04,Kisumu,Kisumu,ORS,gi,223,0.8
2024-11-11,Kisumu,Kisumu,ORS,gi,152,0.8
2024-11-18,Kisumu,Kisumu,ORS,gi,205,0.8
2024-11-25,Kisumu,Kisumu,ORS,gi,152,0.8
2024-12-02,Kisumu,Kisumu,ORS,gi,183,0.8
2024-12-09,Kisumu,Kisumu,ORS,gi,148,0.8
2024-12-16,Kisumu,Kisumu,ORS,gi,143,0.8
2024-12-23,Kisumu,Kisumu,ORS,gi,175,0.8
2024-12-30,Kisumu,Kisumu,ORS,gi,140,0.8
2023-01-02,Kisumu,Kisumu,Imodium,gi,60,0.7
2023-01-09,Kisumu,Kisumu,Imodium,gi,69,0.7
2023-01-16,Kisumu,Kisumu,Imodium,gi,94,0.7
2023-01-23,Kisumu,Kisumu,Imodium,gi,92,0.7
2023-01-30,Kisumu,Kisumu,Imodium,gi,68,0.7
2023-02-06,Kisumu,Kisumu,Imodium,gi,107,0.7
2023-02-13,Kisumu,Kisumu,Imodium,gi,76,0.7
2023-02-20,Kisumu,Kisumu,Imodium,gi,70,0.7
2023-02-27,Kisumu,Kisumu,Imodium,gi,74,0.7
2023-03-06,Kisumu,Kisumu,Imodium,gi,54,0.7
2023-03-13,Kisumu,Kisumu,Imodium,gi,76,0.7
2023-03-20,Kisumu,Kisumu,Imodium,gi,110,0.7
2023-03-27,Kisumu,Kisumu,Imodium,gi,88,0.7
2023-04-03,Kisumu,Kisumu,Imodium,gi,83,0.7
2023-04-10,Kisumu,Kisumu,Imodium,gi,104,0.7
2023-04-17,Kisumu,Kisumu,Imodium,gi,87,0.7
2023-04-24,Kisumu,Kisumu,Imodium,gi,94,0.7
2023-05-01,Kisumu,Kisumu,Imodium,gi,89,0.7
2023-05-08,Kisumu,Kisumu,Imodium,gi,217,0.7
2023-05-15,Kisumu,Kisumu,Imodium,gi,185,0.7
2023-05-22,Kisumu,Kisumu,Imodium,gi,224,0.7
2023-05-29,Kisumu,Kisumu,Imodium,gi,308,0.7
2023-06-05,Kisumu,Kisumu,Imodium,gi,262,0.7
2023-06-12,Kisumu,Kisumu,Imodium,gi,294,0.7
2023-06-19,Kisumu,Kisumu,Imodium,gi,114,0.7
2023-06-26,Kisumu,Kisumu,Imodium,gi,106,0.7
2023-07-03,Kisumu,Kisumu,Imodium,gi,89,0.7
2023-07-10,Kisumu,Kisumu,Imodium,gi,97,0.7
2023-07-17,Kisumu,Kisumu,Imodium,gi,65,0.7
2023-07-24,Kisumu,Kisumu,Imodium,gi,61,0.7
2023-07-31,Kisumu,Kisumu,Imodium,gi,66,0.7
2023-08-07,Kisumu,Kisumu,Imodium,gi,93,0.7
2023-08-14,Kisumu,Kisumu,Imodium,gi,110,0.7
2023-08-21,Kisumu,Kisumu,Imodium,gi,102,0.7
2023-08-28,Kisumu,Kisumu,Imodium,gi,102,0.7
2023-09-04,Kisumu,Kisumu,Imodium,gi,86,0.7
2023-09-11,Kisumu,Kisumu,Imodium,gi,84,0.7
2023-09-18,Kisumu,Kisumu,Imodium,gi,70,0.7
2023-09-25,Kisumu,Kisumu,Imodium,gi,50,0.7
2023-10-02,Kisumu,Kisumu,Imodium,gi,59,0.7
2023-10-09,Kisumu,Kisumu,Imodium,gi,71,0.7
2023-10-16,Kisumu,Kisumu,Imodium,gi,113,0.7
2023-10-23,Kisumu,Kisumu,Imodium,gi,116,0.7
2023-10-30,Kisumu,Kisumu,Imodium,gi,107,0.7
2023-11-06,Kisumu,Kisumu,Imodium,gi,132,0.7
2023-11-13,Kisumu,Kisumu,Imodium,gi,120,0.7
2023-11-20,Kisumu,Kisumu,Imodium,gi,65,0.7
2023-11-27,Kisumu,Kisumu,Imodium,gi,99,0.7
2023-12-04,Kisumu,Kisumu,Imodium,gi,83,0.7
2023-12-11,Kisumu,Kisumu,Imodium,gi,60,0.7
2023-12-18,Kisumu,Kisumu,Imodium,gi,59,0.7
2023-12-25,Kisumu,Kisumu,Imodium,gi,93,0.7
2024-01-01,Kisumu,Kisumu,Imodium,gi,51,0.7
2024-01-08,Kisumu,Kisumu,Imodium,gi,85,0.7
2024-01-15,Kisumu,Kisumu,Imodium,gi,85,0.7
2024-01-22,Kisumu,Kisumu,Imodium,gi,80,0.7
2024-01-29,Kisumu,Kisumu,Imodium,gi,119,0.7
2024-02-05,Kisumu,Kisumu,Imodium,gi,98,0.7
2024-02-12,Kisumu,Kisumu,Imodium,gi,96,0.7
2024-02-19,Kisumu,Kisumu,Imodium,gi,97,0.7
2024-02-26,Kisumu,Kisumu,Imodium,gi,142,0.7
2024-03-04,Kisumu,Kisumu,Imodium,gi,128,0.7
2024-03-11,Kisumu,Kisumu,Imodium,gi,160,0.7
2024-03-18,Kisumu,Kisumu,Imodium,gi,176,0.7
2024-03-25,Kisumu,Kisumu,Imodium,gi,186,0.7
2024-04-01,Kisumu,Kisumu,Imodium,gi,239,0.7
2024-04-08,Kisumu,Kisumu,Imodium,gi,120,0.7
2024-04-15,Kisumu,Kisumu,Imodium,gi,98,0.7
2024-04-22,Kisumu,Kisumu,Imodium,gi,81,0.7
2024-04-29,Kisumu,Kisumu,Imodium,gi,93,0.7
2024-05-06,Kisumu,Kisumu,Imodium,gi,77,0.7
2024-05-13,Kisumu,Kisumu,Imodium,gi,79,0.7
2024-05-20,Kisumu,Kisumu,Imodium,gi,86,0.7
2024-05-27,Kisumu,Kisumu,Imodium,gi,95,0.7
2024-06-03,Kisumu,Kisumu,Imodium,gi,94,0.7
2024-06-10,Kisumu,Kisumu,Imodium,gi,86,0.7
2024-06-17,Kisumu,Kisumu,Imodium,gi,98,0.7
2024-06-24,Kisumu,Kisumu,Imodium,gi,106,0.7
2024-07-01,Kisumu,Kisumu,Imodium,gi,69,0.7
2024-07-08,Kisumu,Kisumu,Imodium,gi,101,0.7
2024-07-15,Kisumu,Kisumu,Imodium,gi,98,0.7
2024-07-22,Kisumu,Kisumu,Imodium,gi,45,0.7
2024-07-29,Kisumu,Kisumu,Imodium,gi,59,0.7
2024-08-05,Kisumu,Kisumu,Imodium,gi,88,0.7
2024-08-12,Kisumu,Kisumu,Imodium,gi,85,0.7
2024-08-19,Kisumu,Kisumu,Imodium,gi,103,0.7
2024-08-26,Kisumu,Kisumu,Imodium,gi,100,0.7
2024-09-02,Kisumu,Kisumu,Imodium,gi,84,0.7
2024-09-09,Kisumu,Kisumu,Imodium,gi,112,0.7
2024-09-16,Kisumu,Kisumu,Imodium,gi,91,0.7
2024-09-23,Kisumu,Kisumu,Imodium,gi,68,0.7
2024-09-30,Kisumu,Kisumu,Imodium,gi,77,0.7
2024-10-07,Kisumu,Kisumu,Imodium,gi,218,0.7
2024-10-14,Kisumu,Kisumu,Imodium,gi,219,0.7
2024-10-21,Kisumu,Kisumu,Imodium,gi,304,0.7
2024-10-28,Kisumu,Kisumu,Imodium,gi,776,0.7
2024-11-04,Kisumu,Kisumu,Imodium,gi,810,0.7
2024-11-11,Kisumu,Kisumu,Imodium,gi,814,0.7
2024-11-18,Kisumu,Kisumu,Imodium,gi,238,0.7
2024-11-25,Kisumu,Kisumu,Imodium,gi,215,0.7
2024-12-02,Kisumu,Kisumu,Imodium,gi,161,0.7
2024-12-09,Kisumu,Kisumu,Imodium,gi,57,0.7
2024-12-16,Kisumu,Kisumu,Imodium,gi,83,0.7
2024-12-23,Kisumu,Kisumu,Imodium,gi,88,0.7
2024-12-30,Kisumu,Kisumu,Imodium,gi,84,0.7
2023-01-02,Kisumu,Kisumu,Septrin,respiratory,33,0.8
2023-01-09,Kisumu,Kisumu,Septrin,respiratory,58,0.8
2023-01-16,Kisumu,Kisumu,Septrin,respiratory,34,0.8
2023-01-23,Kisumu,Kisumu,Septrin,respiratory,37,0.8
2023-01-30,Kisumu,Kisumu,Septrin,respiratory,34,0.8
2023-02-06,Kisumu,Kisumu,Septrin,respiratory,49,0.8
2023-02-13,Kisumu,Kisumu,Septrin,respiratory,64,0.8
2023-02-20,Kisumu,Kisumu,Septrin,respiratory,73,0.8
2023-02-27,Kisumu,Kisumu,Septrin,respiratory,58,0.8
2023-03-06,Kisumu,Kisumu,Septrin,respiratory,55,0.8
2023-03-13,Kisumu,Kisumu,Septrin,respiratory,66,0.8
2023-03-20,Kisumu,Kisumu,Septrin,respiratory,80,0.8
2023-03-27,Kisumu,Kisumu,Septrin,respiratory,74,0.8
2023-04-03,Kisumu,Kisumu,Septrin,respiratory,209,0.8
2023-04-10,Kisumu,Kisumu,Septrin,respiratory,136,0.8
2023-04-17,Kisumu,Kisumu,Septrin,respiratory,154,0.8
2023-04-24,Kisumu,Kisumu,Septrin,respiratory,157,0.8
2023-05-01,Kisumu,Kisumu,Septrin,respiratory,127,0.8
2023-05-08,Kisumu,Kisumu,Septrin,respiratory,145,0.8
2023-05-15,Kisumu,Kisumu,Septrin,respiratory,49,0.8
2023-05-22,Kisumu,Kisumu,Septrin,respiratory,39,0.8
2023-05-29,Kisumu,Kisumu,Septrin,respiratory,56,0.8
2023-06-05,Kisumu,Kisumu,Septrin,respiratory,45,0.8
2023-06-12,Kisumu,Kisumu,Septrin,respiratory,46,0.8
2023-06-19,Kisumu,Kisumu,Septrin,respiratory,39,0.8
2023-06-26,Kisumu,Kisumu,Septrin,respiratory,48,0.8
2023-07-03,Kisumu,Kisumu,Septrin,respiratory,43,0.8
2023-07-10,Kisumu,Kisumu,Septrin,respiratory,71,0.8
2023-07-17,Kisumu,Kisumu,Septrin,respiratory,103,0.8
2023-07-24,Kisumu,Kisumu,Septrin,respiratory,65,0.8
2023-07-31,Kisumu,Kisumu,Septrin,respiratory,108,0.8
2023-08-07,Kisumu,Kisumu,Septrin,respiratory,85,0.8
2023-08-14,Kisumu,Kisumu,Septrin,respiratory,59,0.8
2023-08-21,Kisumu,Kisumu,Septrin,respiratory,55,0.8
2023-08-28,Kisumu,Kisumu,Septrin,respiratory,44,0.8
2023-09-04,Kisumu,Kisumu,Septrin,respiratory,57,0.8
2023-09-11,Kisumu,Kisumu,Septrin,respiratory,48,0.8
2023-09-18,Kisumu,Kisumu,Septrin,respiratory,131,0.8
2023-09-25,Kisumu,Kisumu,Septrin,respiratory,117,0.8
2023-10-02,Kisumu,Kisumu,Septrin,respiratory,253,0.8
2023-10-09,Kisumu,Kisumu,Septrin,respiratory,270,0.8
2023-10-16,Kisumu,Kisumu,Septrin,respiratory,242,0.8
2023-10-23,Kisumu,Kisumu,Septrin,respiratory,201,0.8
2023-10-30,Kisumu,Kisumu,Septrin,respiratory,117,0.8
2023-11-06,Kisumu,Kisumu,Septrin,respiratory,81,0.8
2023-11-13,Kisumu,Kisumu,Septrin,respiratory,53,0.8
2023-11-20,Kisumu,Kisumu,Septrin,respiratory,59,0.8
2023-11-27,Kisumu,Kisumu,Septrin,respiratory,77,0.8
2023-12-04,Kisumu,Kisumu,Septrin,respiratory,93,0.8
2023-12-11,Kisumu,Kisumu,Septrin,respiratory,90,0.8
2023-12-18,Kisumu,Kisumu,Septrin,respiratory,83,0.8
2023-12-25,Kisumu,Kisumu,Septrin,respiratory,64,0.8
2024-01-01,Kisumu,Kisumu,Septrin,respiratory,44,0.8
2024-01-08,Kisumu,Kisumu,Septrin,respiratory,43,0.8
2024-01-15,Kisumu,Kisumu,Septrin,respiratory,42,0.8
2024-01-22,Kisumu,Kisumu,Septrin,respiratory,42,0.8
2024-01-29,Kisumu,Kisumu,Septrin,respiratory,42,0.8
2024-02-05,Kisumu,Kisumu,Septrin,respiratory,51,0.8
2024-02-12,Kisumu,Kisumu,Septrin,respiratory,73,0.8
2024-02-19,Kisumu,Kisumu,Septrin,respiratory,59,0.8
2024-02-26,Kisumu,Kisumu,Septrin,respiratory,67,0.8
2024-03-04,Kisumu,Kisumu,Septrin,respiratory,58,0.8
2024-03-11,Kisumu,Kisumu,Septrin,respiratory,91,0.8
2024-03-18,Kisumu,Kisumu,Septrin,respiratory,62,0.8
2024-03-25,Kisumu,Kisumu,Septrin,respiratory,70,0.8
2024-04-01,Kisumu,Kisumu,Septrin,respiratory,59,0.8
2024-04-08,Kisumu,Kisumu,Septrin,respiratory,54,0.8
2024-04-15,Kisumu,Kisumu,Septrin,respiratory,44,0.8
2024-04-22,Kisumu,Kisumu,Septrin,respiratory,39,0.8
2024-04-29,Kisumu,Kisumu,Septrin,respiratory,34,0.8
2024-05-06,Kisumu,Kisumu,Septrin,respiratory,26,0.8
2024-05-13,Kisumu,Kisumu,Septrin,respiratory,46,0.8
2024-05-20,Kisumu,Kisumu,Septrin,respiratory,50,0.8
2024-05-27,Kisumu,Kisumu,Septrin,respiratory,48,0.8
2024-06-03,Kisumu,Kisumu,Septrin,respiratory,35,0.8
2024-06-10,Kisumu,Kisumu,Septrin,respiratory,52,0.8
2024-06-17,Kisumu,Kisumu,Septrin,respiratory,40,0.8
2024-06-24,Kisumu,Kisumu,Septrin,respiratory,47,0.8
2024-07-01,Kisumu,Kisumu,Septrin,respiratory,57,0.8
2024-07-08,Kisumu,Kisumu,Septrin,respiratory,71,0.8
2024-07-15,Kisumu,Kisumu,Septrin,respiratory,58,0.8
2024-07-22,Kisumu,Kisumu,Septrin,respiratory,76,0.8
2024-07-29,Kisumu,Kisumu,Septrin,respiratory,80,0.8
2024-08-05,Kisumu,Kisumu,Septrin,respiratory,82,0.8
2024-08-12,Kisumu,Kisumu,Septrin,respiratory,65,0.8
2024-08-19,Kisumu,Kisumu,Septrin,respiratory,44,0.8
2024-08-26,Kisumu,Kisumu,Septrin,respiratory,46,0.8
2024-09-02,Kisumu,Kisumu,Septrin,respiratory,38,0.8
2024-09-09,Kisumu,Kisumu,Septrin,respiratory,37,0.8
2024-09-16,Kisumu,Kisumu,Septrin,respiratory,36,0.8
2024-09-23,Kisumu,Kisumu,Septrin,respiratory,32,0.8
2024-09-30,Kisumu,Kisumu,Septrin,respiratory,41,0.8
2024-10-07,Kisumu,Kisumu,Septrin,respiratory,53,0.8
2024-10-14,Kisumu,Kisumu,Septrin,respiratory,60,0.8
2024-10-21,Kisumu,Kisumu,Septrin,respiratory,41,0.8
2024-10-28,Kisumu,Kisumu,Septrin,respiratory,52,0.8
2024-11-04,Kisumu,Kisumu,Septrin,respiratory,42,0.8
2024-11-11,Kisumu,Kisumu,Septrin,respiratory,41,0.8
2024-11-18,Kisumu,Kisumu,Septrin,respiratory,70,0.8
2024-11-25,Kisumu,Kisumu,Septrin,respiratory,73,0.8
2024-12-02,Kisumu,Kisumu,Septrin,respiratory,95,0.8
2024-12-09,Kisumu,Kisumu,Septrin,respiratory,59,0.8
2024-12-16,Kisumu,Kisumu,Septrin,respiratory,106,0.8
2024-12-23,Kisumu,Kisumu,Septrin,respiratory,87,0.8
2024-12-30,Kisumu,Kisumu,Septrin,respiratory,45,0.8
2023-01-02,Kisumu,Kisumu,Amoxicillin,respiratory,37,0.75
2023-01-09,Kisumu,Kisumu,Amoxicillin,respiratory,26,0.75
2023-01-16,Kisumu,Kisumu,Amoxicillin,respiratory,69,0.75
2023-01-23,Kisumu,Kisumu,Amoxicillin,respiratory,72,0.75
2023-01-30,Kisumu,Kisumu,Amoxicillin,respiratory,78,0.75
2023-02-06,Kisumu,Kisumu,Amoxicillin,respiratory,78,0.75
2023-02-13,Kisumu,Kisumu,Amoxicillin,respiratory,101,0.75
2023-02-20,Kisumu,Kisumu,Amoxicillin,respiratory,340,0.75
2023-02-27,Kisumu,Kisumu,Amoxicillin,respiratory,146,0.75
2023-03-06,Kisumu,Kisumu,Amoxicillin,respiratory,149,0.75
2023-03-13,Kisumu,Kisumu,Amoxicillin,respiratory,166,0.75
2023-03-20,Kisumu,Kisumu,Amoxicillin,respiratory,151,0.75
2023-03-27,Kisumu,Kisumu,Amoxicillin,respiratory,149,0.75
2023-04-03,Kisumu,Kisumu,Amoxicillin,respiratory,34,0.75
2023-04-10,Kisumu,Kisumu,Amoxicillin,respiratory,31,0.75
2023-04-17,Kisumu,Kisumu,Amoxicillin,respiratory,32,0.75
2023-04-24,Kisumu,Kisumu,Amoxicillin,respiratory,37,0.75
2023-05-01,Kisumu,Kisumu,Amoxicillin,respiratory,28,0.75
2023-05-08,Kisumu,Kisumu,Amoxicillin,respiratory,34,0.75
2023-05-15,Kisumu,Kisumu,Amoxicillin,respiratory,34,0.75
2023-05-22,Kisumu,Kisumu,Amoxicillin,respiratory,41,0.75
2023-05-29,Kisumu,Kisumu,Amoxicillin,respiratory,28,0.75
2023-06-05,Kisumu,Kisumu,Amoxicillin,respiratory,30,0.75
2023-06-12,Kisumu,Kisumu,Amoxicillin,respiratory,28,0.75
2023-06-19,Kisumu,Kisumu,Amoxicillin,respiratory,25,0.75
2023-06-26,Kisumu,Kisumu,Amoxicillin,respiratory,51,0.75
2023-07-03,Kisumu,Kisumu,Amoxicillin,respiratory,38,0.75
2023-07-10,Kisumu,Kisumu,Amoxicillin,respiratory,45,0.75
2023-07-17,Kisumu,Kisumu,Amoxicillin,respiratory,66,0.75
2023-07-24,Kisumu,Kisumu,Amoxicillin,respiratory,41,0.75
2023-07-31,Kisumu,Kisumu,Amoxicillin,respiratory,61,0.75
2023-08-07,Kisumu,Kisumu,Amoxicillin,respiratory,41,0.75
2023-08-14,Kisumu,Kisumu,Amoxicillin,respiratory,55,0.75
2023-08-21,Kisumu,Kisumu,Amoxicillin,respiratory,27,0.75
2023-08-28,Kisumu,Kisumu,Amoxicillin,respiratory,24,0.75
2023-09-04,Kisumu,Kisumu,Amoxicillin,respiratory,30,0.75
2023-09-11,Kisumu,Kisumu,Amoxicillin,respiratory,38,0.75
2023-09-18,Kisumu,Kisumu,Amoxicillin,respiratory,33,0.75
2023-09-25,Kisumu,Kisumu,Amoxicillin,respiratory,31,0.75
2023-10-02,Kisumu,Kisumu,Amoxicillin,respiratory,40,0.75
2023-10-09,Kisumu,Kisumu,Amoxicillin,respiratory,44,0.75
2023-10-16,Kisumu,Kisumu,Amoxicillin,respiratory,36,0.75
2023-10-23,Kisumu,Kisumu,Amoxicillin,respiratory,30,0.75
2023-10-30,Kisumu,Kisumu,Amoxicillin,respiratory,31,0.75
2023-11-06,Kisumu,Kisumu,Amoxicillin,respiratory,27,0.75
2023-11-13,Kisumu,Kisumu,Amoxicillin,respiratory,41,0.75
2023-11-20,Kisumu,Kisumu,Amoxicillin,respiratory,35,0.75
2023-11-27,Kisumu,Kisumu,Amoxicillin,respiratory,56,0.75
2023-12-04,Kisumu,Kisumu,Amoxicillin,respiratory,72,0.75
2023-12-11,Kisumu,Kisumu,Amoxicillin,respiratory,62,0.75
2023-12-18,Kisumu,Kisumu,Amoxicillin,respiratory,51,0.75
2023-12-25,Kisumu,Kisumu,Amoxicillin,respiratory,56,0.75
2024-01-01,Kisumu,Kisumu,Amoxicillin,respiratory,41,0.75
2024-01-08,Kisumu,Kisumu,Amoxicillin,respiratory,41,0.75
2024-01-15,Kisumu,Kisumu,Amoxicillin,respiratory,28,0.75
2024-01-22,Kisumu,Kisumu,Amoxicillin,respiratory,36,0.75
2024-01-29,Kisumu,Kisumu,Amoxicillin,respiratory,32,0.75
2024-02-05,Kisumu,Kisumu,Amoxicillin,respiratory,45,0.75
2024-02-12,Kisumu,Kisumu,Amoxicillin,respiratory,49,0.75
2024-02-19,Kisumu,Kisumu,Amoxicillin,respiratory,33,0.75
2024-02-26,Kisumu,Kisumu,Amoxicillin,respiratory,52,0.75
2024-03-04,Kisumu,Kisumu,Amoxicillin,respiratory,58,0.75
2024-03-11,Kisumu,Kisumu,Amoxicillin,respiratory,43,0.75
2024-03-18,Kisumu,Kisumu,Amoxicillin,respiratory,56,0.75
2024-03-25,Kisumu,Kisumu,Amoxicillin,respiratory,36,0.75
2024-04-01,Kisumu,Kisumu,Amoxicillin,respiratory,35,0.75
2024-04-08,Kisumu,Kisumu,Amoxicillin,respiratory,40,0.75
2024-04-15,Kisumu,Kisumu,Amoxicillin,respiratory,29,0.75
2024-04-22,Kisumu,Kisumu,Amoxicillin,respiratory,36,0.75
2024-04-29,Kisumu,Kisumu,Amoxicillin,respiratory,24,0.75
2024-05-06,Kisumu,Kisumu,Amoxicillin,respiratory,43,0.75
2024-05-13,Kisumu,Kisumu,Amoxicillin,respiratory,31,0.75
2024-05-20,Kisumu,Kisumu,Amoxicillin,respiratory,33,0.75
2024-05-27,Kisumu,Kisumu,Amoxicillin,respiratory,34,0.75
2024-06-03,Kisumu,Kisumu,Amoxicillin,respiratory,36,0.75
2024-06-10,Kisumu,Kisumu,Amoxicillin,respiratory,25,0.75
2024-06-17,Kisumu,Kisumu,Amoxicillin,respiratory,33,0.75
2024-06-24,Kisumu,Kisumu,Amoxicillin,respiratory,36,0.75
2024-07-01,Kisumu,Kisumu,Amoxicillin,respiratory,35,0.75
2024-07-08,Kisumu,Kisumu,Amoxicillin,respiratory,59,0.75
2024-07-15,Kisumu,Kisumu,Amoxicillin,respiratory,52,0.75
2024-07-22,Kisumu,Kisumu,Amoxicillin,respiratory,58,0.75
2024-07-29,Kisumu,Kisumu,Amoxicillin,respiratory,56,0.75
2024-08-05,Kisumu,Kisumu,Amoxicillin,respiratory,49,0.75
2024-08-12,Kisumu,Kisumu,Amoxicillin,respiratory,60,0.75
2024-08-19,Kisumu,Kisumu,Amoxicillin,respiratory,40,0.75
2024-08-26,Kisumu,Kisumu,Amoxicillin,respiratory,25,0.75
2024-09-02,Kisumu,Kisumu,Amoxicillin,respiratory,31,0.75
2024-09-09,Kisumu,Kisumu,Amoxicillin,respiratory,35,0.75
2024-09-16,Kisumu,Kisumu,Amoxicillin,respiratory,36,0.75
2024-09-23,Kisumu,Kisumu,Amoxicillin,respiratory,28,0.75
2024-09-30,Kisumu,Kisumu,Amoxicillin,respiratory,38,0.75
2024-10-07,Kisumu,Kisumu,Amoxicillin,respiratory,24,0.75
2024-10-14,Kisumu,Kisumu,Amoxicillin,respiratory,39,0.75
2024-10-21,Kisumu,Kisumu,Amoxicillin,respiratory,26,0.75
2024-10-28,Kisumu,Kisumu,Amoxicillin,respiratory,32,0.75
2024-11-04,Kisumu,Kisumu,Amoxicillin,respiratory,38,0.75
2024-11-11,Kisumu,Kisumu,Amoxicillin,respiratory,41,0.75
2024-11-18,Kisumu,Kisumu,Amoxicillin,respiratory,52,0.75
2024-11-25,Kisumu,Kisumu,Amoxicillin,respiratory,56,0.75
2024-12-02,Kisumu,Kisumu,Amoxicillin,respiratory,66,0.75
2024-12-09,Kisumu,Kisumu,Amoxicillin,respiratory,65,0.75
2024-12-16,Kisumu,Kisumu,Amoxicillin,respiratory,51,0.75
2024-12-23,Kisumu,Kisumu,Amoxicillin,respiratory,57,0.75
2024-12-30,Kisumu,Kisumu,Amoxicillin,respiratory,25,0.75
2023-01-02,Kisumu,Kisumu,Piriton,respiratory,39,0.5
2023-01-09,Kisumu,Kisumu,Piriton,respiratory,44,0.5
2023-01-16,Kisumu,Kisumu,Piriton,respiratory,40,0.5
2023-01-23,Kisumu,Kisumu,Piriton,respiratory,42,0.5
2023-01-30,Kisumu,Kisumu,Piriton,respiratory,38,0.5
2023-02-06,Kisumu,Kisumu,Piriton,respiratory,55,0.5
2023-02-13,Kisumu,Kisumu,Piriton,respiratory,54,0.5
2023-02-20,Kisumu,Kisumu,Piriton,respiratory,57,0.5
2023-02-27,Kisumu,Kisumu,Piriton,respiratory,74,0.5
2023-03-06,Kisumu,Kisumu,Piriton,respiratory,133,0.5
2023-03-13,Kisumu,Kisumu,Piriton,respiratory,177,0.5
2023-03-20,Kisumu,Kisumu,Piriton,respiratory,131,0.5
2023-03-27,Kisumu,Kisumu,Piriton,respiratory,167,0.5
2023-04-03,Kisumu,Kisumu,Piriton,respiratory,116,0.5
2023-04-10,Kisumu,Kisumu,Piriton,respiratory,101,0.5
2023-04-17,Kisumu,Kisumu,Piriton,respiratory,41,0.5
2023-04-24,Kisumu,Kisumu,Piriton,respiratory,52,0.5
2023-05-01,Kisumu,Kisumu,Piriton,respiratory,66,0.5
2023-05-08,Kisumu,Kisumu,Piriton,respiratory,85,0.5
2023-05-15,Kisumu,Kisumu,Piriton,respiratory,83,0.5
2023-05-22,Kisumu,Kisumu,Piriton,respiratory,77,0.5
2023-05-29,Kisumu,Kisumu,Piriton,respiratory,59,0.5
2023-06-05,Kisumu,Kisumu,Piriton,respiratory,42,0.5
2023-06-12,Kisumu,Kisumu,Piriton,respiratory,43,0.5
2023-06-19,Kisumu,Kisumu,Piriton,respiratory,39,0.5
2023-06-26,Kisumu,Kisumu,Piriton,respiratory,93,0.5
2023-07-03,Kisumu,Kisumu,Piriton,respiratory,82,0.5
2023-07-10,Kisumu,Kisumu,Piriton,respiratory,94,0.5
2023-07-17,Kisumu,Kisumu,Piriton,respiratory,68,0.5
2023-07-24,Kisumu,Kisumu,Piriton,respiratory,125,0.5
2023-07-31,Kisumu,Kisumu,Piriton,respiratory,113,0.5
2023-08-07,Kisumu,Kisumu,Piriton,respiratory,46,0.5
2023-08-14,Kisumu,Kisumu,Piriton,respiratory,41,0.5
2023-08-21,Kisumu,Kisumu,Piriton,respiratory,41,0.5
2023-08-28,Kisumu,Kisumu,Piriton,respiratory,44,0.5
2023-09-04,Kisumu,Kisumu,Piriton,respiratory,37,0.5
2023-09-11,Kisumu,Kisumu,Piriton,respiratory,34,0.5
2023-09-18,Kisumu,Kisumu,Piriton,respiratory,33,0.5
2023-09-25,Kisumu,Kisumu,Piriton,respiratory,33,0.5
2023-10-02,Kisumu,Kisumu,Piriton,respiratory,28,0.5
2023-10-09,Kisumu,Kisumu,Piriton,respiratory,32,0.5
2023-10-16,Kisumu,Kisumu,Piriton,respiratory,33,0.5
2023-10-23,Kisumu,Kisumu,Piriton,respiratory,43,0.5
2023-10-30,Kisumu,Kisumu,Piriton,respiratory,38,0.5
2023-11-06,Kisumu,Kisumu,Piriton,respiratory,34,0.5
2023-11-13,Kisumu,Kisumu,Piriton,respiratory,64,0.5
2023-11-20,Kisumu,Kisumu,Piriton,respiratory,50,0.5
2023-11-27,Kisumu,Kisumu,Piriton,respiratory,72,0.5
2023-12-04,Kisumu,Kisumu,Piriton,respiratory,81,0.5
2023-12-11,Kisumu,Kisumu,Piriton,respiratory,51,0.5
2023-12-18,Kisumu,Kisumu,Piriton,respiratory,66,0.5
2023-12-25,Kisumu,Kisumu,Piriton,respiratory,56,0.5
2024-01-01,Kisumu,Kisumu,Piriton,respiratory,35,0.5
2024-01-08,Kisumu,Kisumu,Piriton,respiratory,42,0.5
2024-01-15,Kisumu,Kisumu,Piriton,respiratory,35,0.5
2024-01-22,Kisumu,Kisumu,Piriton,respiratory,36,0.5
2024-01-29,Kisumu,Kisumu,Piriton,respiratory,38,0.5
2024-02-05,Kisumu,Kisumu,Piriton,respiratory,45,0.5
2024-02-12,Kisumu,Kisumu,Piriton,respiratory,45,0.5
2024-02-19,Kisumu,Kisumu,Piriton,respiratory,68,0.5
2024-02-26,Kisumu,Kisumu,Piriton,respiratory,75,0.5
2024-03-04,Kisumu,Kisumu,Piriton,respiratory,70,0.5
2024-03-11,Kisumu,Kisumu,Piriton,respiratory,61,0.5
2024-03-18,Kisumu,Kisumu,Piriton,respiratory,55,0.5
2024-03-25,Kisumu,Kisumu,Piriton,respiratory,49,0.5
2024-04-01,Kisumu,Kisumu,Piriton,respiratory,64,0.5
2024-04-08,Kisumu,Kisumu,Piriton,respiratory,44,0.5
2024-04-15,Kisumu,Kisumu,Piriton,respiratory,34,0.5
2024-04-22,Kisumu,Kisumu,Piriton,respiratory,40,0.5
2024-04-29,Kisumu,Kisumu,Piriton,respiratory,37,0.5
2024-05-06,Kisumu,Kisumu,Piriton,respiratory,42,0.5
2024-05-13,Kisumu,Kisumu,Piriton,respiratory,42,0.5
2024-05-20,Kisumu,Kisumu,Piriton,respiratory,45,0.5
2024-05-27,Kisumu,Kisumu,Piriton,respiratory,34,0.5
2024-06-03,Kisumu,Kisumu,Piriton,respiratory,40,0.5
2024-06-10,Kisumu,Kisumu,Piriton,respiratory,29,0.5
2024-06-17,Kisumu,Kisumu,Piriton,respiratory,32,0.5
2024-06-24,Kisumu,Kisumu,Piriton,respiratory,54,0.5
2024-07-01,Kisumu,Kisumu,Piriton,respiratory,47,0.5
2024-07-08,Kisumu,Kisumu,Piriton,respiratory,53,0.5
2024-07-15,Kisumu,Kisumu,Piriton,respiratory,65,0.5
2024-07-22,Kisumu,Kisumu,Piriton,respiratory,73,0.5
2024-07-29,Kisumu,Kisumu,Piriton,respiratory,55,0.5
2024-08-05,Kisumu,Kisumu,Piriton,respiratory,29,0.5
2024-08-12,Kisumu,Kisumu,Piriton,respiratory,48,0.5
2024-08-19,Kisumu,Kisumu,Piriton,respiratory,56,0.5
2024-08-26,Kisumu,Kisumu,Piriton,respiratory,41,0.5
2024-09-02,Kisumu,Kisumu,Piriton,respiratory,47,0.5
2024-09-09,Kisumu,Kisumu,Piriton,respiratory,32,0.5
2024-09-16,Kisumu,Kisumu,Piriton,respiratory,29,0.5
2024-09-23,Kisumu,Kisumu,Piriton,respiratory,42,0.5
2024-09-30,Kisumu,Kisumu,Piriton,respiratory,40,0.5
2024-10-07,Kisumu,Kisumu,Piriton,respiratory,41,0.5
2024-10-14,Kisumu,Kisumu,Piriton,respiratory,44,0.5
2024-10-21,Kisumu,Kisumu,Piriton,respiratory,41,0.5
2024-10-28,Kisumu,Kisumu,Piriton,respiratory,41,0.5
2024-11-04,Kisumu,Kisumu,Piriton,respiratory,43,0.5
2024-11-11,Kisumu,Kisumu,Piriton,respiratory,51,0.5
2024-11-18,Kisumu,Kisumu,Piriton,respiratory,62,0.5
2024-11-25,Kisumu,Kisumu,Piriton,respiratory,70,0.5
2024-12-02,Kisumu,Kisumu,Piriton,respiratory,80,0.5
2024-12-09,Kisumu,Kisumu,Piriton,respiratory,60,0.5
2024-12-16,Kisumu,Kisumu,Piriton,respiratory,70,0.5
2024-12-23,Kisumu,Kisumu,Piriton,respiratory,58,0.5
2024-12-30,Kisumu,Kisumu,Piriton,respiratory,34,0.5
2023-01-02,Vihiga,Vihiga,Coartem,malaria,56,0.95
2023-01-09,Vihiga,Vihiga,Coartem,malaria,128,0.95
2023-01-16,Vihiga,Vihiga,Coartem,malaria,194,0.95
2023-01-23,Vihiga,Vihiga,Coartem,malaria,189,0.95
2023-01-30,Vihiga,Vihiga,Coartem,malaria,210,0.95
2023-02-06,Vihiga,Vihiga,Coartem,malaria,196,0.95
2023-02-13,Vihiga,Vihiga,Coartem,malaria,201,0.95
2023-02-20,Vihiga,Vihiga,Coartem,malaria,58,0.95
2023-02-27,Vihiga,Vihiga,Coartem,malaria,48,0.95
2023-03-06,Vihiga,Vihiga,Coartem,malaria,47,0.95
2023-03-13,Vihiga,Vihiga,Coartem,malaria,55,0.95
2023-03-20,Vihiga,Vihiga,Coartem,malaria,55,0.95
2023-03-27,Vihiga,Vihiga,Coartem,malaria,63,0.95
2023-04-03,Vihiga,Vihiga,Coartem,malaria,80,0.95
2023-04-10,Vihiga,Vihiga,Coartem,malaria,82,0.95
2023-04-17,Vihiga,Vihiga,Coartem,malaria,68,0.95
2023-04-24,Vihiga,Vihiga,Coartem,malaria,67,0.95
2023-05-01,Vihiga,Vihiga,Coartem,malaria,78,0.95
2023-05-08,Vihiga,Vihiga,Coartem,malaria,47,0.95
2023-05-15,Vihiga,Vihiga,Coartem,malaria,51,0.95
2023-05-22,Vihiga,Vihiga,Coartem,malaria,60,0.95
2023-05-29,Vihiga,Vihiga,Coartem,malaria,77,0.95
2023-06-05,Vihiga,Vihiga,Coartem,malaria,63,0.95
2023-06-12,Vihiga,Vihiga,Coartem,malaria,72,0.95
2023-06-19,Vihiga,Vihiga,Coartem,malaria,71,0.95
2023-06-26,Vihiga,Vihiga,Coartem,malaria,87,0.95
2023-07-03,Vihiga,Vihiga,Coartem,malaria,63,0.95
2023-07-10,Vihiga,Vihiga,Coartem,malaria,68,0.95
2023-07-17,Vihiga,Vihiga,Coartem,malaria,56,0.95
2023-07-24,Vihiga,Vihiga,Coartem,malaria,40,0.95
2023-07-31,Vihiga,Vihiga,Coartem,malaria,61,0.95
2023-08-07,Vihiga,Vihiga,Coartem,malaria,62,0.95
2023-08-14,Vihiga,Vihiga,Coartem,malaria,78,0.95
2023-08-21,Vihiga,Vihiga,Coartem,malaria,69,0.95
2023-08-28,Vihiga,Vihiga,Coartem,malaria,68,0.95
2023-09-04,Vihiga,Vihiga,Coartem,malaria,82,0.95
2023-09-11,Vihiga,Vihiga,Coartem,malaria,74,0.95
2023-09-18,Vihiga,Vihiga,Coartem,malaria,63,0.95
2023-09-25,Vihiga,Vihiga,Coartem,malaria,90,0.95
2023-10-02,Vihiga,Vihiga,Coartem,malaria,92,0.95
2023-10-09,Vihiga,Vihiga,Coartem,malaria,79,0.95
2023-10-16,Vihiga,Vihiga,Coartem,malaria,94,0.95
2023-10-23,Vihiga,Vihiga,Coartem,malaria,147,0.95
2023-10-30,Vihiga,Vihiga,Coartem,malaria,156,0.95
2023-11-06,Vihiga,Vihiga,Coartem,malaria,80,0.95
2023-11-13,Vihiga,Vihiga,Coartem,malaria,71,0.95
2023-11-20,Vihiga,Vihiga,Coartem,malaria,74,0.95
2023-11-27,Vihiga,Vihiga,Coartem,malaria,77,0.95
2023-12-04,Vihiga,Vihiga,Coartem,malaria,70,0.95
2023-12-11,Vihiga,Vihiga,Coartem,malaria,30,0.95
2023-12-18,Vihiga,Vihiga,Coartem,malaria,48,0.95
2023-12-25,Vihiga,Vihiga,Coartem,malaria,57,0.95
2024-01-01,Vihiga,Vihiga,Coartem,malaria,64,0.95
2024-01-08,Vihiga,Vihiga,Coartem,malaria,38,0.95
2024-01-15,Vihiga,Vihiga,Coartem,malaria,74,0.95
2024-01-22,Vihiga,Vihiga,Coartem,malaria,71,0.95
2024-01-29,Vihiga,Vihiga,Coartem,malaria,95,0.95
2024-02-05,Vihiga,Vihiga,Coartem,malaria,91,0.95
2024-02-12,Vihiga,Vihiga,Coartem,malaria,73,0.95
2024-02-19,Vihiga,Vihiga,Coartem,malaria,47,0.95
2024-02-26,Vihiga,Vihiga,Coartem,malaria,47,0.95
2024-03-04,Vihiga,Vihiga,Coartem,malaria,37,0.95
2024-03-11,Vihiga,Vihiga,Coartem,malaria,41,0.95
2024-03-18,Vihiga,Vihiga,Coartem,malaria,72,0.95
2024-03-25,Vihiga,Vihiga,Coartem,malaria,54,0.95
2024-04-01,Vihiga,Vihiga,Coartem,malaria,96,0.95
2024-04-08,Vihiga,Vihiga,Coartem,malaria,98,0.95
2024-04-15,Vihiga,Vihiga,Coartem,malaria,70,0.95
2024-04-22,Vihiga,Vihiga,Coartem,malaria,73,0.95
2024-04-29,Vihiga,Vihiga,Coartem,malaria,60,0.95
2024-05-06,Vihiga,Vihiga,Coartem,malaria,58,0.95
2024-05-13,Vihiga,Vihiga,Coartem,malaria,48,0.95
2024-05-20,Vihiga,Vihiga,Coartem,malaria,53,0.95
2024-05-27,Vihiga,Vihiga,Coartem,malaria,65,0.95
2024-06-03,Vihiga,Vihiga,Coartem,malaria,63,0.95
2024-06-10,Vihiga,Vihiga,Coartem,malaria,79,0.95
2024-06-17,Vihiga,Vihiga,Coartem,malaria,78,0.95
2024-06-24,Vihiga,Vihiga,Coartem,malaria,64,0.95
2024-07-01,Vihiga,Vihiga,Coartem,malaria,69,0.95
2024-07-08,Vihiga,Vihiga,Coartem,malaria,58,0.95
2024-07-15,Vihiga,Vihiga,Coartem,malaria,46,0.95
2024-07-22,Vihiga,Vihiga,Coartem,malaria,33,0.95
2024-07-29,Vihiga,Vihiga,Coartem,malaria,52,0.95
2024-08-05,Vihiga,Vihiga,Coartem,malaria,54,0.95
2024-08-12,Vihiga,Vihiga,Coartem,malaria,64,0.95
2024-08-19,Vihiga,Vihiga,Coartem,malaria,86,0.95
2024-08-26,Vihiga,Vihiga,Coartem,malaria,83,0.95
2024-09-02,Vihiga,Vihiga,Coartem,malaria,63,0.95
2024-09-09,Vihiga,Vihiga,Coartem,malaria,73,0.95
2024-09-16,Vihiga,Vihiga,Coartem,malaria,62,0.95
2024-09-23,Vihiga,Vihiga,Coartem,malaria,64,0.95
2024-09-30,Vihiga,Vihiga,Coartem,malaria,48,0.95
2024-10-07,Vihiga,Vihiga,Coartem,malaria,79,0.95
2024-10-14,Vihiga,Vihiga,Coartem,malaria,139,0.95
2024-10-21,Vihiga,Vihiga,Coartem,malaria,166,0.95
2024-10-28,Vihiga,Vihiga,Coartem,malaria,162,0.95
2024-11-04,Vihiga,Vihiga,Coartem,malaria,145,0.95
2024-11-11,Vihiga,Vihiga,Coartem,malaria,204,0.95
2024-11-18,Vihiga,Vihiga,Coartem,malaria,76,0.95
2024-11-25,Vihiga,Vihiga,Coartem,malaria,79,0.95
2024-12-02,Vihiga,Vihiga,Coartem,malaria,61,0.95
2024-12-09,Vihiga,Vihiga,Coartem,malaria,43,0.95
2024-12-16,Vihiga,Vihiga,Coartem,malaria,47,0.95
2024-12-23,Vihiga,Vihiga,Coartem,malaria,61,0.95
2024-12-30,Vihiga,Vihiga,Coartem,malaria,49,0.95
2023-01-02,Vihiga,Vihiga,Panadol,malaria,157,0.4
2023-01-09,Vihiga,Vihiga,Panadol,malaria,194,0.4
2023-01-16,Vihiga,Vihiga,Panadol,malaria,239,0.4
2023-01-23,Vihiga,Vihiga,Panadol,malaria,304,0.4
2023-01-30,Vihiga,Vihiga,Panadol,malaria,333,0.4
2023-02-06,Vihiga,Vihiga,Panadol,malaria,402,0.4
2023-02-13,Vihiga,Vihiga,Panadol,malaria,255,0.4
2023-02-20,Vihiga,Vihiga,Panadol,malaria,197,0.4
2023-02-27,Vihiga,Vihiga,Panadol,malaria,213,0.4
2023-03-06,Vihiga,Vihiga,Panadol,malaria,125,0.4
2023-03-13,Vihiga,Vihiga,Panadol,malaria,208,0.4
2023-03-20,Vihiga,Vihiga,Panadol,malaria,423,0.4
2023-03-27,Vihiga,Vihiga,Panadol,malaria,1263,0.4
2023-04-03,Vihiga,Vihiga,Panadol,malaria,1530,0.4
2023-04-10,Vihiga,Vihiga,Panadol,malaria,1324,0.4
2023-04-17,Vihiga,Vihiga,Panadol,malaria,1499,0.4
2023-04-24,Vihiga,Vihiga,Panadol,malaria,1385,0.4
2023-05-01,Vihiga,Vihiga,Panadol,malaria,391,0.4
2023-05-08,Vihiga,Vihiga,Panadol,malaria,524,0.4
2023-05-15,Vihiga,Vihiga,Panadol,malaria,363,0.4
2023-05-22,Vihiga,Vihiga,Panadol,malaria,788,0.4
2023-05-29,Vihiga,Vihiga,Panadol,malaria,714,0.4
2023-06-05,Vihiga,Vihiga,Panadol,malaria,1038,0.4
2023-06-12,Vihiga,Vihiga,Panadol,malaria,665,0.4
2023-06-19,Vihiga,Vihiga,Panadol,malaria,261,0.4
2023-06-26,Vihiga,Vihiga,Panadol,malaria,312,0.4
2023-07-03,Vihiga,Vihiga,Panadol,malaria,266,0.4
2023-07-10,Vihiga,Vihiga,Panadol,malaria,248,0.4
2023-07-17,Vihiga,Vihiga,Panadol,malaria,156,0.4
2023-07-24,Vihiga,Vihiga,Panadol,malaria,181,0.4
2023-07-31,Vihiga,Vihiga,Panadol,malaria,214,0.4
2023-08-07,Vihiga,Vihiga,Panadol,malaria,243,0.4
2023-08-14,Vihiga,Vihiga,Panadol,malaria,233,0.4
2023-08-21,Vihiga,Vihiga,Panadol,malaria,292,0.4
2023-08-28,Vihiga,Vihiga,Panadol,malaria,273,0.4
2023-09-04,Vihiga,Vihiga,Panadol,malaria,209,0.4
2023-09-11,Vihiga,Vihiga,Panadol,malaria,257,0.4
2023-09-18,Vihiga,Vihiga,Panadol,malaria,224,0.4
2023-09-25,Vihiga,Vihiga,Panadol,malaria,222,0.4
2023-10-02,Vihiga,Vihiga,Panadol,malaria,100,0.4
2023-10-09,Vihiga,Vihiga,Panadol,malaria,198,0.4
2023-10-16,Vihiga,Vihiga,Panadol,malaria,190,0.4
2023-10-23,Vihiga,Vihiga,Panadol,malaria,272,0.4
2023-10-30,Vihiga,Vihiga,Panadol,malaria,294,0.4
2023-11-06,Vihiga,Vihiga,Panadol,malaria,281,0.4
2023-11-13,Vihiga,Vihiga,Panadol,malaria,312,0.4
2023-11-20,Vihiga,Vihiga,Panadol,malaria,211,0.4
2023-11-27,Vihiga,Vihiga,Panadol,malaria,267,0.4
2023-12-04,Vihiga,Vihiga,Panadol,malaria,171,0.4
2023-12-11,Vihiga,Vihiga,Panadol,malaria,115,0.4
2023-12-18,Vihiga,Vihiga,Panadol,malaria,184,0.4
2023-12-25,Vihiga,Vihiga,Panadol,malaria,157,0.4
2024-01-01,Vihiga,Vihiga,Panadol,malaria,199,0.4
2024-01-08,Vihiga,Vihiga,Panadol,malaria,220,0.4
2024-01-15,Vihiga,Vihiga,Panadol,malaria,307,0.4
2024-01-22,Vihiga,Vihiga,Panadol,malaria,305,0.4
2024-01-29,Vihiga,Vihiga,Panadol,malaria,225,0.4
2024-02-05,Vihiga,Vihiga,Panadol,malaria,243,0.4
2024-02-12,Vihiga,Vihiga,Panadol,malaria,279,0.4
2024-02-19,Vihiga,Vihiga,Panadol,malaria,258,0.4
2024-02-26,Vihiga,Vihiga,Panadol,malaria,227,0.4
2024-03-04,Vihiga,Vihiga,Panadol,malaria,177,0.4
2024-03-11,Vihiga,Vihiga,Panadol,malaria,189,0.4
2024-03-18,Vihiga,Vihiga,Panadol,malaria,242,0.4
2024-03-25,Vihiga,Vihiga,Panadol,malaria,310,0.4
2024-04-01,Vihiga,Vihiga,Panadol,malaria,266,0.4
2024-04-08,Vihiga,Vihiga,Panadol,malaria,301,0.4
2024-04-15,Vihiga,Vihiga,Panadol,malaria,265,0.4
2024-04-22,Vihiga,Vihiga,Panadol,malaria,238,0.4
2024-04-29,Vihiga,Vihiga,Panadol,malaria,231,0.4
2024-05-06,Vihiga,Vihiga,Panadol,malaria,172,0.4
2024-05-13,Vihiga,Vihiga,Panadol,malaria,147,0.4
2024-05-20,Vihiga,Vihiga,Panadol,malaria,162,0.4
2024-05-27,Vihiga,Vihiga,Panadol,malaria,223,0.4
2024-06-03,Vihiga,Vihiga,Panadol,malaria,277,0.4
2024-06-10,Vihiga,Vihiga,Panadol,malaria,254,0.4
2024-06-17,Vihiga,Vihiga,Panadol,malaria,285,0.4
2024-06-24,Vihiga,Vihiga,Panadol,malaria,284,0.4
2024-07-01,Vihiga,Vihiga,Panadol,malaria,277,0.4
2024-07-08,Vihiga,Vihiga,Panadol,malaria,225,0.4
2024-07-15,Vihiga,Vihiga,Panadol,malaria,223,0.4
2024-07-22,Vihiga,Vihiga,Panadol,malaria,103,0.4
2024-07-29,Vihiga,Vihiga,Panadol,malaria,276,0.4
2024-08-05,Vihiga,Vihiga,Panadol,malaria,199,0.4
2024-08-12,Vihiga,Vihiga,Panadol,malaria,275,0.4
2024-08-19,Vihiga,Vihiga,Panadol,malaria,239,0.4
2024-08-26,Vihiga,Vihiga,Panadol,malaria,313,0.4
2024-09-02,Vihiga,Vihiga,Panadol,malaria,290,0.4
2024-09-09,Vihiga,Vihiga,Panadol,malaria,234,0.4
2024-09-16,Vihiga,Vihiga,Panadol,malaria,266,0.4
2024-09-23,Vihiga,Vihiga,Panadol,malaria,187,0.4
2024-09-30,Vihiga,Vihiga,Panadol,malaria,162,0.4
2024-10-07,Vihiga,Vihiga,Panadol,malaria,165,0.4
2024-10-14,Vihiga,Vihiga,Panadol,malaria,228,0.4
2024-10-21,Vihiga,Vihiga,Panadol,malaria,337,0.4
2024-10-28,Vihiga,Vihiga,Panadol,malaria,319,0.4
2024-11-04,Vihiga,Vihiga,Panadol,malaria,298,0.4
2024-11-11,Vihiga,Vihiga,Panadol,malaria,260,0.4
2024-11-18,Vihiga,Vihiga,Panadol,malaria,262,0.4
2024-11-25,Vihiga,Vihiga,Panadol,malaria,236,0.4
2024-12-02,Vihiga,Vihiga,Panadol,malaria,205,0.4
2024-12-09,Vihiga,Vihiga,Panadol,malaria,126,0.4
2024-12-16,Vihiga,Vihiga,Panadol,malaria,211,0.4
2024-12-23,Vihiga,Vihiga,Panadol,malaria,192,0.4
2024-12-30,Vihiga,Vihiga,Panadol,malaria,239,0.4
2023-01-02,Vihiga,Vihiga,Flagyl,gi,98,0.85
2023-01-09,Vihiga,Vihiga,Flagyl,gi,94,0.85
2023-01-16,Vihiga,Vihiga,Flagyl,gi,112,0.85
2023-01-23,Vihiga,Vihiga,Flagyl,gi,137,0.85
2023-01-30,Vihiga,Vihiga,Flagyl,gi,125,0.85
2023-02-06,Vihiga,Vihiga,Flagyl,gi,119,0.85
2023-02-13,Vihiga,Vihiga,Flagyl,gi,80,0.85
2023-02-20,Vihiga,Vihiga,Flagyl,gi,84,0.85
2023-02-27,Vihiga,Vihiga,Flagyl,gi,99,0.85
2023-03-06,Vihiga,Vihiga,Flagyl,gi,78,0.85
2023-03-13,Vihiga,Vihiga,Flagyl,gi,95,0.85
2023-03-20,Vihiga,Vihiga,Flagyl,gi,107,0.85
2023-03-27,Vihiga,Vihiga,Flagyl,gi,128,0.85
2023-04-03,Vihiga,Vihiga,Flagyl,gi,109,0.85
2023-04-10,Vihiga,Vihiga,Flagyl,gi,117,0.85
2023-04-17,Vihiga,Vihiga,Flagyl,gi,96,0.85
2023-04-24,Vihiga,Vihiga,Flagyl,gi,86,0.85
2023-05-01,Vihiga,Vihiga,Flagyl,gi,73,0.85
2023-05-08,Vihiga,Vihiga,Flagyl,gi,74,0.85
2023-05-15,Vihiga,Vihiga,Flagyl,gi,89,0.85
2023-05-22,Vihiga,Vihiga,Flagyl,gi,65,0.85
2023-05-29,Vihiga,Vihiga,Flagyl,gi,93,0.85
2023-06-05,Vihiga,Vihiga,Flagyl,gi,86,0.85
2023-06-12,Vihiga,Vihiga,Flagyl,gi,103,0.85
2023-06-19,Vihiga,Vihiga,Flagyl,gi,118,0.85
2023-06-26,Vihiga,Vihiga,Flagyl,gi,101,0.85
2023-07-03,Vihiga,Vihiga,Flagyl,gi,124,0.85
2023-07-10,Vihiga,Vihiga,Flagyl,gi,120,0.85
2023-07-17,Vihiga,Vihiga,Flagyl,gi,57,0.85
2023-07-24,Vihiga,Vihiga,Flagyl,gi,65,0.85
2023-07-31,Vihiga,Vihiga,Flagyl,gi,86,0.85
2023-08-07,Vihiga,Vihiga,Flagyl,gi,114,0.85
2023-08-14,Vihiga,Vihiga,Flagyl,gi,100,0.85
2023-08-21,Vihiga,Vihiga,Flagyl,gi,113,0.85
2023-08-28,Vihiga,Vihiga,Flagyl,gi,95,0.85
2023-09-04,Vihiga,Vihiga,Flagyl,gi,87,0.85
2023-09-11,Vihiga,Vihiga,Flagyl,gi,130,0.85
2023-09-18,Vihiga,Vihiga,Flagyl,gi,71,0.85
2023-09-25,Vihiga,Vihiga,Flagyl,gi,115,0.85
2023-10-02,Vihiga,Vihiga,Flagyl,gi,80,0.85
2023-10-09,Vihiga,Vihiga,Flagyl,gi,94,0.85
2023-10-16,Vihiga,Vihiga,Flagyl,gi,106,0.85
2023-10-23,Vihiga,Vihiga,Flagyl,gi,103,0.85
2023-10-30,Vihiga,Vihiga,Flagyl,gi,120,0.85
2023-11-06,Vihiga,Vihiga,Flagyl,gi,112,0.85
2023-11-13,Vihiga,Vihiga,Flagyl,gi,122,0.85
2023-11-20,Vihiga,Vihiga,Flagyl,gi,106,0.85
2023-11-27,Vihiga,Vihiga,Flagyl,gi,84,0.85
2023-12-04,Vihiga,Vihiga,Flagyl,gi,74,0.85
2023-12-11,Vihiga,Vihiga,Flagyl,gi,61,0.85
2023-12-18,Vihiga,Vihiga,Flagyl,gi,98,0.85
2023-12-25,Vihiga,Vihiga,Flagyl,gi,88,0.85
2024-01-01,Vihiga,Vihiga,Flagyl,gi,61,0.85
2024-01-08,Vihiga,Vihiga,Flagyl,gi,103,0.85
2024-01-15,Vihiga,Vihiga,Flagyl,gi,131,0.85
2024-01-22,Vihiga,Vihiga,Flagyl,gi,126,0.85
2024-01-29,Vihiga,Vihiga,Flagyl,gi,105,0.85
2024-02-05,Vihiga,Vihiga,Flagyl,gi,86,0.85
2024-02-12,Vihiga,Vihiga,Flagyl,gi,105,0.85
2024-02-19,Vihiga,Vihiga,Flagyl,gi,95,0.85
2024-02-26,Vihiga,Vihiga,Flagyl,gi,73,0.85
2024-03-04,Vihiga,Vihiga,Flagyl,gi,78,0.85
2024-03-11,Vihiga,Vihiga,Flagyl,gi,109,0.85
2024-03-18,Vihiga,Vihiga,Flagyl,gi,101,0.85
2024-03-25,Vihiga,Vihiga,Flagyl,gi,110,0.85
2024-04-01,Vihiga,Vihiga,Flagyl,gi,311,0.85
2024-04-08,Vihiga,Vihiga,Flagyl,gi,446,0.85
2024-04-15,Vihiga,Vihiga,Flagyl,gi,358,0.85
2024-04-22,Vihiga,Vihiga,Flagyl,gi,312,0.85
2024-04-29,Vihiga,Vihiga,Flagyl,gi,315,0.85
2024-05-06,Vihiga,Vihiga,Flagyl,gi,292,0.85
2024-05-13,Vihiga,Vihiga,Flagyl,gi,74,0.85
2024-05-20,Vihiga,Vihiga,Flagyl,gi,101,0.85
2024-05-27,Vihiga,Vihiga,Flagyl,gi,103,0.85
2024-06-03,Vihiga,Vihiga,Flagyl,gi,102,0.85
2024-06-10,Vihiga,Vihiga,Flagyl,gi,120,0.85
2024-06-17,Vihiga,Vihiga,Flagyl,gi,124,0.85
2024-06-24,Vihiga,Vihiga,Flagyl,gi,91,0.85
2024-07-01,Vihiga,Vihiga,Flagyl,gi,125,0.85
2024-07-08,Vihiga,Vihiga,Flagyl,gi,93,0.85
2024-07-15,Vihiga,Vihiga,Flagyl,gi,82,0.85
2024-07-22,Vihiga,Vihiga,Flagyl,gi,80,0.85
2024-07-29,Vihiga,Vihiga,Flagyl,gi,95,0.85
2024-08-05,Vihiga,Vihiga,Flagyl,gi,87,0.85
2024-08-12,Vihiga,Vihiga,Flagyl,gi,120,0.85
2024-08-19,Vihiga,Vihiga,Flagyl,gi,104,0.85
2024-08-26,Vihiga,Vihiga,Flagyl,gi,147,0.85
2024-09-02,Vihiga,Vihiga,Flagyl,gi,99,0.85
2024-09-09,Vihiga,Vihiga,Flagyl,gi,111,0.85
2024-09-16,Vihiga,Vihiga,Flagyl,gi,185,0.85
2024-09-23,Vihiga,Vihiga,Flagyl,gi,246,0.85
2024-09-30,Vihiga,Vihiga,Flagyl,gi,127,0.85
2024-10-07,Vihiga,Vihiga,Flagyl,gi,199,0.85
2024-10-14,Vihiga,Vihiga,Flagyl,gi,187,0.85
2024-10-21,Vihiga,Vihiga,Flagyl,gi,219,0.85
2024-10-28,Vihiga,Vihiga,Flagyl,gi,121,0.85
2024-11-04,Vihiga,Vihiga,Flagyl,gi,136,0.85
2024-11-11,Vihiga,Vihiga,Flagyl,gi,141,0.85
2024-11-18,Vihiga,Vihiga,Flagyl,gi,82,0.85
2024-11-25,Vihiga,Vihiga,Flagyl,gi,101,0.85
2024-12-02,Vihiga,Vihiga,Flagyl,gi,104,0.85
2024-12-09,Vihiga,Vihiga,Flagyl,gi,54,0.85
2024-12-16,Vihiga,Vihiga,Flagyl,gi,89,0.85
2024-12-23,Vihiga,Vihiga,Flagyl,gi,97,0.85
2024-12-30,Vihiga,Vihiga,Flagyl,gi,91,0.85
2023-01-02,Vihiga,Vihiga,ORS,gi,126,0.8
2023-01-09,Vihiga,Vihiga,ORS,gi,122,0.8
2023-01-16,Vihiga,Vihiga,ORS,gi,206,0.8
2023-01-23,Vihiga,Vihiga,ORS,gi,193,0.8
2023-01-30,Vihiga,Vihiga,ORS,gi,199,0.8
2023-02-06,Vihiga,Vihiga,ORS,gi,211,0.8
2023-02-13,Vihiga,Vihiga,ORS,gi,143,0.8
2023-02-20,Vihiga,Vihiga,ORS,gi,123,0.8
2023-02-27,Vihiga,Vihiga,ORS,gi,176,0.8
2023-03-06,Vihiga,Vihiga,ORS,gi,94,0.8
2023-03-13,Vihiga,Vihiga,ORS,gi,116,0.8
2023-03-20,Vihiga,Vihiga,ORS,gi,137,0.8
2023-03-27,Vihiga,Vihiga,ORS,gi,234,0.8
2023-04-03,Vihiga,Vihiga,ORS,gi,202,0.8
2023-04-10,Vihiga,Vihiga,ORS,gi,220,0.8
2023-04-17,Vihiga,Vihiga,ORS,gi,194,0.8
2023-04-24,Vihiga,Vihiga,ORS,gi,162,0.8
2023-05-01,Vihiga,Vihiga,ORS,gi,178,0.8
2023-05-08,Vihiga,Vihiga,ORS,gi,109,0.8
2023-05-15,Vihiga,Vihiga,ORS,gi,100,0.8
2023-05-22,Vihiga,Vihiga,ORS,gi,158,0.8
2023-05-29,Vihiga,Vihiga,ORS,gi,129,0.8
2023-06-05,Vihiga,Vihiga,ORS,gi,173,0.8
2023-06-12,Vihiga,Vihiga,ORS,gi,184,0.8
2023-06-19,Vihiga,Vihiga,ORS,gi,177,0.8
2023-06-26,Vihiga,Vihiga,ORS,gi,133,0.8
2023-07-03,Vihiga,Vihiga,ORS,gi,161,0.8
2023-07-10,Vihiga,Vihiga,ORS,gi,142,0.8
2023-07-17,Vihiga,Vihiga,ORS,gi,146,0.8
2023-07-24,Vihiga,Vihiga,ORS,gi,122,0.8
2023-07-31,Vihiga,Vihiga,ORS,gi,150,0.8
2023-08-07,Vihiga,Vihiga,ORS,gi,146,0.8
2023-08-14,Vihiga,Vihiga,ORS,gi,192,0.8
2023-08-21,Vihiga,Vihiga,ORS,gi,144,0.8
2023-08-28,Vihiga,Vihiga,ORS,gi,140,0.8
2023-09-04,Vihiga,Vihiga,ORS,gi,122,0.8
2023-09-11,Vihiga,Vihiga,ORS,gi,165,0.8
2023-09-18,Vihiga,Vihiga,ORS,gi,144,0.8
2023-09-25,Vihiga,Vihiga,ORS,gi,439,0.8
2023-10-02,Vihiga,Vihiga,ORS,gi,299,0.8
2023-10-09,Vihiga,Vihiga,ORS,gi,409,0.8
2023-10-16,Vihiga,Vihiga,ORS,gi,1148,0.8
2023-10-23,Vihiga,Vihiga,ORS,gi,1008,0.8
2023-10-30,Vihiga,Vihiga,ORS,gi,1242,0.8
2023-11-06,Vihiga,Vihiga,ORS,gi,505,0.8
2023-11-13,Vihiga,Vihiga,ORS,gi,351,0.8
2023-11-20,Vihiga,Vihiga,ORS,gi,409,0.8
2023-11-27,Vihiga,Vihiga,ORS,gi,146,0.8
2023-12-04,Vihiga,Vihiga,ORS,gi,117,0.8
2023-12-11,Vihiga,Vihiga,ORS,gi,92,0.8
2023-12-18,Vihiga,Vihiga,ORS,gi,117,0.8
2023-12-25,Vihiga,Vihiga,ORS,gi,164,0.8
2024-01-01,Vihiga,Vihiga,ORS,gi,108,0.8
2024-01-08,Vihiga,Vihiga,ORS,gi,149,0.8
2024-01-15,Vihiga,Vihiga,ORS,gi,200,0.8
2024-01-22,Vihiga,Vihiga,ORS,gi,201,0.8
2024-01-29,Vihiga,Vihiga,ORS,gi,177,0.8
2024-02-05,Vihiga,Vihiga,ORS,gi,236,0.8
2024-02-12,Vihiga,Vihiga,ORS,gi,229,0.8
2024-02-19,Vihiga,Vihiga,ORS,gi,474,0.8
2024-02-26,Vihiga,Vihiga,ORS,gi,261,0.8
2024-03-04,Vihiga,Vihiga,ORS,gi,396,0.8
2024-03-11,Vihiga,Vihiga,ORS,gi,272,0.8
2024-03-18,Vihiga,Vihiga,ORS,gi,577,0.8
2024-03-25,Vihiga,Vihiga,ORS,gi,603,0.8
2024-04-01,Vihiga,Vihiga,ORS,gi,239,0.8
2024-04-08,Vihiga,Vihiga,ORS,gi,199,0.8
2024-04-15,Vihiga,Vihiga,ORS,gi,178,0.8
2024-04-22,Vihiga,Vihiga,ORS,gi,166,0.8
2024-04-29,Vihiga,Vihiga,ORS,gi,149,0.8
2024-05-06,Vihiga,Vihiga,ORS,gi,163,0.8
2024-05-13,Vihiga,Vihiga,ORS,gi,133,0.8
2024-05-20,Vihiga,Vihiga,ORS,gi,145,0.8
2024-05-27,Vihiga,Vihiga,ORS,gi,145,0.8
2024-06-03,Vihiga,Vihiga,ORS,gi,792,0.8
2024-06-10,Vihiga,Vihiga,ORS,gi,683,0.8
2024-06-17,Vihiga,Vihiga,ORS,gi,465,0.8
2024-06-24,Vihiga,Vihiga,ORS,gi,554,0.8
2024-07-01,Vihiga,Vihiga,ORS,gi,647,0.8
2024-07-08,Vihiga,Vihiga,ORS,gi,455,0.8
2024-07-15,Vihiga,Vihiga,ORS,gi,150,0.8
2024-07-22,Vihiga,Vihiga,ORS,gi,137,0.8
2024-07-29,Vihiga,Vihiga,ORS,gi,70,0.8
2024-08-05,Vihiga,Vihiga,ORS,gi,160,0.8
2024-08-12,Vihiga,Vihiga,ORS,gi,176,0.8
2024-08-19,Vihiga,Vihiga,ORS,gi,177,0.8
2024-08-26,Vihiga,Vihiga,ORS,gi,201,0.8
2024-09-02,Vihiga,Vihiga,ORS,gi,207,0.8
2024-09-09,Vihiga,Vihiga,ORS,gi,182,0.8
2024-09-16,Vihiga,Vihiga,ORS,gi,153,0.8
2024-09-23,Vihiga,Vihiga,ORS,gi,156,0.8
2024-09-30,Vihiga,Vihiga,ORS,gi,121,0.8
2024-10-07,Vihiga,Vihiga,ORS,gi,137,0.8
2024-10-14,Vihiga,Vihiga,ORS,gi,130,0.8
2024-10-21,Vihiga,Vihiga,ORS,gi,136,0.8
2024-10-28,Vihiga,Vihiga,ORS,gi,151,0.8
2024-11-04,Vihiga,Vihiga,ORS,gi,200,0.8
2024-11-11,Vihiga,Vihiga,ORS,gi,186,0.8
2024-11-18,Vihiga,Vihiga,ORS,gi,139,0.8
2024-11-25,Vihiga,Vihiga,ORS,gi,178,0.8
2024-12-02,Vihiga,Vihiga,ORS,gi,172,0.8
2024-12-09,Vihiga,Vihiga,ORS,gi,109,0.8
2024-12-16,Vihiga,Vihiga,ORS,gi,105,0.8
2024-12-23,Vihiga,Vihiga,ORS,gi,145,0.8
2024-12-30,Vihiga,Vihiga,ORS,gi,160,0.8
2023-01-02,Vihiga,Vihiga,Imodium,gi,73,0.7
2023-01-09,Vihiga,Vihiga,Imodium,gi,78,0.7
2023-01-16,Vihiga,Vihiga,Imodium,gi,91,0.7
2023-01-23,Vihiga,Vihiga,Imodium,gi,93,0.7
2023-01-30,Vihiga,Vihiga,Imodium,gi,109,0.7
2023-02-06,Vihiga,Vihiga,Imodium,gi,71,0.7
2023-02-13,Vihiga,Vihiga,Imodium,gi,85,0.7
2023-02-20,Vihiga,Vihiga,Imodium,gi,49,0.7
2023-02-27,Vihiga,Vihiga,Imodium,gi,51,0.7
2023-03-06,Vihiga,Vihiga,Imodium,gi,53,0.7
2023-03-13,Vihiga,Vihiga,Imodium,gi,68,0.7
2023-03-20,Vihiga,Vihiga,Imodium,gi,72,0.7
2023-03-27,Vihiga,Vihiga,Imodium,gi,73,0.7
2023-04-03,Vihiga,Vihiga,Imodium,gi,80,0.7
2023-04-10,Vihiga,Vihiga,Imodium,gi,104,0.7
2023-04-17,Vihiga,Vihiga,Imodium,gi,80,0.7
2023-04-24,Vihiga,Vihiga,Imodium,gi,101,0.7
2023-05-01,Vihiga,Vihiga,Imodium,gi,82,0.7
2023-05-08,Vihiga,Vihiga,Imodium,gi,68,0.7
2023-05-15,Vihiga,Vihiga,Imodium,gi,44,0.7
2023-05-22,Vihiga,Vihiga,Imodium,gi,73,0.7
2023-05-29,Vihiga,Vihiga,Imodium,gi,68,0.7
2023-06-05,Vihiga,Vihiga,Imodium,gi,66,0.7
2023-06-12,Vihiga,Vihiga,Imodium,gi,91,0.7
2023-06-19,Vihiga,Vihiga,Imodium,gi,68,0.7
2023-06-26,Vihiga,Vihiga,Imodium,gi,75,0.7
2023-07-03,Vihiga,Vihiga,Imodium,gi,80,0.7
2023-07-10,Vihiga,Vihiga,Imodium,gi,97,0.7
2023-07-17,Vihiga,Vihiga,Imodium,gi,57,0.7
2023-07-24,Vihiga,Vihiga,Imodium,gi,50,0.7
2023-07-31,Vihiga,Vihiga,Imodium,gi,71,0.7
2023-08-07,Vihiga,Vihiga,Imodium,gi,59,0.7
2023-08-14,Vihiga,Vihiga,Imodium,gi,86,0.7
2023-08-21,Vihiga,Vihiga,Imodium,gi,100,0.7
2023-08-28,Vihiga,Vihiga,Imodium,gi,82,0.7
2023-09-04,Vihiga,Vihiga,Imodium,gi,98,0.7
2023-09-11,Vihiga,Vihiga,Imodium,gi,84,0.7
2023-09-18,Vihiga,Vihiga,Imodium,gi,65,0.7
2023-09-25,Vihiga,Vihiga,Imodium,gi,62,0.7
2023-10-02,Vihiga,Vihiga,Imodium,gi,148,0.7
2023-10-09,Vihiga,Vihiga,Imodium,gi,183,0.7
2023-10-16,Vihiga,Vihiga,Imodium,gi,217,0.7
2023-10-23,Vihiga,Vihiga,Imodium,gi,253,0.7
2023-10-30,Vihiga,Vihiga,Imodium,gi,265,0.7
2023-11-06,Vihiga,Vihiga,Imodium,gi,159,0.7
2023-11-13,Vihiga,Vihiga,Imodium,gi,84,0.7
2023-11-20,Vihiga,Vihiga,Imodium,gi,62,0.7
2023-11-27,Vihiga,Vihiga,Imodium,gi,70,0.7
2023-12-04,Vihiga,Vihiga,Imodium,gi,63,0.7
2023-12-11,Vihiga,Vihiga,Imodium,gi,62,0.7
2023-12-18,Vihiga,Vihiga,Imodium,gi,64,0.7
2023-12-25,Vihiga,Vihiga,Imodium,gi,143,0.7
2024-01-01,Vihiga,Vihiga,Imodium,gi,135,0.7
2024-01-08,Vihiga,Vihiga,Imodium,gi,162,0.7
2024-01-15,Vihiga,Vihiga,Imodium,gi,148,0.7
2024-01-22,Vihiga,Vihiga,Imodium,gi,162,0.7
2024-01-29,Vihiga,Vihiga,Imodium,gi,163,0.7
2024-02-05,Vihiga,Vihiga,Imodium,gi,78,0.7
2024-02-12,Vihiga,Vihiga,Imodium,gi,71,0.7
2024-02-19,Vihiga,Vihiga,Imodium,gi,48,0.7
2024-02-26,Vihiga,Vihiga,Imodium,gi,54,0.7
2024-03-04,Vihiga,Vihiga,Imodium,gi,40,0.7
2024-03-11,Vihiga,Vihiga,Imodium,gi,76,0.7
2024-03-18,Vihiga,Vihiga,Imodium,gi,75,0.7
2024-03-25,Vihiga,Vihiga,Imodium,gi,79,0.7
2024-04-01,Vihiga,Vihiga,Imodium,gi,76,0.7
2024-04-08,Vihiga,Vihiga,Imodium,gi,87,0.7
2024-04-15,Vihiga,Vihiga,Imodium,gi,74,0.7
2024-04-22,Vihiga,Vihiga,Imodium,gi,82,0.7
2024-04-29,Vihiga,Vihiga,Imodium,gi,76,0.7
2024-05-06,Vihiga,Vihiga,Imodium,gi,56,0.7
2024-05-13,Vihiga,Vihiga,Imodium,gi,47,0.7
2024-05-20,Vihiga,Vihiga,Imodium,gi,73,0.7
2024-05-27,Vihiga,Vihiga,Imodium,gi,72,0.7
2024-06-03,Vihiga,Vihiga,Imodium,gi,71,0.7
2024-06-10,Vihiga,Vihiga,Imodium,gi,80,0.7
2024-06-17,Vihiga,Vihiga,Imodium,gi,73,0.7
2024-06-24,Vihiga,Vihiga,Imodium,gi,84,0.7
2024-07-01,Vihiga,Vihiga,Imodium,gi,90,0.7
2024-07-08,Vihiga,Vihiga,Imodium,gi,197,0.7
2024-07-15,Vihiga,Vihiga,Imodium,gi,235,0.7
2024-07-22,Vihiga,Vihiga,Imodium,gi,155,0.7
2024-07-29,Vihiga,Vihiga,Imodium,gi,179,0.7
2024-08-05,Vihiga,Vihiga,Imodium,gi,171,0.7
2024-08-12,Vihiga,Vihiga,Imodium,gi,209,0.7
2024-08-19,Vihiga,Vihiga,Imodium,gi,75,0.7
2024-08-26,Vihiga,Vihiga,Imodium,gi,58,0.7
2024-09-02,Vihiga,Vihiga,Imodium,gi,97,0.7
2024-09-09,Vihiga,Vihiga,Imodium,gi,74,0.7
2024-09-16,Vihiga,Vihiga,Imodium,gi,65,0.7
2024-09-23,Vihiga,Vihiga,Imodium,gi,66,0.7
2024-09-30,Vihiga,Vihiga,Imodium,gi,58,0.7
2024-10-07,Vihiga,Vihiga,Imodium,gi,61,0.7
2024-10-14,Vihiga,Vihiga,Imodium,gi,73,0.7
2024-10-21,Vihiga,Vihiga,Imodium,gi,89,0.7
2024-10-28,Vihiga,Vihiga,Imodium,gi,80,0.7
2024-11-04,Vihiga,Vihiga,Imodium,gi,218,0.7
2024-11-11,Vihiga,Vihiga,Imodium,gi,154,0.7
2024-11-18,Vihiga,Vihiga,Imodium,gi,158,0.7
2024-11-25,Vihiga,Vihiga,Imodium,gi,192,0.7
2024-12-02,Vihiga,Vihiga,Imodium,gi,125,0.7
2024-12-09,Vihiga,Vihiga,Imodium,gi,135,0.7
2024-12-16,Vihiga,Vihiga,Imodium,gi,63,0.7
2024-12-23,Vihiga,Vihiga,Imodium,gi,69,0.7
2024-12-30,Vihiga,Vihiga,Imodium,gi,56,0.7
2023-01-02,Vihiga,Vihiga,Septrin,respiratory,119,0.8
2023-01-09,Vihiga,Vihiga,Septrin,respiratory,86,0.8
2023-01-16,Vihiga,Vihiga,Septrin,respiratory,104,0.8
2023-01-23,Vihiga,Vihiga,Septrin,respiratory,90,0.8
2023-01-30,Vihiga,Vihiga,Septrin,respiratory,77,0.8
2023-02-06,Vihiga,Vihiga,Septrin,respiratory,143,0.8
2023-02-13,Vihiga,Vihiga,Septrin,respiratory,167,0.8
2023-02-20,Vihiga,Vihiga,Septrin,respiratory,143,0.8
2023-02-27,Vihiga,Vihiga,Septrin,respiratory,181,0.8
2023-03-06,Vihiga,Vihiga,Septrin,respiratory,205,0.8
2023-03-13,Vihiga,Vihiga,Septrin,respiratory,180,0.8
2023-03-20,Vihiga,Vihiga,Septrin,respiratory,135,0.8
2023-03-27,Vihiga,Vihiga,Septrin,respiratory,267,0.8
2023-04-03,Vihiga,Vihiga,Septrin,respiratory,285,0.8
2023-04-10,Vihiga,Vihiga,Septrin,respiratory,203,0.8
2023-04-17,Vihiga,Vihiga,Septrin,respiratory,212,0.8
2023-04-24,Vihiga,Vihiga,Septrin,respiratory,206,0.8
2023-05-01,Vihiga,Vihiga,Septrin,respiratory,171,0.8
2023-05-08,Vihiga,Vihiga,Septrin,respiratory,95,0.8
2023-05-15,Vihiga,Vihiga,Septrin,respiratory,110,0.8
2023-05-22,Vihiga,Vihiga,Septrin,respiratory,118,0.8
2023-05-29,Vihiga,Vihiga,Septrin,respiratory,122,0.8
2023-06-05,Vihiga,Vihiga,Septrin,respiratory,91,0.8
2023-06-12,Vihiga,Vihiga,Septrin,respiratory,112,0.8
2023-06-19,Vihiga,Vihiga,Septrin,respiratory,124,0.8
2023-06-26,Vihiga,Vihiga,Septrin,respiratory,109,0.8
2023-07-03,Vihiga,Vihiga,Septrin,respiratory,181,0.8
2023-07-10,Vihiga,Vihiga,Septrin,respiratory,205,0.8
2023-07-17,Vihiga,Vihiga,Septrin,respiratory,657,0.8
2023-07-24,Vihiga,Vihiga,Septrin,respiratory,498,0.8
2023-07-31,Vihiga,Vihiga,Septrin,respiratory,488,0.8
2023-08-07,Vihiga,Vihiga,Septrin,respiratory,498,0.8
2023-08-14,Vihiga,Vihiga,Septrin,respiratory,447,0.8
2023-08-21,Vihiga,Vihiga,Septrin,respiratory,403,0.8
2023-08-28,Vihiga,Vihiga,Septrin,respiratory,117,0.8
2023-09-04,Vihiga,Vihiga,Septrin,respiratory,103,0.8
2023-09-11,Vihiga,Vihiga,Septrin,respiratory,124,0.8
2023-09-18,Vihiga,Vihiga,Septrin,respiratory,88,0.8
2023-09-25,Vihiga,Vihiga,Septrin,respiratory,105,0.8
2023-10-02,Vihiga,Vihiga,Septrin,respiratory,130,0.8
2023-10-09,Vihiga,Vihiga,Septrin,respiratory,85,0.8
2023-10-16,Vihiga,Vihiga,Septrin,respiratory,94,0.8
2023-10-23,Vihiga,Vihiga,Septrin,respiratory,116,0.8
2023-10-30,Vihiga,Vihiga,Septrin,respiratory,111,0.8
2023-11-06,Vihiga,Vihiga,Septrin,respiratory,91,0.8
2023-11-13,Vihiga,Vihiga,Septrin,respiratory,120,0.8
2023-11-20,Vihiga,Vihiga,Septrin,respiratory,122,0.8
2023-11-27,Vihiga,Vihiga,Septrin,respiratory,189,0.8
2023-12-04,Vihiga,Vihiga,Septrin,respiratory,168,0.8
2023-12-11,Vihiga,Vihiga,Septrin,respiratory,226,0.8
2023-12-18,Vihiga,Vihiga,Septrin,respiratory,177,0.8
2023-12-25,Vihiga,Vihiga,Septrin,respiratory,159,0.8
2024-01-01,Vihiga,Vihiga,Septrin,respiratory,100,0.8
2024-01-08,Vihiga,Vihiga,Septrin,respiratory,101,0.8
2024-01-15,Vihiga,Vihiga,Septrin,respiratory,107,0.8
2024-01-22,Vihiga,Vihiga,Septrin,respiratory,145,0.8
2024-01-29,Vihiga,Vihiga,Septrin,respiratory,100,0.8
2024-02-05,Vihiga,Vihiga,Septrin,respiratory,122,0.8
2024-02-12,Vihiga,Vihiga,Septrin,respiratory,150,0.8
2024-02-19,Vihiga,Vihiga,Septrin,respiratory,191,0.8
2024-02-26,Vihiga,Vihiga,Septrin,respiratory,138,0.8
2024-03-04,Vihiga,Vihiga,Septrin,respiratory,191,0.8
2024-03-11,Vihiga,Vihiga,Septrin,respiratory,153,0.8
2024-03-18,Vihiga,Vihiga,Septrin,respiratory,178,0.8
2024-03-25,Vihiga,Vihiga,Septrin,respiratory,137,0.8
2024-04-01,Vihiga,Vihiga,Septrin,respiratory,84,0.8
2024-04-08,Vihiga,Vihiga,Septrin,respiratory,111,0.8
2024-04-15,Vihiga,Vihiga,Septrin,respiratory,111,0.8
2024-04-22,Vihiga,Vihiga,Septrin,respiratory,96,0.8
2024-04-29,Vihiga,Vihiga,Septrin,respiratory,95,0.8
2024-05-06,Vihiga,Vihiga,Septrin,respiratory,84,0.8
2024-05-13,Vihiga,Vihiga,Septrin,respiratory,117,0.8
2024-05-20,Vihiga,Vihiga,Septrin,respiratory,119,0.8
2024-05-27,Vihiga,Vihiga,Septrin,respiratory,91,0.8
2024-06-03,Vihiga,Vihiga,Septrin,respiratory,96,0.8
2024-06-10,Vihiga,Vihiga,Septrin,respiratory,104,0.8
2024-06-17,Vihiga,Vihiga,Septrin,respiratory,141,0.8
2024-06-24,Vihiga,Vihiga,Septrin,respiratory,138,0.8
2024-07-01,Vihiga,Vihiga,Septrin,respiratory,127,0.8
2024-07-08,Vihiga,Vihiga,Septrin,respiratory,172,0.8
2024-07-15,Vihiga,Vihiga,Septrin,respiratory,139,0.8
2024-07-22,Vihiga,Vihiga,Septrin,respiratory,198,0.8
2024-07-29,Vihiga,Vihiga,Septrin,respiratory,219,0.8
2024-08-05,Vihiga,Vihiga,Septrin,respiratory,206,0.8
2024-08-12,Vihiga,Vihiga,Septrin,respiratory,165,0.8
2024-08-19,Vihiga,Vihiga,Septrin,respiratory,117,0.8
2024-08-26,Vihiga,Vihiga,Septrin,respiratory,85,0.8
2024-09-02,Vihiga,Vihiga,Septrin,respiratory,83,0.8
2024-09-09,Vihiga,Vihiga,Septrin,respiratory,61,0.8
2024-09-16,Vihiga,Vihiga,Septrin,respiratory,116,0.8
2024-09-23,Vihiga,Vihiga,Septrin,respiratory,103,0.8
2024-09-30,Vihiga,Vihiga,Septrin,respiratory,119,0.8
2024-10-07,Vihiga,Vihiga,Septrin,respiratory,127,0.8
2024-10-14,Vihiga,Vihiga,Septrin,respiratory,107,0.8
2024-10-21,Vihiga,Vihiga,Septrin,respiratory,107,0.8
2024-10-28,Vihiga,Vihiga,Septrin,respiratory,98,0.8
2024-11-04,Vihiga,Vihiga,Septrin,respiratory,100,0.8
2024-11-11,Vihiga,Vihiga,Septrin,respiratory,142,0.8
2024-11-18,Vihiga,Vihiga,Septrin,respiratory,144,0.8
2024-11-25,Vihiga,Vihiga,Septrin,respiratory,157,0.8
2024-12-02,Vihiga,Vihiga,Septrin,respiratory,174,0.8
2024-12-09,Vihiga,Vihiga,Septrin,respiratory,202,0.8
2024-12-16,Vihiga,Vihiga,Septrin,respiratory,157,0.8
2024-12-23,Vihiga,Vihiga,Septrin,respiratory,163,0.8
2024-12-30,Vihiga,Vihiga,Septrin,respiratory,109,0.8
2023-01-02,Vihiga,Vihiga,Amoxicillin,respiratory,78,0.75
2023-01-09,Vihiga,Vihiga,Amoxicillin,respiratory,64,0.75
2023-01-16,Vihiga,Vihiga,Amoxicillin,respiratory,57,0.75
2023-01-23,Vihiga,Vihiga,Amoxicillin,respiratory,65,0.75
2023-01-30,Vihiga,Vihiga,Amoxicillin,respiratory,80,0.75
2023-02-06,Vihiga,Vihiga,Amoxicillin,respiratory,95,0.75
2023-02-13,Vihiga,Vihiga,Amoxicillin,respiratory,120,0.75
2023-02-20,Vihiga,Vihiga,Amoxicillin,respiratory,122,0.75
2023-02-27,Vihiga,Vihiga,Amoxicillin,respiratory,126,0.75
2023-03-06,Vihiga,Vihiga,Amoxicillin,respiratory,119,0.75
2023-03-13,Vihiga,Vihiga,Amoxicillin,respiratory,145,0.75
2023-03-20,Vihiga,Vihiga,Amoxicillin,respiratory,104,0.75
2023-03-27,Vihiga,Vihiga,Amoxicillin,respiratory,91,0.75
2023-04-03,Vihiga,Vihiga,Amoxicillin,respiratory,102,0.75
2023-04-10,Vihiga,Vihiga,Amoxicillin,respiratory,62,0.75
2023-04-17,Vihiga,Vihiga,Amoxicillin,respiratory,105,0.75
2023-04-24,Vihiga,Vihiga,Amoxicillin,respiratory,78,0.75
2023-05-01,Vihiga,Vihiga,Amoxicillin,respiratory,81,0.75
2023-05-08,Vihiga,Vihiga,Amoxicillin,respiratory,68,0.75
2023-05-15,Vihiga,Vihiga,Amoxicillin,respiratory,73,0.75
2023-05-22,Vihiga,Vihiga,Amoxicillin,respiratory,72,0.75
2023-05-29,Vihiga,Vihiga,Amoxicillin,respiratory,71,0.75
2023-06-05,Vihiga,Vihiga,Amoxicillin,respiratory,84,0.75
2023-06-12,Vihiga,Vihiga,Amoxicillin,respiratory,72,0.75
2023-06-19,Vihiga,Vihiga,Amoxicillin,respiratory,89,0.75
2023-06-26,Vihiga,Vihiga,Amoxicillin,respiratory,131,0.75
2023-07-03,Vihiga,Vihiga,Amoxicillin,respiratory,104,0.75
2023-07-10,Vihiga,Vihiga,Amoxicillin,respiratory,123,0.75
2023-07-17,Vihiga,Vihiga,Amoxicillin,respiratory,136,0.75
2023-07-24,Vihiga,Vihiga,Amoxicillin,respiratory,166,0.75
2023-07-31,Vihiga,Vihiga,Amoxicillin,respiratory,127,0.75
2023-08-07,Vihiga,Vihiga,Amoxicillin,respiratory,106,0.75
2023-08-14,Vihiga,Vihiga,Amoxicillin,respiratory,88,0.75
2023-08-21,Vihiga,Vihiga,Amoxicillin,respiratory,93,0.75
2023-08-28,Vihiga,Vihiga,Amoxicillin,respiratory,72,0.75
2023-09-04,Vihiga,Vihiga,Amoxicillin,respiratory,100,0.75
2023-09-11,Vihiga,Vihiga,Amoxicillin,respiratory,97,0.75
2023-09-18,Vihiga,Vihiga,Amoxicillin,respiratory,65,0.75
2023-09-25,Vihiga,Vihiga,Amoxicillin,respiratory,69,0.75
2023-10-02,Vihiga,Vihiga,Amoxicillin,respiratory,78,0.75
2023-10-09,Vihiga,Vihiga,Amoxicillin,respiratory,93,0.75
2023-10-16,Vihiga,Vihiga,Amoxicillin,respiratory,78,0.75
2023-10-23,Vihiga,Vihiga,Amoxicillin,respiratory,70,0.75
2023-10-30,Vihiga,Vihiga,Amoxicillin,respiratory,141,0.75
2023-11-06,Vihiga,Vihiga,Amoxicillin,respiratory,129,0.75
2023-11-13,Vihiga,Vihiga,Amoxicillin,respiratory,189,0.75
2023-11-20,Vihiga,Vihiga,Amoxicillin,respiratory,180,0.75
2023-11-27,Vihiga,Vihiga,Amoxicillin,respiratory,206,0.75
2023-12-04,Vihiga,Vihiga,Amoxicillin,respiratory,279,0.75
2023-12-11,Vihiga,Vihiga,Amoxicillin,respiratory,116,0.75
2023-12-18,Vihiga,Vihiga,Amoxicillin,respiratory,100,0.75
2023-12-25,Vihiga,Vihiga,Amoxicillin,respiratory,122,0.75
2024-01-01,Vihiga,Vihiga,Amoxicillin,respiratory,73,0.75
2024-01-08,Vihiga,Vihiga,Amoxicillin,respiratory,83,0.75
2024-01-15,Vihiga,Vihiga,Amoxicillin,respiratory,81,0.75
2024-01-22,Vihiga,Vihiga,Amoxicillin,respiratory,128,0.75
2024-01-29,Vihiga,Vihiga,Amoxicillin,respiratory,128,0.75
2024-02-05,Vihiga,Vihiga,Amoxicillin,respiratory,140,0.75
2024-02-12,Vihiga,Vihiga,Amoxicillin,respiratory,184,0.75
2024-02-19,Vihiga,Vihiga,Amoxicillin,respiratory,229,0.75
2024-02-26,Vihiga,Vihiga,Amoxicillin,respiratory,183,0.75
2024-03-04,Vihiga,Vihiga,Amoxicillin,respiratory,131,0.75
2024-03-11,Vihiga,Vihiga,Amoxicillin,respiratory,148,0.75
2024-03-18,Vihiga,Vihiga,Amoxicillin,respiratory,130,0.75
2024-03-25,Vihiga,Vihiga,Amoxicillin,respiratory,130,0.75
2024-04-01,Vihiga,Vihiga,Amoxicillin,respiratory,86,0.75
2024-04-08,Vihiga,Vihiga,Amoxicillin,respiratory,56,0.75
2024-04-15,Vihiga,Vihiga,Amoxicillin,respiratory,79,0.75
2024-04-22,Vihiga,Vihiga,Amoxicillin,respiratory,81,0.75
2024-04-29,Vihiga,Vihiga,Amoxicillin,respiratory,93,0.75
2024-05-06,Vihiga,Vihiga,Amoxicillin,respiratory,91,0.75
2024-05-13,Vihiga,Vihiga,Amoxicillin,respiratory,83,0.75
2024-05-20,Vihiga,Vihiga,Amoxicillin,respiratory,86,0.75
2024-05-27,Vihiga,Vihiga,Amoxicillin,respiratory,75,0.75
2024-06-03,Vihiga,Vihiga,Amoxicillin,respiratory,63,0.75
2024-06-10,Vihiga,Vihiga,Amoxicillin,respiratory,78,0.75
2024-06-17,Vihiga,Vihiga,Amoxicillin,respiratory,88,0.75
2024-06-24,Vihiga,Vihiga,Amoxicillin,respiratory,103,0.75
2024-07-01,Vihiga,Vihiga,Amoxicillin,respiratory,122,0.75
2024-07-08,Vihiga,Vihiga,Amoxicillin,respiratory,113,0.75
2024-07-15,Vihiga,Vihiga,Amoxicillin,respiratory,123,0.75
2024-07-22,Vihiga,Vihiga,Amoxicillin,respiratory,428,0.75
2024-07-29,Vihiga,Vihiga,Amoxicillin,respiratory,359,0.75
2024-08-05,Vihiga,Vihiga,Amoxicillin,respiratory,339,0.75
2024-08-12,Vihiga,Vihiga,Amoxicillin,respiratory,346,0.75
2024-08-19,Vihiga,Vihiga,Amoxicillin,respiratory,318,0.75
2024-08-26,Vihiga,Vihiga,Amoxicillin,respiratory,228,0.75
2024-09-02,Vihiga,Vihiga,Amoxicillin,respiratory,64,0.75
2024-09-09,Vihiga,Vihiga,Amoxicillin,respiratory,195,0.75
2024-09-16,Vihiga,Vihiga,Amoxicillin,respiratory,226,0.75
2024-09-23,Vihiga,Vihiga,Amoxicillin,respiratory,225,0.75
2024-09-30,Vihiga,Vihiga,Amoxicillin,respiratory,227,0.75
2024-10-07,Vihiga,Vihiga,Amoxicillin,respiratory,236,0.75
2024-10-14,Vihiga,Vihiga,Amoxicillin,respiratory,219,0.75
2024-10-21,Vihiga,Vihiga,Amoxicillin,respiratory,80,0.75
2024-10-28,Vihiga,Vihiga,Amoxicillin,respiratory,76,0.75
2024-11-04,Vihiga,Vihiga,Amoxicillin,respiratory,90,0.75
2024-11-11,Vihiga,Vihiga,Amoxicillin,respiratory,114,0.75
2024-11-18,Vihiga,Vihiga,Amoxicillin,respiratory,89,0.75
2024-11-25,Vihiga,Vihiga,Amoxicillin,respiratory,116,0.75
2024-12-02,Vihiga,Vihiga,Amoxicillin,respiratory,129,0.75
2024-12-09,Vihiga,Vihiga,Amoxicillin,respiratory,126,0.75
2024-12-16,Vihiga,Vihiga,Amoxicillin,respiratory,163,0.75
2024-12-23,Vihiga,Vihiga,Amoxicillin,respiratory,125,0.75
2024-12-30,Vihiga,Vihiga,Amoxicillin,respiratory,68,0.75
2023-01-02,Vihiga,Vihiga,Piriton,respiratory,99,0.5
2023-01-09,Vihiga,Vihiga,Piriton,respiratory,95,0.5
2023-01-16,Vihiga,Vihiga,Piriton,respiratory,101,0.5
2023-01-23,Vihiga,Vihiga,Piriton,respiratory,76,0.5
2023-01-30,Vihiga,Vihiga,Piriton,respiratory,80,0.5
2023-02-06,Vihiga,Vihiga,Piriton,respiratory,113,0.5
2023-02-13,Vihiga,Vihiga,Piriton,respiratory,131,0.5
2023-02-20,Vihiga,Vihiga,Piriton,respiratory,108,0.5
2023-02-27,Vihiga,Vihiga,Piriton,respiratory,452,0.5
2023-03-06,Vihiga,Vihiga,Piriton,respiratory,410,0.5
2023-03-13,Vihiga,Vihiga,Piriton,respiratory,550,0.5
2023-03-20,Vihiga,Vihiga,Piriton,respiratory,430,0.5
2023-03-27,Vihiga,Vihiga,Piriton,respiratory,397,0.5
2023-04-03,Vihiga,Vihiga,Piriton,respiratory,344,0.5
2023-04-10,Vihiga,Vihiga,Piriton,respiratory,74,0.5
2023-04-17,Vihiga,Vihiga,Piriton,respiratory,118,0.5
2023-04-24,Vihiga,Vihiga,Piriton,respiratory,69,0.5
2023-05-01,Vihiga,Vihiga,Piriton,respiratory,102,0.5
2023-05-08,Vihiga,Vihiga,Piriton,respiratory,99,0.5
2023-05-15,Vihiga,Vihiga,Piriton,respiratory,84,0.5
2023-05-22,Vihiga,Vihiga,Piriton,respiratory,100,0.5
2023-05-29,Vihiga,Vihiga,Piriton,respiratory,87,0.5
2023-06-05,Vihiga,Vihiga,Piriton,respiratory,82,0.5
2023-06-12,Vihiga,Vihiga,Piriton,respiratory,97,0.5
2023-06-19,Vihiga,Vihiga,Piriton,respiratory,77,0.5
2023-06-26,Vihiga,Vihiga,Piriton,respiratory,107,0.5
2023-07-03,Vihiga,Vihiga,Piriton,respiratory,117,0.5
2023-07-10,Vihiga,Vihiga,Piriton,respiratory,135,0.5
2023-07-17,Vihiga,Vihiga,Piriton,respiratory,161,0.5
2023-07-24,Vihiga,Vihiga,Piriton,respiratory,141,0.5
2023-07-31,Vihiga,Vihiga,Piriton,respiratory,147,0.5
2023-08-07,Vihiga,Vihiga,Piriton,respiratory,132,0.5
2023-08-14,Vihiga,Vihiga,Piriton,respiratory,156,0.5
2023-08-21,Vihiga,Vihiga,Piriton,respiratory,116,0.5
2023-08-28,Vihiga,Vihiga,Piriton,respiratory,94,0.5
2023-09-04,Vihiga,Vihiga,Piriton,respiratory,100,0.5
2023-09-11,Vihiga,Vihiga,Piriton,respiratory,83,0.5
2023-09-18,Vihiga,Vihiga,Piriton,respiratory,103,0.5
2023-09-25,Vihiga,Vihiga,Piriton,respiratory,96,0.5
2023-10-02,Vihiga,Vihiga,Piriton,respiratory,70,0.5
2023-10-09,Vihiga,Vihiga,Piriton,respiratory,72,0.5
2023-10-16,Vihiga,Vihiga,Piriton,respiratory,83,0.5
2023-10-23,Vihiga,Vihiga,Piriton,respiratory,73,0.5
2023-10-30,Vihiga,Vihiga,Piriton,respiratory,88,0.5
2023-11-06,Vihiga,Vihiga,Piriton,respiratory,77,0.5
2023-11-13,Vihiga,Vihiga,Piriton,respiratory,109,0.5
2023-11-20,Vihiga,Vihiga,Piriton,respiratory,156,0.5
2023-11-27,Vihiga,Vihiga,Piriton,respiratory,141,0.5
2023-12-04,Vihiga,Vihiga,Piriton,respiratory,145,0.5
2023-12-11,Vihiga,Vihiga,Piriton,respiratory,291,0.5
2023-12-18,Vihiga,Vihiga,Piriton,respiratory,241,0.5
2023-12-25,Vihiga,Vihiga,Piriton,respiratory,285,0.5
2024-01-01,Vihiga,Vihiga,Piriton,respiratory,174,0.5
2024-01-08,Vihiga,Vihiga,Piriton,respiratory,163,0.5
2024-01-15,Vihiga,Vihiga,Piriton,respiratory,165,0.5
2024-01-22,Vihiga,Vihiga,Piriton,respiratory,119,0.5
2024-01-29,Vihiga,Vihiga,Piriton,respiratory,104,0.5
2024-02-05,Vihiga,Vihiga,Piriton,respiratory,147,0.5
2024-02-12,Vihiga,Vihiga,Piriton,respiratory,139,0.5
2024-02-19,Vihiga,Vihiga,Piriton,respiratory,111,0.5
2024-02-26,Vihiga,Vihiga,Piriton,respiratory,146,0.5
2024-03-04,Vihiga,Vihiga,Piriton,respiratory,115,0.5
2024-03-11,Vihiga,Vihiga,Piriton,respiratory,164,0.5
2024-03-18,Vihiga,Vihiga,Piriton,respiratory,158,0.5
2024-03-25,Vihiga,Vihiga,Piriton,respiratory,111,0.5
2024-04-01,Vihiga,Vihiga,Piriton,respiratory,100,0.5
2024-04-08,Vihiga,Vihiga,Piriton,respiratory,93,0.5
2024-04-15,Vihiga,Vihiga,Piriton,respiratory,75,0.5
2024-04-22,Vihiga,Vihiga,Piriton,respiratory,74,0.5
2024-04-29,Vihiga,Vihiga,Piriton,respiratory,108,0.5
2024-05-06,Vihiga,Vihiga,Piriton,respiratory,93,0.5
2024-05-13,Vihiga,Vihiga,Piriton,respiratory,83,0.5
2024-05-20,Vihiga,Vihiga,Piriton,respiratory,68,0.5
2024-05-27,Vihiga,Vihiga,Piriton,respiratory,103,0.5
2024-06-03,Vihiga,Vihiga,Piriton,respiratory,82,0.5
2024-06-10,Vihiga,Vihiga,Piriton,respiratory,116,0.5
2024-06-17,Vihiga,Vihiga,Piriton,respiratory,103,0.5
2024-06-24,Vihiga,Vihiga,Piriton,respiratory,97,0.5
2024-07-01,Vihiga,Vihiga,Piriton,respiratory,115,0.5
2024-07-08,Vihiga,Vihiga,Piriton,respiratory,179,0.5
2024-07-15,Vihiga,Vihiga,Piriton,respiratory,150,0.5
2024-07-22,Vihiga,Vihiga,Piriton,respiratory,143,0.5
2024-07-29,Vihiga,Vihiga,Piriton,respiratory,152,0.5
2024-08-05,Vihiga,Vihiga,Piriton,respiratory,131,0.5
2024-08-12,Vihiga,Vihiga,Piriton,respiratory,133,0.5
2024-08-19,Vihiga,Vihiga,Piriton,respiratory,109,0.5
2024-08-26,Vihiga,Vihiga,Piriton,respiratory,103,0.5
2024-09-02,Vihiga,Vihiga,Piriton,respiratory,86,0.5
2024-09-09,Vihiga,Vihiga,Piriton,respiratory,79,0.5
2024-09-16,Vihiga,Vihiga,Piriton,respiratory,86,0.5
2024-09-23,Vihiga,Vihiga,Piriton,respiratory,86,0.5
2024-09-30,Vihiga,Vihiga,Piriton,respiratory,90,0.5
2024-10-07,Vihiga,Vihiga,Piriton,respiratory,100,0.5
2024-10-14,Vihiga,Vihiga,Piriton,respiratory,99,0.5
2024-10-21,Vihiga,Vihiga,Piriton,respiratory,107,0.5
2024-10-28,Vihiga,Vihiga,Piriton,respiratory,80,0.5
2024-11-04,Vihiga,Vihiga,Piriton,respiratory,96,0.5
2024-11-11,Vihiga,Vihiga,Piriton,respiratory,123,0.5
2024-11-18,Vihiga,Vihiga,Piriton,respiratory,115,0.5
2024-11-25,Vihiga,Vihiga,Piriton,respiratory,138,0.5
2024-12-02,Vihiga,Vihiga,Piriton,respiratory,112,0.5
2024-12-09,Vihiga,Vihiga,Piriton,respiratory,176,0.5
2024-12-16,Vihiga,Vihiga,Piriton,respiratory,147,0.5
2024-12-23,Vihiga,Vihiga,Piriton,respiratory,160,0.5
2024-12-30,Vihiga,Vihiga,Piriton,respiratory,94,0.5
2023-01-02,Kericho,Kericho,Coartem,malaria,20,0.95
2023-01-09,Kericho,Kericho,Coartem,malaria,24,0.95
2023-01-16,Kericho,Kericho,Coartem,malaria,32,0.95
2023-01-23,Kericho,Kericho,Coartem,malaria,27,0.95
2023-01-30,Kericho,Kericho,Coartem,malaria,33,0.95
2023-02-06,Kericho,Kericho,Coartem,malaria,42,0.95
2023-02-13,Kericho,Kericho,Coartem,malaria,29,0.95
2023-02-20,Kericho,Kericho,Coartem,malaria,24,0.95
2023-02-27,Kericho,Kericho,Coartem,malaria,18,0.95
2023-03-06,Kericho,Kericho,Coartem,malaria,16,0.95
2023-03-13,Kericho,Kericho,Coartem,malaria,18,0.95
2023-03-20,Kericho,Kericho,Coartem,malaria,25,0.95
2023-03-27,Kericho,Kericho,Coartem,malaria,28,0.95
2023-04-03,Kericho,Kericho,Coartem,malaria,20,0.95
2023-04-10,Kericho,Kericho,Coartem,malaria,30,0.95
2023-04-17,Kericho,Kericho,Coartem,malaria,34,0.95
2023-04-24,Kericho,Kericho,Coartem,malaria,26,0.95
2023-05-01,Kericho,Kericho,Coartem,malaria,22,0.95
2023-05-08,Kericho,Kericho,Coartem,malaria,16,0.95
2023-05-15,Kericho,Kericho,Coartem,malaria,12,0.95
2023-05-22,Kericho,Kericho,Coartem,malaria,23,0.95
2023-05-29,Kericho,Kericho,Coartem,malaria,24,0.95
2023-06-05,Kericho,Kericho,Coartem,malaria,31,0.95
2023-06-12,Kericho,Kericho,Coartem,malaria,37,0.95
2023-06-19,Kericho,Kericho,Coartem,malaria,35,0.95
2023-06-26,Kericho,Kericho,Coartem,malaria,27,0.95
2023-07-03,Kericho,Kericho,Coartem,malaria,28,0.95
2023-07-10,Kericho,Kericho,Coartem,malaria,22,0.95
2023-07-17,Kericho,Kericho,Coartem,malaria,18,0.95
2023-07-24,Kericho,Kericho,Coartem,malaria,17,0.95
2023-07-31,Kericho,Kericho,Coartem,malaria,18,0.95
2023-08-07,Kericho,Kericho,Coartem,malaria,16,0.95
2023-08-14,Kericho,Kericho,Coartem,malaria,24,0.95
2023-08-21,Kericho,Kericho,Coartem,malaria,28,0.95
2023-08-28,Kericho,Kericho,Coartem,malaria,86,0.95
2023-09-04,Kericho,Kericho,Coartem,malaria,64,0.95
2023-09-11,Kericho,Kericho,Coartem,malaria,69,0.95
2023-09-18,Kericho,Kericho,Coartem,malaria,55,0.95
2023-09-25,Kericho,Kericho,Coartem,malaria,56,0.95
2023-10-02,Kericho,Kericho,Coartem,malaria,43,0.95
2023-10-09,Kericho,Kericho,Coartem,malaria,24,0.95
2023-10-16,Kericho,Kericho,Coartem,malaria,18,0.95
2023-10-23,Kericho,Kericho,Coartem,malaria,29,0.95
2023-10-30,Kericho,Kericho,Coartem,malaria,33,0.95
2023-11-06,Kericho,Kericho,Coartem,malaria,32,0.95
2023-11-13,Kericho,Kericho,Coartem,malaria,33,0.95
2023-11-20,Kericho,Kericho,Coartem,malaria,28,0.95
2023-11-27,Kericho,Kericho,Coartem,malaria,22,0.95
2023-12-04,Kericho,Kericho,Coartem,malaria,15,0.95
2023-12-11,Kericho,Kericho,Coartem,malaria,14,0.95
2023-12-18,Kericho,Kericho,Coartem,malaria,29,0.95
2023-12-25,Kericho,Kericho,Coartem,malaria,23,0.95
2024-01-01,Kericho,Kericho,Coartem,malaria,14,0.95
2024-01-08,Kericho,Kericho,Coartem,malaria,27,0.95
2024-01-15,Kericho,Kericho,Coartem,malaria,31,0.95
2024-01-22,Kericho,Kericho,Coartem,malaria,35,0.95
2024-01-29,Kericho,Kericho,Coartem,malaria,33,0.95
2024-02-05,Kericho,Kericho,Coartem,malaria,33,0.95
2024-02-12,Kericho,Kericho,Coartem,malaria,35,0.95
2024-02-19,Kericho,Kericho,Coartem,malaria,22,0.95
2024-02-26,Kericho,Kericho,Coartem,malaria,18,0.95
2024-03-04,Kericho,Kericho,Coartem,malaria,13,0.95
2024-03-11,Kericho,Kericho,Coartem,malaria,20,0.95
2024-03-18,Kericho,Kericho,Coartem,malaria,30,0.95
2024-03-25,Kericho,Kericho,Coartem,malaria,69,0.95
2024-04-01,Kericho,Kericho,Coartem,malaria,74,0.95
2024-04-08,Kericho,Kericho,Coartem,malaria,51,0.95
2024-04-15,Kericho,Kericho,Coartem,malaria,62,0.95
2024-04-22,Kericho,Kericho,Coartem,malaria,46,0.95
2024-04-29,Kericho,Kericho,Coartem,malaria,67,0.95
2024-05-06,Kericho,Kericho,Coartem,malaria,25,0.95
2024-05-13,Kericho,Kericho,Coartem,malaria,18,0.95
2024-05-20,Kericho,Kericho,Coartem,malaria,17,0.95
2024-05-27,Kericho,Kericho,Coartem,malaria,30,0.95
2024-06-03,Kericho,Kericho,Coartem,malaria,27,0.95
2024-06-10,Kericho,Kericho,Coartem,malaria,24,0.95
2024-06-17,Kericho,Kericho,Coartem,malaria,26,0.95
2024-06-24,Kericho,Kericho,Coartem,malaria,28,0.95
2024-07-01,Kericho,Kericho,Coartem,malaria,28,0.95
2024-07-08,Kericho,Kericho,Coartem,malaria,24,0.95
2024-07-15,Kericho,Kericho,Coartem,malaria,16,0.95
2024-07-22,Kericho,Kericho,Coartem,malaria,19,0.95
2024-07-29,Kericho,Kericho,Coartem,malaria,20,0.95
2024-08-05,Kericho,Kericho,Coartem,malaria,42,0.95
2024-08-12,Kericho,Kericho,Coartem,malaria,62,0.95
2024-08-19,Kericho,Kericho,Coartem,malaria,47,0.95
2024-08-26,Kericho,Kericho,Coartem,malaria,44,0.95
2024-09-02,Kericho,Kericho,Coartem,malaria,68,0.95
2024-09-09,Kericho,Kericho,Coartem,malaria,69,0.95
2024-09-16,Kericho,Kericho,Coartem,malaria,23,0.95
2024-09-23,Kericho,Kericho,Coartem,malaria,20,0.95
2024-09-30,Kericho,Kericho,Coartem,malaria,13,0.95
2024-10-07,Kericho,Kericho,Coartem,malaria,20,0.95
2024-10-14,Kericho,Kericho,Coartem,malaria,23,0.95
2024-10-21,Kericho,Kericho,Coartem,malaria,27,0.95
2024-10-28,Kericho,Kericho,Coartem,malaria,32,0.95
2024-11-04,Kericho,Kericho,Coartem,malaria,25,0.95
2024-11-11,Kericho,Kericho,Coartem,malaria,28,0.95
2024-11-18,Kericho,Kericho,Coartem,malaria,39,0.95
2024-11-25,Kericho,Kericho,Coartem,malaria,44,0.95
2024-12-02,Kericho,Kericho,Coartem,malaria,39,0.95
2024-12-09,Kericho,Kericho,Coartem,malaria,32,0.95
2024-12-16,Kericho,Kericho,Coartem,malaria,41,0.95
2024-12-23,Kericho,Kericho,Coartem,malaria,53,0.95
2024-12-30,Kericho,Kericho,Coartem,malaria,16,0.95
2023-01-02,Kericho,Kericho,Panadol,malaria,60,0.4
2023-01-09,Kericho,Kericho,Panadol,malaria,86,0.4
2023-01-16,Kericho,Kericho,Panadol,malaria,120,0.4
2023-01-23,Kericho,Kericho,Panadol,malaria,120,0.4
2023-01-30,Kericho,Kericho,Panadol,malaria,129,0.4
2023-02-06,Kericho,Kericho,Panadol,malaria,112,0.4
2023-02-13,Kericho,Kericho,Panadol,malaria,83,0.4
2023-02-20,Kericho,Kericho,Panadol,malaria,76,0.4
2023-02-27,Kericho,Kericho,Panadol,malaria,85,0.4
2023-03-06,Kericho,Kericho,Panadol,malaria,62,0.4
2023-03-13,Kericho,Kericho,Panadol,malaria,91,0.4
2023-03-20,Kericho,Kericho,Panadol,malaria,96,0.4
2023-03-27,Kericho,Kericho,Panadol,malaria,85,0.4
2023-04-03,Kericho,Kericho,Panadol,malaria,103,0.4
2023-04-10,Kericho,Kericho,Panadol,malaria,124,0.4
2023-04-17,Kericho,Kericho,Panadol,malaria,123,0.4
2023-04-24,Kericho,Kericho,Panadol,malaria,117,0.4
2023-05-01,Kericho,Kericho,Panadol,malaria,77,0.4
2023-05-08,Kericho,Kericho,Panadol,malaria,63,0.4
2023-05-15,Kericho,Kericho,Panadol,malaria,58,0.4
2023-05-22,Kericho,Kericho,Panadol,malaria,93,0.4
2023-05-29,Kericho,Kericho,Panadol,malaria,82,0.4
2023-06-05,Kericho,Kericho,Panadol,malaria,111,0.4
2023-06-12,Kericho,Kericho,Panadol,malaria,119,0.4
2023-06-19,Kericho,Kericho,Panadol,malaria,127,0.4
2023-06-26,Kericho,Kericho,Panadol,malaria,139,0.4
2023-07-03,Kericho,Kericho,Panadol,malaria,128,0.4
2023-07-10,Kericho,Kericho,Panadol,malaria,84,0.4
2023-07-17,Kericho,Kericho,Panadol,malaria,53,0.4
2023-07-24,Kericho,Kericho,Panadol,malaria,54,0.4
2023-07-31,Kericho,Kericho,Panadol,malaria,78,0.4
2023-08-07,Kericho,Kericho,Panadol,malaria,87,0.4
2023-08-14,Kericho,Kericho,Panadol,malaria,134,0.4
2023-08-21,Kericho,Kericho,Panadol,malaria,112,0.4
2023-08-28,Kericho,Kericho,Panadol,malaria,125,0.4
2023-09-04,Kericho,Kericho,Panadol,malaria,115,0.4
2023-09-11,Kericho,Kericho,Panadol,malaria,98,0.4
2023-09-18,Kericho,Kericho,Panadol,malaria,65,0.4
2023-09-25,Kericho,Kericho,Panadol,malaria,76,0.4
2023-10-02,Kericho,Kericho,Panadol,malaria,89,0.4
2023-10-09,Kericho,Kericho,Panadol,malaria,62,0.4
2023-10-16,Kericho,Kericho,Panadol,malaria,67,0.4
2023-10-23,Kericho,Kericho,Panadol,malaria,134,0.4
2023-10-30,Kericho,Kericho,Panadol,malaria,124,0.4
2023-11-06,Kericho,Kericho,Panadol,malaria,117,0.4
2023-11-13,Kericho,Kericho,Panadol,malaria,134,0.4
2023-11-20,Kericho,Kericho,Panadol,malaria,91,0.4
2023-11-27,Kericho,Kericho,Panadol,malaria,90,0.4
2023-12-04,Kericho,Kericho,Panadol,malaria,215,0.4
2023-12-11,Kericho,Kericho,Panadol,malaria,194,0.4
2023-12-18,Kericho,Kericho,Panadol,malaria,155,0.4
2023-12-25,Kericho,Kericho,Panadol,malaria,268,0.4
2024-01-01,Kericho,Kericho,Panadol,malaria,199,0.4
2024-01-08,Kericho,Kericho,Panadol,malaria,230,0.4
2024-01-15,Kericho,Kericho,Panadol,malaria,104,0.4
2024-01-22,Kericho,Kericho,Panadol,malaria,88,0.4
2024-01-29,Kericho,Kericho,Panadol,malaria,130,0.4
2024-02-05,Kericho,Kericho,Panadol,malaria,98,0.4
2024-02-12,Kericho,Kericho,Panadol,malaria,87,0.4
2024-02-19,Kericho,Kericho,Panadol,malaria,104,0.4
2024-02-26,Kericho,Kericho,Panadol,malaria,86,0.4
2024-03-04,Kericho,Kericho,Panadol,malaria,61,0.4
2024-03-11,Kericho,Kericho,Panadol,malaria,89,0.4
2024-03-18,Kericho,Kericho,Panadol,malaria,111,0.4
2024-03-25,Kericho,Kericho,Panadol,malaria,124,0.4
2024-04-01,Kericho,Kericho,Panadol,malaria,103,0.4
2024-04-08,Kericho,Kericho,Panadol,malaria,131,0.4
2024-04-15,Kericho,Kericho,Panadol,malaria,364,0.4
2024-04-22,Kericho,Kericho,Panadol,malaria,414,0.4
2024-04-29,Kericho,Kericho,Panadol,malaria,285,0.4
2024-05-06,Kericho,Kericho,Panadol,malaria,230,0.4
2024-05-13,Kericho,Kericho,Panadol,malaria,173,0.4
2024-05-20,Kericho,Kericho,Panadol,malaria,250,0.4
2024-05-27,Kericho,Kericho,Panadol,malaria,98,0.4
2024-06-03,Kericho,Kericho,Panadol,malaria,111,0.4
2024-06-10,Kericho,Kericho,Panadol,malaria,117,0.4
2024-06-17,Kericho,Kericho,Panadol,malaria,125,0.4
2024-06-24,Kericho,Kericho,Panadol,malaria,108,0.4
2024-07-01,Kericho,Kericho,Panadol,malaria,90,0.4
2024-07-08,Kericho,Kericho,Panadol,malaria,79,0.4
2024-07-15,Kericho,Kericho,Panadol,malaria,88,0.4
2024-07-22,Kericho,Kericho,Panadol,malaria,64,0.4
2024-07-29,Kericho,Kericho,Panadol,malaria,55,0.4
2024-08-05,Kericho,Kericho,Panadol,malaria,107,0.4
2024-08-12,Kericho,Kericho,Panadol,malaria,133,0.4
2024-08-19,Kericho,Kericho,Panadol,malaria,198,0.4
2024-08-26,Kericho,Kericho,Panadol,malaria,239,0.4
2024-09-02,Kericho,Kericho,Panadol,malaria,206,0.4
2024-09-09,Kericho,Kericho,Panadol,malaria,226,0.4
2024-09-16,Kericho,Kericho,Panadol,malaria,151,0.4
2024-09-23,Kericho,Kericho,Panadol,malaria,151,0.4
2024-09-30,Kericho,Kericho,Panadol,malaria,69,0.4
2024-10-07,Kericho,Kericho,Panadol,malaria,91,0.4
2024-10-14,Kericho,Kericho,Panadol,malaria,98,0.4
2024-10-21,Kericho,Kericho,Panadol,malaria,98,0.4
2024-10-28,Kericho,Kericho,Panadol,malaria,85,0.4
2024-11-04,Kericho,Kericho,Panadol,malaria,101,0.4
2024-11-11,Kericho,Kericho,Panadol,malaria,104,0.4
2024-11-18,Kericho,Kericho,Panadol,malaria,93,0.4
2024-11-25,Kericho,Kericho,Panadol,malaria,93,0.4
2024-12-02,Kericho,Kericho,Panadol,malaria,73,0.4
2024-12-09,Kericho,Kericho,Panadol,malaria,62,0.4
2024-12-16,Kericho,Kericho,Panadol,malaria,91,0.4
2024-12-23,Kericho,Kericho,Panadol,malaria,86,0.4
2024-12-30,Kericho,Kericho,Panadol,malaria,61,0.4
2023-01-02,Kericho,Kericho,Flagyl,gi,76,0.85
2023-01-09,Kericho,Kericho,Flagyl,gi,52,0.85
2023-01-16,Kericho,Kericho,Flagyl,gi,64,0.85
2023-01-23,Kericho,Kericho,Flagyl,gi,78,0.85
2023-01-30,Kericho,Kericho,Flagyl,gi,64,0.85
2023-02-06,Kericho,Kericho,Flagyl,gi,84,0.85
2023-02-13,Kericho,Kericho,Flagyl,gi,80,0.85
2023-02-20,Kericho,Kericho,Flagyl,gi,70,0.85
2023-02-27,Kericho,Kericho,Flagyl,gi,59,0.85
2023-03-06,Kericho,Kericho,Flagyl,gi,58,0.85
2023-03-13,Kericho,Kericho,Flagyl,gi,47,0.85
2023-03-20,Kericho,Kericho,Flagyl,gi,66,0.85
2023-03-27,Kericho,Kericho,Flagyl,gi,63,0.85
2023-04-03,Kericho,Kericho,Flagyl,gi,85,0.85
2023-04-10,Kericho,Kericho,Flagyl,gi,56,0.85
2023-04-17,Kericho,Kericho,Flagyl,gi,75,0.85
2023-04-24,Kericho,Kericho,Flagyl,gi,75,0.85
2023-05-01,Kericho,Kericho,Flagyl,gi,56,0.85
2023-05-08,Kericho,Kericho,Flagyl,gi,52,0.85
2023-05-15,Kericho,Kericho,Flagyl,gi,48,0.85
2023-05-22,Kericho,Kericho,Flagyl,gi,65,0.85
2023-05-29,Kericho,Kericho,Flagyl,gi,55,0.85
2023-06-05,Kericho,Kericho,Flagyl,gi,62,0.85
2023-06-12,Kericho,Kericho,Flagyl,gi,88,0.85
2023-06-19,Kericho,Kericho,Flagyl,gi,74,0.85
2023-06-26,Kericho,Kericho,Flagyl,gi,67,0.85
2023-07-03,Kericho,Kericho,Flagyl,gi,79,0.85
2023-07-10,Kericho,Kericho,Flagyl,gi,60,0.85
2023-07-17,Kericho,Kericho,Flagyl,gi,66,0.85
2023-07-24,Kericho,Kericho,Flagyl,gi,43,0.85
2023-07-31,Kericho,Kericho,Flagyl,gi,56,0.85
2023-08-07,Kericho,Kericho,Flagyl,gi,74,0.85
2023-08-14,Kericho,Kericho,Flagyl,gi,69,0.85
2023-08-21,Kericho,Kericho,Flagyl,gi,84,0.85
2023-08-28,Kericho,Kericho,Flagyl,gi,76,0.85
2023-09-04,Kericho,Kericho,Flagyl,gi,98,0.85
2023-09-11,Kericho,Kericho,Flagyl,gi,88,0.85
2023-09-18,Kericho,Kericho,Flagyl,gi,52,0.85
2023-09-25,Kericho,Kericho,Flagyl,gi,61,0.85
2023-10-02,Kericho,Kericho,Flagyl,gi,42,0.85
2023-10-09,Kericho,Kericho,Flagyl,gi,59,0.85
2023-10-16,Kericho,Kericho,Flagyl,gi,66,0.85
2023-10-23,Kericho,Kericho,Flagyl,gi,60,0.85
2023-10-30,Kericho,Kericho,Flagyl,gi,87,0.85
2023-11-06,Kericho,Kericho,Flagyl,gi,79,0.85
2023-11-13,Kericho,Kericho,Flagyl,gi,72,0.85
2023-11-20,Kericho,Kericho,Flagyl,gi,67,0.85
2023-11-27,Kericho,Kericho,Flagyl,gi,66,0.85
2023-12-04,Kericho,Kericho,Flagyl,gi,60,0.85
2023-12-11,Kericho,Kericho,Flagyl,gi,47,0.85
2023-12-18,Kericho,Kericho,Flagyl,gi,33,0.85
2023-12-25,Kericho,Kericho,Flagyl,gi,65,0.85
2024-01-01,Kericho,Kericho,Flagyl,gi,45,0.85
2024-01-08,Kericho,Kericho,Flagyl,gi,63,0.85
2024-01-15,Kericho,Kericho,Flagyl,gi,135,0.85
2024-01-22,Kericho,Kericho,Flagyl,gi,143,0.85
2024-01-29,Kericho,Kericho,Flagyl,gi,219,0.85
2024-02-05,Kericho,Kericho,Flagyl,gi,173,0.85
2024-02-12,Kericho,Kericho,Flagyl,gi,161,0.85
2024-02-19,Kericho,Kericho,Flagyl,gi,167,0.85
2024-02-26,Kericho,Kericho,Flagyl,gi,54,0.85
2024-03-04,Kericho,Kericho,Flagyl,gi,63,0.85
2024-03-11,Kericho,Kericho,Flagyl,gi,55,0.85
2024-03-18,Kericho,Kericho,Flagyl,gi,68,0.85
2024-03-25,Kericho,Kericho,Flagyl,gi,82,0.85
2024-04-01,Kericho,Kericho,Flagyl,gi,94,0.85
2024-04-08,Kericho,Kericho,Flagyl,gi,68,0.85
2024-04-15,Kericho,Kericho,Flagyl,gi,71,0.85
2024-04-22,Kericho,Kericho,Flagyl,gi,85,0.85
2024-04-29,Kericho,Kericho,Flagyl,gi,73,0.85
2024-05-06,Kericho,Kericho,Flagyl,gi,66,0.85
2024-05-13,Kericho,Kericho,Flagyl,gi,38,0.85
2024-05-20,Kericho,Kericho,Flagyl,gi,70,0.85
2024-05-27,Kericho,Kericho,Flagyl,gi,58,0.85
2024-06-03,Kericho,Kericho,Flagyl,gi,73,0.85
2024-06-10,Kericho,Kericho,Flagyl,gi,74,0.85
2024-06-17,Kericho,Kericho,Flagyl,gi,67,0.85
2024-06-24,Kericho,Kericho,Flagyl,gi,59,0.85
2024-07-01,Kericho,Kericho,Flagyl,gi,53,0.85
2024-07-08,Kericho,Kericho,Flagyl,gi,66,0.85
2024-07-15,Kericho,Kericho,Flagyl,gi,44,0.85
2024-07-22,Kericho,Kericho,Flagyl,gi,40,0.85
2024-07-29,Kericho,Kericho,Flagyl,gi,55,0.85
2024-08-05,Kericho,Kericho,Flagyl,gi,39,0.85
2024-08-12,Kericho,Kericho,Flagyl,gi,80,0.85
2024-08-19,Kericho,Kericho,Flagyl,gi,91,0.85
2024-08-26,Kericho,Kericho,Flagyl,gi,144,0.85
2024-09-02,Kericho,Kericho,Flagyl,gi,144,0.85
2024-09-09,Kericho,Kericho,Flagyl,gi,146,0.85
2024-09-16,Kericho,Kericho,Flagyl,gi,123,0.85
2024-09-23,Kericho,Kericho,Flagyl,gi,141,0.85
2024-09-30,Kericho,Kericho,Flagyl,gi,50,0.85
2024-10-07,Kericho,Kericho,Flagyl,gi,66,0.85
2024-10-14,Kericho,Kericho,Flagyl,gi,58,0.85
2024-10-21,Kericho,Kericho,Flagyl,gi,73,0.85
2024-10-28,Kericho,Kericho,Flagyl,gi,93,0.85
2024-11-04,Kericho,Kericho,Flagyl,gi,74,0.85
2024-11-11,Kericho,Kericho,Flagyl,gi,78,0.85
2024-11-18,Kericho,Kericho,Flagyl,gi,82,0.85
2024-11-25,Kericho,Kericho,Flagyl,gi,58,0.85
2024-12-02,Kericho,Kericho,Flagyl,gi,38,0.85
2024-12-09,Kericho,Kericho,Flagyl,gi,50,0.85
2024-12-16,Kericho,Kericho,Flagyl,gi,65,0.85
2024-12-23,Kericho,Kericho,Flagyl,gi,52,0.85
2024-12-30,Kericho,Kericho,Flagyl,gi,63,0.85
2023-01-02,Kericho,Kericho,ORS,gi,104,0.8
2023-01-09,Kericho,Kericho,ORS,gi,111,0.8
2023-01-16,Kericho,Kericho,ORS,gi,130,0.8
2023-01-23,Kericho,Kericho,ORS,gi,112,0.8
2023-01-30,Kericho,Kericho,ORS,gi,127,0.8
2023-02-06,Kericho,Kericho,ORS,gi,142,0.8
2023-02-13,Kericho,Kericho,ORS,gi,150,0.8
2023-02-20,Kericho,Kericho,ORS,gi,143,0.8
2023-02-27,Kericho,Kericho,ORS,gi,101,0.8
2023-03-06,Kericho,Kericho,ORS,gi,90,0.8
2023-03-13,Kericho,Kericho,ORS,gi,123,0.8
2023-03-20,Kericho,Kericho,ORS,gi,97,0.8
2023-03-27,Kericho,Kericho,ORS,gi,130,0.8
2023-04-03,Kericho,Kericho,ORS,gi,140,0.8
2023-04-10,Kericho,Kericho,ORS,gi,156,0.8
2023-04-17,Kericho,Kericho,ORS,gi,104,0.8
2023-04-24,Kericho,Kericho,ORS,gi,102,0.8
2023-05-01,Kericho,Kericho,ORS,gi,109,0.8
2023-05-08,Kericho,Kericho,ORS,gi,100,0.8
2023-05-15,Kericho,Kericho,ORS,gi,93,0.8
2023-05-22,Kericho,Kericho,ORS,gi,102,0.8
2023-05-29,Kericho,Kericho,ORS,gi,106,0.8
2023-06-05,Kericho,Kericho,ORS,gi,126,0.8
2023-06-12,Kericho,Kericho,ORS,gi,131,0.8
2023-06-19,Kericho,Kericho,ORS,gi,162,0.8
2023-06-26,Kericho,Kericho,ORS,gi,129,0.8
2023-07-03,Kericho,Kericho,ORS,gi,112,0.8
2023-07-10,Kericho,Kericho,ORS,gi,116,0.8
2023-07-17,Kericho,Kericho,ORS,gi,98,0.8
2023-07-24,Kericho,Kericho,ORS,gi,61,0.8
2023-07-31,Kericho,Kericho,ORS,gi,95,0.8
2023-08-07,Kericho,Kericho,ORS,gi,107,0.8
2023-08-14,Kericho,Kericho,ORS,gi,109,0.8
2023-08-21,Kericho,Kericho,ORS,gi,145,0.8
2023-08-28,Kericho,Kericho,ORS,gi,113,0.8
2023-09-04,Kericho,Kericho,ORS,gi,134,0.8
2023-09-11,Kericho,Kericho,ORS,gi,116,0.8
2023-09-18,Kericho,Kericho,ORS,gi,110,0.8
2023-09-25,Kericho,Kericho,ORS,gi,101,0.8
2023-10-02,Kericho,Kericho,ORS,gi,64,0.8
2023-10-09,Kericho,Kericho,ORS,gi,98,0.8
2023-10-16,Kericho,Kericho,ORS,gi,145,0.8
2023-10-23,Kericho,Kericho,ORS,gi,91,0.8
2023-10-30,Kericho,Kericho,ORS,gi,125,0.8
2023-11-06,Kericho,Kericho,ORS,gi,150,0.8
2023-11-13,Kericho,Kericho,ORS,gi,131,0.8
2023-11-20,Kericho,Kericho,ORS,gi,131,0.8
2023-11-27,Kericho,Kericho,ORS,gi,70,0.8
2023-12-04,Kericho,Kericho,ORS,gi,103,0.8
2023-12-11,Kericho,Kericho,ORS,gi,71,0.8
2023-12-18,Kericho,Kericho,ORS,gi,99,0.8
2023-12-25,Kericho,Kericho,ORS,gi,108,0.8
2024-01-01,Kericho,Kericho,ORS,gi,127,0.8
2024-01-08,Kericho,Kericho,ORS,gi,117,0.8
2024-01-15,Kericho,Kericho,ORS,gi,117,0.8
2024-01-22,Kericho,Kericho,ORS,gi,97,0.8
2024-01-29,Kericho,Kericho,ORS,gi,130,0.8
2024-02-05,Kericho,Kericho,ORS,gi,141,0.8
2024-02-12,Kericho,Kericho,ORS,gi,117,0.8
2024-02-19,Kericho,Kericho,ORS,gi,100,0.8
2024-02-26,Kericho,Kericho,ORS,gi,87,0.8
2024-03-04,Kericho,Kericho,ORS,gi,86,0.8
2024-03-11,Kericho,Kericho,ORS,gi,106,0.8
2024-03-18,Kericho,Kericho,ORS,gi,130,0.8
2024-03-25,Kericho,Kericho,ORS,gi,101,0.8
2024-04-01,Kericho,Kericho,ORS,gi,136,0.8
2024-04-08,Kericho,Kericho,ORS,gi,344,0.8
2024-04-15,Kericho,Kericho,ORS,gi,339,0.8
2024-04-22,Kericho,Kericho,ORS,gi,345,0.8
2024-04-29,Kericho,Kericho,ORS,gi,314,0.8
2024-05-06,Kericho,Kericho,ORS,gi,280,0.8
2024-05-13,Kericho,Kericho,ORS,gi,184,0.8
2024-05-20,Kericho,Kericho,ORS,gi,84,0.8
2024-05-27,Kericho,Kericho,ORS,gi,132,0.8
2024-06-03,Kericho,Kericho,ORS,gi,115,0.8
2024-06-10,Kericho,Kericho,ORS,gi,131,0.8
2024-06-17,Kericho,Kericho,ORS,gi,148,0.8
2024-06-24,Kericho,Kericho,ORS,gi,134,0.8
2024-07-01,Kericho,Kericho,ORS,gi,129,0.8
2024-07-08,Kericho,Kericho,ORS,gi,123,0.8
2024-07-15,Kericho,Kericho,ORS,gi,65,0.8
2024-07-22,Kericho,Kericho,ORS,gi,74,0.8
2024-07-29,Kericho,Kericho,ORS,gi,101,0.8
2024-08-05,Kericho,Kericho,ORS,gi,131,0.8
2024-08-12,Kericho,Kericho,ORS,gi,120,0.8
2024-08-19,Kericho,Kericho,ORS,gi,202,0.8
2024-08-26,Kericho,Kericho,ORS,gi,207,0.8
2024-09-02,Kericho,Kericho,ORS,gi,262,0.8
2024-09-09,Kericho,Kericho,ORS,gi,212,0.8
2024-09-16,Kericho,Kericho,ORS,gi,199,0.8
2024-09-23,Kericho,Kericho,ORS,gi,191,0.8
2024-09-30,Kericho,Kericho,ORS,gi,45,0.8
2024-10-07,Kericho,Kericho,ORS,gi,123,0.8
2024-10-14,Kericho,Kericho,ORS,gi,96,0.8
2024-10-21,Kericho,Kericho,ORS,gi,123,0.8
2024-10-28,Kericho,Kericho,ORS,gi,94,0.8
2024-11-04,Kericho,Kericho,ORS,gi,120,0.8
2024-11-11,Kericho,Kericho,ORS,gi,149,0.8
2024-11-18,Kericho,Kericho,ORS,gi,85,0.8
2024-11-25,Kericho,Kericho,ORS,gi,126,0.8
2024-12-02,Kericho,Kericho,ORS,gi,91,0.8
2024-12-09,Kericho,Kericho,ORS,gi,86,0.8
2024-12-16,Kericho,Kericho,ORS,gi,104,0.8
2024-12-23,Kericho,Kericho,ORS,gi,115,0.8
2024-12-30,Kericho,Kericho,ORS,gi,83,0.8
2023-01-02,Kericho,Kericho,Imodium,gi,31,0.7
2023-01-09,Kericho,Kericho,Imodium,gi,43,0.7
2023-01-16,Kericho,Kericho,Imodium,gi,52,0.7
2023-01-23,Kericho,Kericho,Imodium,gi,58,0.7
2023-01-30,Kericho,Kericho,Imodium,gi,65,0.7
2023-02-06,Kericho,Kericho,Imodium,gi,55,0.7
2023-02-13,Kericho,Kericho,Imodium,gi,51,0.7
2023-02-20,Kericho,Kericho,Imodium,gi,57,0.7
2023-02-27,Kericho,Kericho,Imodium,gi,47,0.7
2023-03-06,Kericho,Kericho,Imodium,gi,39,0.7
2023-03-13,Kericho,Kericho,Imodium,gi,109,0.7
2023-03-20,Kericho,Kericho,Imodium,gi,140,0.7
2023-03-27,Kericho,Kericho,Imodium,gi,121,0.7
2023-04-03,Kericho,Kericho,Imodium,gi,125,0.7
2023-04-10,Kericho,Kericho,Imodium,gi,160,0.7
2023-04-17,Kericho,Kericho,Imodium,gi,107,0.7
2023-04-24,Kericho,Kericho,Imodium,gi,54,0.7
2023-05-01,Kericho,Kericho,Imodium,gi,46,0.7
2023-05-08,Kericho,Kericho,Imodium,gi,34,0.7
2023-05-15,Kericho,Kericho,Imodium,gi,31,0.7
2023-05-22,Kericho,Kericho,Imodium,gi,42,0.7
2023-05-29,Kericho,Kericho,Imodium,gi,56,0.7
2023-06-05,Kericho,Kericho,Imodium,gi,48,0.7
2023-06-12,Kericho,Kericho,Imodium,gi,67,0.7
2023-06-19,Kericho,Kericho,Imodium,gi,58,0.7
2023-06-26,Kericho,Kericho,Imodium,gi,68,0.7
2023-07-03,Kericho,Kericho,Imodium,gi,49,0.7
2023-07-10,Kericho,Kericho,Imodium,gi,48,0.7
2023-07-17,Kericho,Kericho,Imodium,gi,45,0.7
2023-07-24,Kericho,Kericho,Imodium,gi,35,0.7
2023-07-31,Kericho,Kericho,Imodium,gi,49,0.7
2023-08-07,Kericho,Kericho,Imodium,gi,33,0.7
2023-08-14,Kericho,Kericho,Imodium,gi,73,0.7
2023-08-21,Kericho,Kericho,Imodium,gi,64,0.7
2023-08-28,Kericho,Kericho,Imodium,gi,56,0.7
2023-09-04,Kericho,Kericho,Imodium,gi,52,0.7
2023-09-11,Kericho,Kericho,Imodium,gi,47,0.7
2023-09-18,Kericho,Kericho,Imodium,gi,53,0.7
2023-09-25,Kericho,Kericho,Imodium,gi,49,0.7
2023-10-02,Kericho,Kericho,Imodium,gi,35,0.7
2023-10-09,Kericho,Kericho,Imodium,gi,50,0.7
2023-10-16,Kericho,Kericho,Imodium,gi,42,0.7
2023-10-23,Kericho,Kericho,Imodium,gi,45,0.7
2023-10-30,Kericho,Kericho,Imodium,gi,72,0.7
2023-11-06,Kericho,Kericho,Imodium,gi,63,0.7
2023-11-13,Kericho,Kericho,Imodium,gi,68,0.7
2023-11-20,Kericho,Kericho,Imodium,gi,47,0.7
2023-11-27,Kericho,Kericho,Imodium,gi,42,0.7
2023-12-04,Kericho,Kericho,Imodium,gi,40,0.7
2023-12-11,Kericho,Kericho,Imodium,gi,32,0.7
2023-12-18,Kericho,Kericho,Imodium,gi,47,0.7
2023-12-25,Kericho,Kericho,Imodium,gi,43,0.7
2024-01-01,Kericho,Kericho,Imodium,gi,35,0.7
2024-01-08,Kericho,Kericho,Imodium,gi,50,0.7
2024-01-15,Kericho,Kericho,Imodium,gi,43,0.7
2024-01-22,Kericho,Kericho,Imodium,gi,41,0.7
2024-01-29,Kericho,Kericho,Imodium,gi,59,0.7
2024-02-05,Kericho,Kericho,Imodium,gi,42,0.7
2024-02-12,Kericho,Kericho,Imodium,gi,60,0.7
2024-02-19,Kericho,Kericho,Imodium,gi,39,0.7
2024-02-26,Kericho,Kericho,Imodium,gi,28,0.7
2024-03-04,Kericho,Kericho,Imodium,gi,34,0.7
2024-03-11,Kericho,Kericho,Imodium,gi,44,0.7
2024-03-18,Kericho,Kericho,Imodium,gi,52,0.7
2024-03-25,Kericho,Kericho,Imodium,gi,55,0.7
2024-04-01,Kericho,Kericho,Imodium,gi,48,0.7
2024-04-08,Kericho,Kericho,Imodium,gi,64,0.7
2024-04-15,Kericho,Kericho,Imodium,gi,65,0.7
2024-04-22,Kericho,Kericho,Imodium,gi,44,0.7
2024-04-29,Kericho,Kericho,Imodium,gi,47,0.7
2024-05-06,Kericho,Kericho,Imodium,gi,41,0.7
2024-05-13,Kericho,Kericho,Imodium,gi,37,0.7
2024-05-20,Kericho,Kericho,Imodium,gi,41,0.7
2024-05-27,Kericho,Kericho,Imodium,gi,48,0.7
2024-06-03,Kericho,Kericho,Imodium,gi,59,0.7
2024-06-10,Kericho,Kericho,Imodium,gi,47,0.7
2024-06-17,Kericho,Kericho,Imodium,gi,64,0.7
2024-06-24,Kericho,Kericho,Imodium,gi,66,0.7
2024-07-01,Kericho,Kericho,Imodium,gi,67,0.7
2024-07-08,Kericho,Kericho,Imodium,gi,33,0.7
2024-07-15,Kericho,Kericho,Imodium,gi,42,0.7
2024-07-22,Kericho,Kericho,Imodium,gi,25,0.7
2024-07-29,Kericho,Kericho,Imodium,gi,27,0.7
2024-08-05,Kericho,Kericho,Imodium,gi,50,0.7
2024-08-12,Kericho,Kericho,Imodium,gi,50,0.7
2024-08-19,Kericho,Kericho,Imodium,gi,59,0.7
2024-08-26,Kericho,Kericho,Imodium,gi,62,0.7
2024-09-02,Kericho,Kericho,Imodium,gi,67,0.7
2024-09-09,Kericho,Kericho,Imodium,gi,54,0.7
2024-09-16,Kericho,Kericho,Imodium,gi,70,0.7
2024-09-23,Kericho,Kericho,Imodium,gi,45,0.7
2024-09-30,Kericho,Kericho,Imodium,gi,46,0.7
2024-10-07,Kericho,Kericho,Imodium,gi,64,0.7
2024-10-14,Kericho,Kericho,Imodium,gi,134,0.7
2024-10-21,Kericho,Kericho,Imodium,gi,119,0.7
2024-10-28,Kericho,Kericho,Imodium,gi,92,0.7
2024-11-04,Kericho,Kericho,Imodium,gi,140,0.7
2024-11-11,Kericho,Kericho,Imodium,gi,124,0.7
2024-11-18,Kericho,Kericho,Imodium,gi,58,0.7
2024-11-25,Kericho,Kericho,Imodium,gi,56,0.7
2024-12-02,Kericho,Kericho,Imodium,gi,33,0.7
2024-12-09,Kericho,Kericho,Imodium,gi,41,0.7
2024-12-16,Kericho,Kericho,Imodium,gi,43,0.7
2024-12-23,Kericho,Kericho,Imodium,gi,59,0.7
2024-12-30,Kericho,Kericho,Imodium,gi,41,0.7
2023-01-02,Kericho,Kericho,Septrin,respiratory,125,0.8
2023-01-09,Kericho,Kericho,Septrin,respiratory,115,0.8
2023-01-16,Kericho,Kericho,Septrin,respiratory,113,0.8
2023-01-23,Kericho,Kericho,Septrin,respiratory,160,0.8
2023-01-30,Kericho,Kericho,Septrin,respiratory,104,0.8
2023-02-06,Kericho,Kericho,Septrin,respiratory,194,0.8
2023-02-13,Kericho,Kericho,Septrin,respiratory,166,0.8
2023-02-20,Kericho,Kericho,Septrin,respiratory,190,0.8
2023-02-27,Kericho,Kericho,Septrin,respiratory,220,0.8
2023-03-06,Kericho,Kericho,Septrin,respiratory,205,0.8
2023-03-13,Kericho,Kericho,Septrin,respiratory,256,0.8
2023-03-20,Kericho,Kericho,Septrin,respiratory,269,0.8
2023-03-27,Kericho,Kericho,Septrin,respiratory,172,0.8
2023-04-03,Kericho,Kericho,Septrin,respiratory,154,0.8
2023-04-10,Kericho,Kericho,Septrin,respiratory,132,0.8
2023-04-17,Kericho,Kericho,Septrin,respiratory,146,0.8
2023-04-24,Kericho,Kericho,Septrin,respiratory,132,0.8
2023-05-01,Kericho,Kericho,Septrin,respiratory,163,0.8
2023-05-08,Kericho,Kericho,Septrin,respiratory,158,0.8
2023-05-15,Kericho,Kericho,Septrin,respiratory,111,0.8
2023-05-22,Kericho,Kericho,Septrin,respiratory,146,0.8
2023-05-29,Kericho,Kericho,Septrin,respiratory,166,0.8
2023-06-05,Kericho,Kericho,Septrin,respiratory,125,0.8
2023-06-12,Kericho,Kericho,Septrin,respiratory,129,0.8
2023-06-19,Kericho,Kericho,Septrin,respiratory,124,0.8
2023-06-26,Kericho,Kericho,Septrin,respiratory,152,0.8
2023-07-03,Kericho,Kericho,Septrin,respiratory,143,0.8
2023-07-10,Kericho,Kericho,Septrin,respiratory,169,0.8
2023-07-17,Kericho,Kericho,Septrin,respiratory,227,0.8
2023-07-24,Kericho,Kericho,Septrin,respiratory,282,0.8
2023-07-31,Kericho,Kericho,Septrin,respiratory,204,0.8
2023-08-07,Kericho,Kericho,Septrin,respiratory,191,0.8
2023-08-14,Kericho,Kericho,Septrin,respiratory,239,0.8
2023-08-21,Kericho,Kericho,Septrin,respiratory,137,0.8
2023-08-28,Kericho,Kericho,Septrin,respiratory,101,0.8
2023-09-04,Kericho,Kericho,Septrin,respiratory,118,0.8
2023-09-11,Kericho,Kericho,Septrin,respiratory,122,0.8
2023-09-18,Kericho,Kericho,Septrin,respiratory,100,0.8
2023-09-25,Kericho,Kericho,Septrin,respiratory,132,0.8
2023-10-02,Kericho,Kericho,Septrin,respiratory,154,0.8
2023-10-09,Kericho,Kericho,Septrin,respiratory,109,0.8
2023-10-16,Kericho,Kericho,Septrin,respiratory,137,0.8
2023-10-23,Kericho,Kericho,Septrin,respiratory,143,0.8
2023-10-30,Kericho,Kericho,Septrin,respiratory,133,0.8
2023-11-06,Kericho,Kericho,Septrin,respiratory,139,0.8
2023-11-13,Kericho,Kericho,Septrin,respiratory,169,0.8
2023-11-20,Kericho,Kericho,Septrin,respiratory,167,0.8
2023-11-27,Kericho,Kericho,Septrin,respiratory,259,0.8
2023-12-04,Kericho,Kericho,Septrin,respiratory,267,0.8
2023-12-11,Kericho,Kericho,Septrin,respiratory,270,0.8
2023-12-18,Kericho,Kericho,Septrin,respiratory,259,0.8
2023-12-25,Kericho,Kericho,Septrin,respiratory,161,0.8
2024-01-01,Kericho,Kericho,Septrin,respiratory,154,0.8
2024-01-08,Kericho,Kericho,Septrin,respiratory,148,0.8
2024-01-15,Kericho,Kericho,Septrin,respiratory,104,0.8
2024-01-22,Kericho,Kericho,Septrin,respiratory,131,0.8
2024-01-29,Kericho,Kericho,Septrin,respiratory,141,0.8
2024-02-05,Kericho,Kericho,Septrin,respiratory,205,0.8
2024-02-12,Kericho,Kericho,Septrin,respiratory,211,0.8
2024-02-19,Kericho,Kericho,Septrin,respiratory,184,0.8
2024-02-26,Kericho,Kericho,Septrin,respiratory,282,0.8
2024-03-04,Kericho,Kericho,Septrin,respiratory,231,0.8
2024-03-11,Kericho,Kericho,Septrin,respiratory,216,0.8
2024-03-18,Kericho,Kericho,Septrin,respiratory,201,0.8
2024-03-25,Kericho,Kericho,Septrin,respiratory,144,0.8
2024-04-01,Kericho,Kericho,Septrin,respiratory,161,0.8
2024-04-08,Kericho,Kericho,Septrin,respiratory,430,0.8
2024-04-15,Kericho,Kericho,Septrin,respiratory,377,0.8
2024-04-22,Kericho,Kericho,Septrin,respiratory,425,0.8
2024-04-29,Kericho,Kericho,Septrin,respiratory,348,0.8
2024-05-06,Kericho,Kericho,Septrin,respiratory,391,0.8
2024-05-13,Kericho,Kericho,Septrin,respiratory,419,0.8
2024-05-20,Kericho,Kericho,Septrin,respiratory,139,0.8
2024-05-27,Kericho,Kericho,Septrin,respiratory,102,0.8
2024-06-03,Kericho,Kericho,Septrin,respiratory,126,0.8
2024-06-10,Kericho,Kericho,Septrin,respiratory,169,0.8
2024-06-17,Kericho,Kericho,Septrin,respiratory,125,0.8
2024-06-24,Kericho,Kericho,Septrin,respiratory,165,0.8
2024-07-01,Kericho,Kericho,Septrin,respiratory,188,0.8
2024-07-08,Kericho,Kericho,Septrin,respiratory,486,0.8
2024-07-15,Kericho,Kericho,Septrin,respiratory,499,0.8
2024-07-22,Kericho,Kericho,Septrin,respiratory,479,0.8
2024-07-29,Kericho,Kericho,Septrin,respiratory,931,0.8
2024-08-05,Kericho,Kericho,Septrin,respiratory,1080,0.8
2024-08-12,Kericho,Kericho,Septrin,respiratory,1002,0.8
2024-08-19,Kericho,Kericho,Septrin,respiratory,383,0.8
2024-08-26,Kericho,Kericho,Septrin,respiratory,306,0.8
2024-09-02,Kericho,Kericho,Septrin,respiratory,442,0.8
2024-09-09,Kericho,Kericho,Septrin,respiratory,129,0.8
2024-09-16,Kericho,Kericho,Septrin,respiratory,168,0.8
2024-09-23,Kericho,Kericho,Septrin,respiratory,155,0.8
2024-09-30,Kericho,Kericho,Septrin,respiratory,143,0.8
2024-10-07,Kericho,Kericho,Septrin,respiratory,144,0.8
2024-10-14,Kericho,Kericho,Septrin,respiratory,107,0.8
2024-10-21,Kericho,Kericho,Septrin,respiratory,139,0.8
2024-10-28,Kericho,Kericho,Septrin,respiratory,164,0.8
2024-11-04,Kericho,Kericho,Septrin,respiratory,369,0.8
2024-11-11,Kericho,Kericho,Septrin,respiratory,416,0.8
2024-11-18,Kericho,Kericho,Septrin,respiratory,593,0.8
2024-11-25,Kericho,Kericho,Septrin,respiratory,509,0.8
2024-12-02,Kericho,Kericho,Septrin,respiratory,505,0.8
2024-12-09,Kericho,Kericho,Septrin,respiratory,582,0.8
2024-12-16,Kericho,Kericho,Septrin,respiratory,251,0.8
2024-12-23,Kericho,Kericho,Septrin,respiratory,157,0.8
2024-12-30,Kericho,Kericho,Septrin,respiratory,141,0.8
2023-01-02,Kericho,Kericho,Amoxicillin,respiratory,131,0.75
2023-01-09,Kericho,Kericho,Amoxicillin,respiratory,88,0.75
2023-01-16,Kericho,Kericho,Amoxicillin,respiratory,111,0.75
2023-01-23,Kericho,Kericho,Amoxicillin,respiratory,84,0.75
2023-01-30,Kericho,Kericho,Amoxicillin,respiratory,75,0.75
2023-02-06,Kericho,Kericho,Amoxicillin,respiratory,84,0.75
2023-02-13,Kericho,Kericho,Amoxicillin,respiratory,151,0.75
2023-02-20,Kericho,Kericho,Amoxicillin,respiratory,159,0.75
2023-02-27,Kericho,Kericho,Amoxicillin,respiratory,153,0.75
2023-03-06,Kericho,Kericho,Amoxicillin,respiratory,124,0.75
2023-03-13,Kericho,Kericho,Amoxicillin,respiratory,148,0.75
2023-03-20,Kericho,Kericho,Amoxicillin,respiratory,155,0.75
2023-03-27,Kericho,Kericho,Amoxicillin,respiratory,156,0.75
2023-04-03,Kericho,Kericho,Amoxicillin,respiratory,120,0.75
2023-04-10,Kericho,Kericho,Amoxicillin,respiratory,103,0.75
2023-04-17,Kericho,Kericho,Amoxicillin,respiratory,93,0.75
2023-04-24,Kericho,Kericho,Amoxicillin,respiratory,125,0.75
2023-05-01,Kericho,Kericho,Amoxicillin,respiratory,84,0.75
2023-05-08,Kericho,Kericho,Amoxicillin,respiratory,89,0.75
2023-05-15,Kericho,Kericho,Amoxicillin,respiratory,92,0.75
2023-05-22,Kericho,Kericho,Amoxicillin,respiratory,107,0.75
2023-05-29,Kericho,Kericho,Amoxicillin,respiratory,84,0.75
2023-06-05,Kericho,Kericho,Amoxicillin,respiratory,101,0.75
2023-06-12,Kericho,Kericho,Amoxicillin,respiratory,101,0.75
2023-06-19,Kericho,Kericho,Amoxicillin,respiratory,89,0.75
2023-06-26,Kericho,Kericho,Amoxicillin,respiratory,126,0.75
2023-07-03,Kericho,Kericho,Amoxicillin,respiratory,119,0.75
2023-07-10,Kericho,Kericho,Amoxicillin,respiratory,129,0.75
2023-07-17,Kericho,Kericho,Amoxicillin,respiratory,167,0.75
2023-07-24,Kericho,Kericho,Amoxicillin,respiratory,126,0.75
2023-07-31,Kericho,Kericho,Amoxicillin,respiratory,112,0.75
2023-08-07,Kericho,Kericho,Amoxicillin,respiratory,167,0.75
2023-08-14,Kericho,Kericho,Amoxicillin,respiratory,162,0.75
2023-08-21,Kericho,Kericho,Amoxicillin,respiratory,112,0.75
2023-08-28,Kericho,Kericho,Amoxicillin,respiratory,89,0.75
2023-09-04,Kericho,Kericho,Amoxicillin,respiratory,114,0.75
2023-09-11,Kericho,Kericho,Amoxicillin,respiratory,82,0.75
2023-09-18,Kericho,Kericho,Amoxicillin,respiratory,79,0.75
2023-09-25,Kericho,Kericho,Amoxicillin,respiratory,110,0.75
2023-10-02,Kericho,Kericho,Amoxicillin,respiratory,99,0.75
2023-10-09,Kericho,Kericho,Amoxicillin,respiratory,115,0.75
2023-10-16,Kericho,Kericho,Amoxicillin,respiratory,67,0.75
2023-10-23,Kericho,Kericho,Amoxicillin,respiratory,78,0.75
2023-10-30,Kericho,Kericho,Amoxicillin,respiratory,99,0.75
2023-11-06,Kericho,Kericho,Amoxicillin,respiratory,105,0.75
2023-11-13,Kericho,Kericho,Amoxicillin,respiratory,136,0.75
2023-11-20,Kericho,Kericho,Amoxicillin,respiratory,143,0.75
2023-11-27,Kericho,Kericho,Amoxicillin,respiratory,159,0.75
2023-12-04,Kericho,Kericho,Amoxicillin,respiratory,155,0.75
2023-12-11,Kericho,Kericho,Amoxicillin,respiratory,208,0.75
2023-12-18,Kericho,Kericho,Amoxicillin,respiratory,138,0.75
2023-12-25,Kericho,Kericho,Amoxicillin,respiratory,163,0.75
2024-01-01,Kericho,Kericho,Amoxicillin,respiratory,84,0.75
2024-01-08,Kericho,Kericho,Amoxicillin,respiratory,318,0.75
2024-01-15,Kericho,Kericho,Amoxicillin,respiratory,249,0.75
2024-01-22,Kericho,Kericho,Amoxicillin,respiratory,327,0.75
2024-01-29,Kericho,Kericho,Amoxicillin,respiratory,300,0.75
2024-02-05,Kericho,Kericho,Amoxicillin,respiratory,452,0.75
2024-02-12,Kericho,Kericho,Amoxicillin,respiratory,398,0.75
2024-02-19,Kericho,Kericho,Amoxicillin,respiratory,165,0.75
2024-02-26,Kericho,Kericho,Amoxicillin,respiratory,146,0.75
2024-03-04,Kericho,Kericho,Amoxicillin,respiratory,161,0.75
2024-03-11,Kericho,Kericho,Amoxicillin,respiratory,168,0.75
2024-03-18,Kericho,Kericho,Amoxicillin,respiratory,120,0.75
2024-03-25,Kericho,Kericho,Amoxicillin,respiratory,110,0.75
2024-04-01,Kericho,Kericho,Amoxicillin,respiratory,131,0.75
2024-04-08,Kericho,Kericho,Amoxicillin,respiratory,97,0.75
2024-04-15,Kericho,Kericho,Amoxicillin,respiratory,90,0.75
2024-04-22,Kericho,Kericho,Amoxicillin,respiratory,88,0.75
2024-04-29,Kericho,Kericho,Amoxicillin,respiratory,89,0.75
2024-05-06,Kericho,Kericho,Amoxicillin,respiratory,101,0.75
2024-05-13,Kericho,Kericho,Amoxicillin,respiratory,106,0.75
2024-05-20,Kericho,Kericho,Amoxicillin,respiratory,68,0.75
2024-05-27,Kericho,Kericho,Amoxicillin,respiratory,120,0.75
2024-06-03,Kericho,Kericho,Amoxicillin,respiratory,119,0.75
2024-06-10,Kericho,Kericho,Amoxicillin,respiratory,64,0.75
2024-06-17,Kericho,Kericho,Amoxicillin,respiratory,115,0.75
2024-06-24,Kericho,Kericho,Amoxicillin,respiratory,139,0.75
2024-07-01,Kericho,Kericho,Amoxicillin,respiratory,140,0.75
2024-07-08,Kericho,Kericho,Amoxicillin,respiratory,125,0.75
2024-07-15,Kericho,Kericho,Amoxicillin,respiratory,190,0.75
2024-07-22,Kericho,Kericho,Amoxicillin,respiratory,464,0.75
2024-07-29,Kericho,Kericho,Amoxicillin,respiratory,510,0.75
2024-08-05,Kericho,Kericho,Amoxicillin,respiratory,591,0.75
2024-08-12,Kericho,Kericho,Amoxicillin,respiratory,415,0.75
2024-08-19,Kericho,Kericho,Amoxicillin,respiratory,297,0.75
2024-08-26,Kericho,Kericho,Amoxicillin,respiratory,269,0.75
2024-09-02,Kericho,Kericho,Amoxicillin,respiratory,87,0.75
2024-09-09,Kericho,Kericho,Amoxicillin,respiratory,105,0.75
2024-09-16,Kericho,Kericho,Amoxicillin,respiratory,87,0.75
2024-09-23,Kericho,Kericho,Amoxicillin,respiratory,92,0.75
2024-09-30,Kericho,Kericho,Amoxicillin,respiratory,80,0.75
2024-10-07,Kericho,Kericho,Amoxicillin,respiratory,97,0.75
2024-10-14,Kericho,Kericho,Amoxicillin,respiratory,102,0.75
2024-10-21,Kericho,Kericho,Amoxicillin,respiratory,59,0.75
2024-10-28,Kericho,Kericho,Amoxicillin,respiratory,103,0.75
2024-11-04,Kericho,Kericho,Amoxicillin,respiratory,98,0.75
2024-11-11,Kericho,Kericho,Amoxicillin,respiratory,107,0.75
2024-11-18,Kericho,Kericho,Amoxicillin,respiratory,182,0.75
2024-11-25,Kericho,Kericho,Amoxicillin,respiratory,177,0.75
2024-12-02,Kericho,Kericho,Amoxicillin,respiratory,138,0.75
2024-12-09,Kericho,Kericho,Amoxicillin,respiratory,189,0.75
2024-12-16,Kericho,Kericho,Amoxicillin,respiratory,196,0.75
2024-12-23,Kericho,Kericho,Amoxicillin,respiratory,158,0.75
2024-12-30,Kericho,Kericho,Amoxicillin,respiratory,104,0.75
2023-01-02,Kericho,Kericho,Piriton,respiratory,123,0.5
2023-01-09,Kericho,Kericho,Piriton,respiratory,103,0.5
2023-01-16,Kericho,Kericho,Piriton,respiratory,116,0.5
2023-01-23,Kericho,Kericho,Piriton,respiratory,139,0.5
2023-01-30,Kericho,Kericho,Piriton,respiratory,109,0.5
2023-02-06,Kericho,Kericho,Piriton,respiratory,141,0.5
2023-02-13,Kericho,Kericho,Piriton,respiratory,167,0.5
2023-02-20,Kericho,Kericho,Piriton,respiratory,207,0.5
2023-02-27,Kericho,Kericho,Piriton,respiratory,129,0.5
2023-03-06,Kericho,Kericho,Piriton,respiratory,181,0.5
2023-03-13,Kericho,Kericho,Piriton,respiratory,201,0.5
2023-03-20,Kericho,Kericho,Piriton,respiratory,216,0.5
2023-03-27,Kericho,Kericho,Piriton,respiratory,153,0.5
2023-04-03,Kericho,Kericho,Piriton,respiratory,102,0.5
2023-04-10,Kericho,Kericho,Piriton,respiratory,128,0.5
2023-04-17,Kericho,Kericho,Piriton,respiratory,106,0.5
2023-04-24,Kericho,Kericho,Piriton,respiratory,96,0.5
2023-05-01,Kericho,Kericho,Piriton,respiratory,106,0.5
2023-05-08,Kericho,Kericho,Piriton,respiratory,114,0.5
2023-05-15,Kericho,Kericho,Piriton,respiratory,106,0.5
2023-05-22,Kericho,Kericho,Piriton,respiratory,78,0.5
2023-05-29,Kericho,Kericho,Piriton,respiratory,133,0.5
2023-06-05,Kericho,Kericho,Piriton,respiratory,139,0.5
2023-06-12,Kericho,Kericho,Piriton,respiratory,128,0.5
2023-06-19,Kericho,Kericho,Piriton,respiratory,97,0.5
2023-06-26,Kericho,Kericho,Piriton,respiratory,138,0.5
2023-07-03,Kericho,Kericho,Piriton,respiratory,165,0.5
2023-07-10,Kericho,Kericho,Piriton,respiratory,200,0.5
2023-07-17,Kericho,Kericho,Piriton,respiratory,214,0.5
2023-07-24,Kericho,Kericho,Piriton,respiratory,177,0.5
2023-07-31,Kericho,Kericho,Piriton,respiratory,197,0.5
2023-08-07,Kericho,Kericho,Piriton,respiratory,196,0.5
2023-08-14,Kericho,Kericho,Piriton,respiratory,201,0.5
2023-08-21,Kericho,Kericho,Piriton,respiratory,157,0.5
2023-08-28,Kericho,Kericho,Piriton,respiratory,131,0.5
2023-09-04,Kericho,Kericho,Piriton,respiratory,118,0.5
2023-09-11,Kericho,Kericho,Piriton,respiratory,142,0.5
2023-09-18,Kericho,Kericho,Piriton,respiratory,124,0.5
2023-09-25,Kericho,Kericho,Piriton,respiratory,102,0.5
2023-10-02,Kericho,Kericho,Piriton,respiratory,142,0.5
2023-10-09,Kericho,Kericho,Piriton,respiratory,389,0.5
2023-10-16,Kericho,Kericho,Piriton,respiratory,329,0.5
2023-10-23,Kericho,Kericho,Piriton,respiratory,327,0.5
2023-10-30,Kericho,Kericho,Piriton,respiratory,368,0.5
2023-11-06,Kericho,Kericho,Piriton,respiratory,377,0.5
2023-11-13,Kericho,Kericho,Piriton,respiratory,441,0.5
2023-11-20,Kericho,Kericho,Piriton,respiratory,173,0.5
2023-11-27,Kericho,Kericho,Piriton,respiratory,230,0.5
2023-12-04,Kericho,Kericho,Piriton,respiratory,226,0.5
2023-12-11,Kericho,Kericho,Piriton,respiratory,205,0.5
2023-12-18,Kericho,Kericho,Piriton,respiratory,457,0.5
2023-12-25,Kericho,Kericho,Piriton,respiratory,319,0.5
2024-01-01,Kericho,Kericho,Piriton,respiratory,255,0.5
2024-01-08,Kericho,Kericho,Piriton,respiratory,306,0.5
2024-01-15,Kericho,Kericho,Piriton,respiratory,233,0.5
2024-01-22,Kericho,Kericho,Piriton,respiratory,210,0.5
2024-01-29,Kericho,Kericho,Piriton,respiratory,106,0.5
2024-02-05,Kericho,Kericho,Piriton,respiratory,119,0.5
2024-02-12,Kericho,Kericho,Piriton,respiratory,146,0.5
2024-02-19,Kericho,Kericho,Piriton,respiratory,173,0.5
2024-02-26,Kericho,Kericho,Piriton,respiratory,154,0.5
2024-03-04,Kericho,Kericho,Piriton,respiratory,199,0.5
2024-03-11,Kericho,Kericho,Piriton,respiratory,221,0.5
2024-03-18,Kericho,Kericho,Piriton,respiratory,158,0.5
2024-03-25,Kericho,Kericho,Piriton,respiratory,203,0.5
2024-04-01,Kericho,Kericho,Piriton,respiratory,153,0.5
2024-04-08,Kericho,Kericho,Piriton,respiratory,135,0.5
2024-04-15,Kericho,Kericho,Piriton,respiratory,105,0.5
2024-04-22,Kericho,Kericho,Piriton,respiratory,132,0.5
2024-04-29,Kericho,Kericho,Piriton,respiratory,98,0.5
2024-05-06,Kericho,Kericho,Piriton,respiratory,308,0.5
2024-05-13,Kericho,Kericho,Piriton,respiratory,279,0.5
2024-05-20,Kericho,Kericho,Piriton,respiratory,294,0.5
2024-05-27,Kericho,Kericho,Piriton,respiratory,224,0.5
2024-06-03,Kericho,Kericho,Piriton,respiratory,235,0.5
2024-06-10,Kericho,Kericho,Piriton,respiratory,296,0.5
2024-06-17,Kericho,Kericho,Piriton,respiratory,100,0.5
2024-06-24,Kericho,Kericho,Piriton,respiratory,152,0.5
2024-07-01,Kericho,Kericho,Piriton,respiratory,131,0.5
2024-07-08,Kericho,Kericho,Piriton,respiratory,207,0.5
2024-07-15,Kericho,Kericho,Piriton,respiratory,159,0.5
2024-07-22,Kericho,Kericho,Piriton,respiratory,215,0.5
2024-07-29,Kericho,Kericho,Piriton,respiratory,621,0.5
2024-08-05,Kericho,Kericho,Piriton,respiratory,478,0.5
2024-08-12,Kericho,Kericho,Piriton,respiratory,523,0.5
2024-08-19,Kericho,Kericho,Piriton,respiratory,431,0.5
2024-08-26,Kericho,Kericho,Piriton,respiratory,313,0.5
2024-09-02,Kericho,Kericho,Piriton,respiratory,289,0.5
2024-09-09,Kericho,Kericho,Piriton,respiratory,83,0.5
2024-09-16,Kericho,Kericho,Piriton,respiratory,123,0.5
2024-09-23,Kericho,Kericho,Piriton,respiratory,90,0.5
2024-09-30,Kericho,Kericho,Piriton,respiratory,119,0.5
2024-10-07,Kericho,Kericho,Piriton,respiratory,112,0.5
2024-10-14,Kericho,Kericho,Piriton,respiratory,129,0.5
2024-10-21,Kericho,Kericho,Piriton,respiratory,112,0.5
2024-10-28,Kericho,Kericho,Piriton,respiratory,111,0.5
2024-11-04,Kericho,Kericho,Piriton,respiratory,130,0.5
2024-11-11,Kericho,Kericho,Piriton,respiratory,149,0.5
2024-11-18,Kericho,Kericho,Piriton,respiratory,173,0.5
2024-11-25,Kericho,Kericho,Piriton,respiratory,196,0.5
2024-12-02,Kericho,Kericho,Piriton,respiratory,150,0.5
2024-12-09,Kericho,Kericho,Piriton,respiratory,221,0.5
2024-12-16,Kericho,Kericho,Piriton,respiratory,213,0.5
2024-12-23,Kericho,Kericho,Piriton,respiratory,155,0.5
2024-12-30,Kericho,Kericho,Piriton,respiratory,113,0.5
2023-01-02,Nakuru,Nakuru,Coartem,malaria,34,0.95
2023-01-09,Nakuru,Nakuru,Coartem,malaria,44,0.95
2023-01-16,Nakuru,Nakuru,Coartem,malaria,44,0.95
2023-01-23,Nakuru,Nakuru,Coartem,malaria,52,0.95
2023-01-30,Nakuru,Nakuru,Coartem,malaria,59,0.95
2023-02-06,Nakuru,Nakuru,Coartem,malaria,51,0.95
2023-02-13,Nakuru,Nakuru,Coartem,malaria,43,0.95
2023-02-20,Nakuru,Nakuru,Coartem,malaria,42,0.95
2023-02-27,Nakuru,Nakuru,Coartem,malaria,31,0.95
2023-03-06,Nakuru,Nakuru,Coartem,malaria,24,0.95
2023-03-13,Nakuru,Nakuru,Coartem,malaria,29,0.95
2023-03-20,Nakuru,Nakuru,Coartem,malaria,45,0.95
2023-03-27,Nakuru,Nakuru,Coartem,malaria,36,0.95
2023-04-03,Nakuru,Nakuru,Coartem,malaria,55,0.95
2023-04-10,Nakuru,Nakuru,Coartem,malaria,49,0.95
2023-04-17,Nakuru,Nakuru,Coartem,malaria,35,0.95
2023-04-24,Nakuru,Nakuru,Coartem,malaria,44,0.95
2023-05-01,Nakuru,Nakuru,Coartem,malaria,25,0.95
2023-05-08,Nakuru,Nakuru,Coartem,malaria,34,0.95
2023-05-15,Nakuru,Nakuru,Coartem,malaria,27,0.95
2023-05-22,Nakuru,Nakuru,Coartem,malaria,28,0.95
2023-05-29,Nakuru,Nakuru,Coartem,malaria,37,0.95
2023-06-05,Nakuru,Nakuru,Coartem,malaria,54,0.95
2023-06-12,Nakuru,Nakuru,Coartem,malaria,41,0.95
2023-06-19,Nakuru,Nakuru,Coartem,malaria,38,0.95
2023-06-26,Nakuru,Nakuru,Coartem,malaria,54,0.95
2023-07-03,Nakuru,Nakuru,Coartem,malaria,54,0.95
2023-07-10,Nakuru,Nakuru,Coartem,malaria,37,0.95
2023-07-17,Nakuru,Nakuru,Coartem,malaria,35,0.95
2023-07-24,Nakuru,Nakuru,Coartem,malaria,29,0.95
2023-07-31,Nakuru,Nakuru,Coartem,malaria,27,0.95
2023-08-07,Nakuru,Nakuru,Coartem,malaria,34,0.95
2023-08-14,Nakuru,Nakuru,Coartem,malaria,49,0.95
2023-08-21,Nakuru,Nakuru,Coartem,malaria,56,0.95
2023-08-28,Nakuru,Nakuru,Coartem,malaria,49,0.95
2023-09-04,Nakuru,Nakuru,Coartem,malaria,39,0.95
2023-09-11,Nakuru,Nakuru,Coartem,malaria,54,0.95
2023-09-18,Nakuru,Nakuru,Coartem,malaria,34,0.95
2023-09-25,Nakuru,Nakuru,Coartem,malaria,29,0.95
2023-10-02,Nakuru,Nakuru,Coartem,malaria,25,0.95
2023-10-09,Nakuru,Nakuru,Coartem,malaria,38,0.95
2023-10-16,Nakuru,Nakuru,Coartem,malaria,41,0.95
2023-10-23,Nakuru,Nakuru,Coartem,malaria,44,0.95
2023-10-30,Nakuru,Nakuru,Coartem,malaria,48,0.95
2023-11-06,Nakuru,Nakuru,Coartem,malaria,46,0.95
2023-11-13,Nakuru,Nakuru,Coartem,malaria,48,0.95
2023-11-20,Nakuru,Nakuru,Coartem,malaria,26,0.95
2023-11-27,Nakuru,Nakuru,Coartem,malaria,74,0.95
2023-12-04,Nakuru,Nakuru,Coartem,malaria,67,0.95
2023-12-11,Nakuru,Nakuru,Coartem,malaria,42,0.95
2023-12-18,Nakuru,Nakuru,Coartem,malaria,68,0.95
2023-12-25,Nakuru,Nakuru,Coartem,malaria,75,0.95
2024-01-01,Nakuru,Nakuru,Coartem,malaria,81,0.95
2024-01-08,Nakuru,Nakuru,Coartem,malaria,114,0.95
2024-01-15,Nakuru,Nakuru,Coartem,malaria,97,0.95
2024-01-22,Nakuru,Nakuru,Coartem,malaria,109,0.95
2024-01-29,Nakuru,Nakuru,Coartem,malaria,113,0.95
2024-02-05,Nakuru,Nakuru,Coartem,malaria,104,0.95
2024-02-12,Nakuru,Nakuru,Coartem,malaria,316,0.95
2024-02-19,Nakuru,Nakuru,Coartem,malaria,96,0.95
2024-02-26,Nakuru,Nakuru,Coartem,malaria,75,0.95
2024-03-04,Nakuru,Nakuru,Coartem,malaria,78,0.95
2024-03-11,Nakuru,Nakuru,Coartem,malaria,99,0.95
2024-03-18,Nakuru,Nakuru,Coartem,malaria,95,0.95
2024-03-25,Nakuru,Nakuru,Coartem,malaria,47,0.95
2024-04-01,Nakuru,Nakuru,Coartem,malaria,40,0.95
2024-04-08,Nakuru,Nakuru,Coartem,malaria,47,0.95
2024-04-15,Nakuru,Nakuru,Coartem,malaria,50,0.95
2024-04-22,Nakuru,Nakuru,Coartem,malaria,41,0.95
2024-04-29,Nakuru,Nakuru,Coartem,malaria,39,0.95
2024-05-06,Nakuru,Nakuru,Coartem,malaria,28,0.95
2024-05-13,Nakuru,Nakuru,Coartem,malaria,23,0.95
2024-05-20,Nakuru,Nakuru,Coartem,malaria,30,0.95
2024-05-27,Nakuru,Nakuru,Coartem,malaria,33,0.95
2024-06-03,Nakuru,Nakuru,Coartem,malaria,40,0.95
2024-06-10,Nakuru,Nakuru,Coartem,malaria,34,0.95
2024-06-17,Nakuru,Nakuru,Coartem,malaria,42,0.95
2024-06-24,Nakuru,Nakuru,Coartem,malaria,43,0.95
2024-07-01,Nakuru,Nakuru,Coartem,malaria,40,0.95
2024-07-08,Nakuru,Nakuru,Coartem,malaria,35,0.95
2024-07-15,Nakuru,Nakuru,Coartem,malaria,30,0.95
2024-07-22,Nakuru,Nakuru,Coartem,malaria,26,0.95
2024-07-29,Nakuru,Nakuru,Coartem,malaria,35,0.95
2024-08-05,Nakuru,Nakuru,Coartem,malaria,33,0.95
2024-08-12,Nakuru,Nakuru,Coartem,malaria,34,0.95
2024-08-19,Nakuru,Nakuru,Coartem,malaria,61,0.95
2024-08-26,Nakuru,Nakuru,Coartem,malaria,69,0.95
2024-09-02,Nakuru,Nakuru,Coartem,malaria,68,0.95
2024-09-09,Nakuru,Nakuru,Coartem,malaria,60,0.95
2024-09-16,Nakuru,Nakuru,Coartem,malaria,48,0.95
2024-09-23,Nakuru,Nakuru,Coartem,malaria,46,0.95
2024-09-30,Nakuru,Nakuru,Coartem,malaria,25,0.95
2024-10-07,Nakuru,Nakuru,Coartem,malaria,33,0.95
2024-10-14,Nakuru,Nakuru,Coartem,malaria,34,0.95
2024-10-21,Nakuru,Nakuru,Coartem,malaria,39,0.95
2024-10-28,Nakuru,Nakuru,Coartem,malaria,38,0.95
2024-11-04,Nakuru,Nakuru,Coartem,malaria,45,0.95
2024-11-11,Nakuru,Nakuru,Coartem,malaria,39,0.95
2024-11-18,Nakuru,Nakuru,Coartem,malaria,45,0.95
2024-11-25,Nakuru,Nakuru,Coartem,malaria,27,0.95
2024-12-02,Nakuru,Nakuru,Coartem,malaria,29,0.95
2024-12-09,Nakuru,Nakuru,Coartem,malaria,25,0.95
2024-12-16,Nakuru,Nakuru,Coartem,malaria,32,0.95
2024-12-23,Nakuru,Nakuru,Coartem,malaria,52,0.95
2024-12-30,Nakuru,Nakuru,Coartem,malaria,32,0.95
2023-01-02,Nakuru,Nakuru,Panadol,malaria,98,0.4
2023-01-09,Nakuru,Nakuru,Panadol,malaria,120,0.4
2023-01-16,Nakuru,Nakuru,Panadol,malaria,123,0.4
2023-01-23,Nakuru,Nakuru,Panadol,malaria,154,0.4
2023-01-30,Nakuru,Nakuru,Panadol,malaria,143,0.4
2023-02-06,Nakuru,Nakuru,Panadol,malaria,172,0.4
2023-02-13,Nakuru,Nakuru,Panadol,malaria,156,0.4
2023-02-20,Nakuru,Nakuru,Panadol,malaria,115,0.4
2023-02-27,Nakuru,Nakuru,Panadol,malaria,125,0.4
2023-03-06,Nakuru,Nakuru,Panadol,malaria,110,0.4
2023-03-13,Nakuru,Nakuru,Panadol,malaria,121,0.4
2023-03-20,Nakuru,Nakuru,Panadol,malaria,85,0.4
2023-03-27,Nakuru,Nakuru,Panadol,malaria,202,0.4
2023-04-03,Nakuru,Nakuru,Panadol,malaria,186,0.4
2023-04-10,Nakuru,Nakuru,Panadol,malaria,221,0.4
2023-04-17,Nakuru,Nakuru,Panadol,malaria,194,0.4
2023-04-24,Nakuru,Nakuru,Panadol,malaria,186,0.4
2023-05-01,Nakuru,Nakuru,Panadol,malaria,142,0.4
2023-05-08,Nakuru,Nakuru,Panadol,malaria,111,0.4
2023-05-15,Nakuru,Nakuru,Panadol,malaria,95,0.4
2023-05-22,Nakuru,Nakuru,Panadol,malaria,103,0.4
2023-05-29,Nakuru,Nakuru,Panadol,malaria,147,0.4
2023-06-05,Nakuru,Nakuru,Panadol,malaria,94,0.4
2023-06-12,Nakuru,Nakuru,Panadol,malaria,168,0.4
2023-06-19,Nakuru,Nakuru,Panadol,malaria,205,0.4
2023-06-26,Nakuru,Nakuru,Panadol,malaria,169,0.4
2023-07-03,Nakuru,Nakuru,Panadol,malaria,196,0.4
2023-07-10,Nakuru,Nakuru,Panadol,malaria,132,0.4
2023-07-17,Nakuru,Nakuru,Panadol,malaria,132,0.4
2023-07-24,Nakuru,Nakuru,Panadol,malaria,78,0.4
2023-07-31,Nakuru,Nakuru,Panadol,malaria,132,0.4
2023-08-07,Nakuru,Nakuru,Panadol,malaria,142,0.4
2023-08-14,Nakuru,Nakuru,Panadol,malaria,150,0.4
2023-08-21,Nakuru,Nakuru,Panadol,malaria,103,0.4
2023-08-28,Nakuru,Nakuru,Panadol,malaria,164,0.4
2023-09-04,Nakuru,Nakuru,Panadol,malaria,172,0.4
2023-09-11,Nakuru,Nakuru,Panadol,malaria,175,0.4
2023-09-18,Nakuru,Nakuru,Panadol,malaria,170,0.4
2023-09-25,Nakuru,Nakuru,Panadol,malaria,150,0.4
2023-10-02,Nakuru,Nakuru,Panadol,malaria,107,0.4
2023-10-09,Nakuru,Nakuru,Panadol,malaria,105,0.4
2023-10-16,Nakuru,Nakuru,Panadol,malaria,131,0.4
2023-10-23,Nakuru,Nakuru,Panadol,malaria,173,0.4
2023-10-30,Nakuru,Nakuru,Panadol,malaria,180,0.4
2023-11-06,Nakuru,Nakuru,Panadol,malaria,213,0.4
2023-11-13,Nakuru,Nakuru,Panadol,malaria,229,0.4
2023-11-20,Nakuru,Nakuru,Panadol,malaria,208,0.4
2023-11-27,Nakuru,Nakuru,Panadol,malaria,168,0.4
2023-12-04,Nakuru,Nakuru,Panadol,malaria,124,0.4
2023-12-11,Nakuru,Nakuru,Panadol,malaria,108,0.4
2023-12-18,Nakuru,Nakuru,Panadol,malaria,144,0.4
2023-12-25,Nakuru,Nakuru,Panadol,malaria,135,0.4
2024-01-01,Nakuru,Nakuru,Panadol,malaria,106,0.4
2024-01-08,Nakuru,Nakuru,Panadol,malaria,122,0.4
2024-01-15,Nakuru,Nakuru,Panadol,malaria,135,0.4
2024-01-22,Nakuru,Nakuru,Panadol,malaria,132,0.4
2024-01-29,Nakuru,Nakuru,Panadol,malaria,487,0.4
2024-02-05,Nakuru,Nakuru,Panadol,malaria,390,0.4
2024-02-12,Nakuru,Nakuru,Panadol,malaria,377,0.4
2024-02-19,Nakuru,Nakuru,Panadol,malaria,417,0.4
2024-02-26,Nakuru,Nakuru,Panadol,malaria,324,0.4
2024-03-04,Nakuru,Nakuru,Panadol,malaria,263,0.4
2024-03-11,Nakuru,Nakuru,Panadol,malaria,139,0.4
2024-03-18,Nakuru,Nakuru,Panadol,malaria,155,0.4
2024-03-25,Nakuru,Nakuru,Panadol,malaria,191,0.4
2024-04-01,Nakuru,Nakuru,Panadol,malaria,169,0.4
2024-04-08,Nakuru,Nakuru,Panadol,malaria,212,0.4
2024-04-15,Nakuru,Nakuru,Panadol,malaria,176,0.4
2024-04-22,Nakuru,Nakuru,Panadol,malaria,159,0.4
2024-04-29,Nakuru,Nakuru,Panadol,malaria,168,0.4
2024-05-06,Nakuru,Nakuru,Panadol,malaria,100,0.4
2024-05-13,Nakuru,Nakuru,Panadol,malaria,117,0.4
2024-05-20,Nakuru,Nakuru,Panadol,malaria,110,0.4
2024-05-27,Nakuru,Nakuru,Panadol,malaria,112,0.4
2024-06-03,Nakuru,Nakuru,Panadol,malaria,171,0.4
2024-06-10,Nakuru,Nakuru,Panadol,malaria,158,0.4
2024-06-17,Nakuru,Nakuru,Panadol,malaria,223,0.4
2024-06-24,Nakuru,Nakuru,Panadol,malaria,156,0.4
2024-07-01,Nakuru,Nakuru,Panadol,malaria,163,0.4
2024-07-08,Nakuru,Nakuru,Panadol,malaria,108,0.4
2024-07-15,Nakuru,Nakuru,Panadol,malaria,129,0.4
2024-07-22,Nakuru,Nakuru,Panadol,malaria,80,0.4
2024-07-29,Nakuru,Nakuru,Panadol,malaria,127,0.4
2024-08-05,Nakuru,Nakuru,Panadol,malaria,129,0.4
2024-08-12,Nakuru,Nakuru,Panadol,malaria,108,0.4
2024-08-19,Nakuru,Nakuru,Panadol,malaria,170,0.4
2024-08-26,Nakuru,Nakuru,Panadol,malaria,300,0.4
2024-09-02,Nakuru,Nakuru,Panadol,malaria,327,0.4
2024-09-09,Nakuru,Nakuru,Panadol,malaria,332,0.4
2024-09-16,Nakuru,Nakuru,Panadol,malaria,307,0.4
2024-09-23,Nakuru,Nakuru,Panadol,malaria,225,0.4
2024-09-30,Nakuru,Nakuru,Panadol,malaria,162,0.4
2024-10-07,Nakuru,Nakuru,Panadol,malaria,90,0.4
2024-10-14,Nakuru,Nakuru,Panadol,malaria,142,0.4
2024-10-21,Nakuru,Nakuru,Panadol,malaria,336,0.4
2024-10-28,Nakuru,Nakuru,Panadol,malaria,339,0.4
2024-11-04,Nakuru,Nakuru,Panadol,malaria,391,0.4
2024-11-11,Nakuru,Nakuru,Panadol,malaria,408,0.4
2024-11-18,Nakuru,Nakuru,Panadol,malaria,285,0.4
2024-11-25,Nakuru,Nakuru,Panadol,malaria,252,0.4
2024-12-02,Nakuru,Nakuru,Panadol,malaria,113,0.4
2024-12-09,Nakuru,Nakuru,Panadol,malaria,82,0.4
2024-12-16,Nakuru,Nakuru,Panadol,malaria,87,0.4
2024-12-23,Nakuru,Nakuru,Panadol,malaria,117,0.4
2024-12-30,Nakuru,Nakuru,Panadol,malaria,94,0.4
2023-01-02,Nakuru,Nakuru,Flagyl,gi,96,0.85
2023-01-09,Nakuru,Nakuru,Flagyl,gi,91,0.85
2023-01-16,Nakuru,Nakuru,Flagyl,gi,93,0.85
2023-01-23,Nakuru,Nakuru,Flagyl,gi,129,0.85
2023-01-30,Nakuru,Nakuru,Flagyl,gi,130,0.85
2023-02-06,Nakuru,Nakuru,Flagyl,gi,371,0.85
2023-02-13,Nakuru,Nakuru,Flagyl,gi,261,0.85
2023-02-20,Nakuru,Nakuru,Flagyl,gi,253,0.85
2023-02-27,Nakuru,Nakuru,Flagyl,gi,173,0.85
2023-03-06,Nakuru,Nakuru,Flagyl,gi,182,0.85
2023-03-13,Nakuru,Nakuru,Flagyl,gi,263,0.85
2023-03-20,Nakuru,Nakuru,Flagyl,gi,91,0.85
2023-03-27,Nakuru,Nakuru,Flagyl,gi,117,0.85
2023-04-03,Nakuru,Nakuru,Flagyl,gi,110,0.85
2023-04-10,Nakuru,Nakuru,Flagyl,gi,121,0.85
2023-04-17,Nakuru,Nakuru,Flagyl,gi,94,0.85
2023-04-24,Nakuru,Nakuru,Flagyl,gi,108,0.85
2023-05-01,Nakuru,Nakuru,Flagyl,gi,54,0.85
2023-05-08,Nakuru,Nakuru,Flagyl,gi,83,0.85
2023-05-15,Nakuru,Nakuru,Flagyl,gi,54,0.85
2023-05-22,Nakuru,Nakuru,Flagyl,gi,101,0.85
2023-05-29,Nakuru,Nakuru,Flagyl,gi,109,0.85
2023-06-05,Nakuru,Nakuru,Flagyl,gi,114,0.85
2023-06-12,Nakuru,Nakuru,Flagyl,gi,139,0.85
2023-06-19,Nakuru,Nakuru,Flagyl,gi,99,0.85
2023-06-26,Nakuru,Nakuru,Flagyl,gi,143,0.85
2023-07-03,Nakuru,Nakuru,Flagyl,gi,122,0.85
2023-07-10,Nakuru,Nakuru,Flagyl,gi,240,0.85
2023-07-17,Nakuru,Nakuru,Flagyl,gi,255,0.85
2023-07-24,Nakuru,Nakuru,Flagyl,gi,153,0.85
2023-07-31,Nakuru,Nakuru,Flagyl,gi,191,0.85
2023-08-07,Nakuru,Nakuru,Flagyl,gi,226,0.85
2023-08-14,Nakuru,Nakuru,Flagyl,gi,252,0.85
2023-08-21,Nakuru,Nakuru,Flagyl,gi,95,0.85
2023-08-28,Nakuru,Nakuru,Flagyl,gi,136,0.85
2023-09-04,Nakuru,Nakuru,Flagyl,gi,109,0.85
2023-09-11,Nakuru,Nakuru,Flagyl,gi,113,0.85
2023-09-18,Nakuru,Nakuru,Flagyl,gi,89,0.85
2023-09-25,Nakuru,Nakuru,Flagyl,gi,62,0.85
2023-10-02,Nakuru,Nakuru,Flagyl,gi,75,0.85
2023-10-09,Nakuru,Nakuru,Flagyl,gi,61,0.85
2023-10-16,Nakuru,Nakuru,Flagyl,gi,96,0.85
2023-10-23,Nakuru,Nakuru,Flagyl,gi,85,0.85
2023-10-30,Nakuru,Nakuru,Flagyl,gi,147,0.85
2023-11-06,Nakuru,Nakuru,Flagyl,gi,131,0.85
2023-11-13,Nakuru,Nakuru,Flagyl,gi,115,0.85
2023-11-20,Nakuru,Nakuru,Flagyl,gi,127,0.85
2023-11-27,Nakuru,Nakuru,Flagyl,gi,85,0.85
2023-12-04,Nakuru,Nakuru,Flagyl,gi,92,0.85
2023-12-11,Nakuru,Nakuru,Flagyl,gi,74,0.85
2023-12-18,Nakuru,Nakuru,Flagyl,gi,89,0.85
2023-12-25,Nakuru,Nakuru,Flagyl,gi,116,0.85
2024-01-01,Nakuru,Nakuru,Flagyl,gi,95,0.85
2024-01-08,Nakuru,Nakuru,Flagyl,gi,102,0.85
2024-01-15,Nakuru,Nakuru,Flagyl,gi,80,0.85
2024-01-22,Nakuru,Nakuru,Flagyl,gi,97,0.85
2024-01-29,Nakuru,Nakuru,Flagyl,gi,113,0.85
2024-02-05,Nakuru,Nakuru,Flagyl,gi,115,0.85
2024-02-12,Nakuru,Nakuru,Flagyl,gi,89,0.85
2024-02-19,Nakuru,Nakuru,Flagyl,gi,133,0.85
2024-02-26,Nakuru,Nakuru,Flagyl,gi,105,0.85
2024-03-04,Nakuru,Nakuru,Flagyl,gi,79,0.85
2024-03-11,Nakuru,Nakuru,Flagyl,gi,144,0.85
2024-03-18,Nakuru,Nakuru,Flagyl,gi,157,0.85
2024-03-25,Nakuru,Nakuru,Flagyl,gi,153,0.85
2024-04-01,Nakuru,Nakuru,Flagyl,gi,191,0.85
2024-04-08,Nakuru,Nakuru,Flagyl,gi,199,0.85
2024-04-15,Nakuru,Nakuru,Flagyl,gi,153,0.85
2024-04-22,Nakuru,Nakuru,Flagyl,gi,112,0.85
2024-04-29,Nakuru,Nakuru,Flagyl,gi,95,0.85
2024-05-06,Nakuru,Nakuru,Flagyl,gi,61,0.85
2024-05-13,Nakuru,Nakuru,Flagyl,gi,63,0.85
2024-05-20,Nakuru,Nakuru,Flagyl,gi,80,0.85
2024-05-27,Nakuru,Nakuru,Flagyl,gi,125,0.85
2024-06-03,Nakuru,Nakuru,Flagyl,gi,116,0.85
2024-06-10,Nakuru,Nakuru,Flagyl,gi,90,0.85
2024-06-17,Nakuru,Nakuru,Flagyl,gi,124,0.85
2024-06-24,Nakuru,Nakuru,Flagyl,gi,87,0.85
2024-07-01,Nakuru,Nakuru,Flagyl,gi,124,0.85
2024-07-08,Nakuru,Nakuru,Flagyl,gi,91,0.85
2024-07-15,Nakuru,Nakuru,Flagyl,gi,84,0.85
2024-07-22,Nakuru,Nakuru,Flagyl,gi,86,0.85
2024-07-29,Nakuru,Nakuru,Flagyl,gi,69,0.85
2024-08-05,Nakuru,Nakuru,Flagyl,gi,77,0.85
2024-08-12,Nakuru,Nakuru,Flagyl,gi,98,0.85
2024-08-19,Nakuru,Nakuru,Flagyl,gi,131,0.85
2024-08-26,Nakuru,Nakuru,Flagyl,gi,89,0.85
2024-09-02,Nakuru,Nakuru,Flagyl,gi,65,0.85
2024-09-09,Nakuru,Nakuru,Flagyl,gi,100,0.85
2024-09-16,Nakuru,Nakuru,Flagyl,gi,105,0.85
2024-09-23,Nakuru,Nakuru,Flagyl,gi,101,0.85
2024-09-30,Nakuru,Nakuru,Flagyl,gi,67,0.85
2024-10-07,Nakuru,Nakuru,Flagyl,gi,80,0.85
2024-10-14,Nakuru,Nakuru,Flagyl,gi,114,0.85
2024-10-21,Nakuru,Nakuru,Flagyl,gi,77,0.85
2024-10-28,Nakuru,Nakuru,Flagyl,gi,106,0.85
2024-11-04,Nakuru,Nakuru,Flagyl,gi,118,0.85
2024-11-11,Nakuru,Nakuru,Flagyl,gi,121,0.85
2024-11-18,Nakuru,Nakuru,Flagyl,gi,99,0.85
2024-11-25,Nakuru,Nakuru,Flagyl,gi,98,0.85
2024-12-02,Nakuru,Nakuru,Flagyl,gi,53,0.85
2024-12-09,Nakuru,Nakuru,Flagyl,gi,65,0.85
2024-12-16,Nakuru,Nakuru,Flagyl,gi,91,0.85
2024-12-23,Nakuru,Nakuru,Flagyl,gi,83,0.85
2024-12-30,Nakuru,Nakuru,Flagyl,gi,86,0.85
2023-01-02,Nakuru,Nakuru,ORS,gi,152,0.8
2023-01-09,Nakuru,Nakuru,ORS,gi,164,0.8
2023-01-16,Nakuru,Nakuru,ORS,gi,173,0.8
2023-01-23,Nakuru,Nakuru,ORS,gi,154,0.8
2023-01-30,Nakuru,Nakuru,ORS,gi,211,0.8
2023-02-06,Nakuru,Nakuru,ORS,gi,200,0.8
2023-02-13,Nakuru,Nakuru,ORS,gi,183,0.8
2023-02-20,Nakuru,Nakuru,ORS,gi,159,0.8
2023-02-27,Nakuru,Nakuru,ORS,gi,136,0.8
2023-03-06,Nakuru,Nakuru,ORS,gi,136,0.8
2023-03-13,Nakuru,Nakuru,ORS,gi,139,0.8
2023-03-20,Nakuru,Nakuru,ORS,gi,161,0.8
2023-03-27,Nakuru,Nakuru,ORS,gi,192,0.8
2023-04-03,Nakuru,Nakuru,ORS,gi,194,0.8
2023-04-10,Nakuru,Nakuru,ORS,gi,239,0.8
2023-04-17,Nakuru,Nakuru,ORS,gi,139,0.8
2023-04-24,Nakuru,Nakuru,ORS,gi,186,0.8
2023-05-01,Nakuru,Nakuru,ORS,gi,145,0.8
2023-05-08,Nakuru,Nakuru,ORS,gi,347,0.8
2023-05-15,Nakuru,Nakuru,ORS,gi,317,0.8
2023-05-22,Nakuru,Nakuru,ORS,gi,407,0.8
2023-05-29,Nakuru,Nakuru,ORS,gi,467,0.8
2023-06-05,Nakuru,Nakuru,ORS,gi,391,0.8
2023-06-12,Nakuru,Nakuru,ORS,gi,491,0.8
2023-06-19,Nakuru,Nakuru,ORS,gi,200,0.8
2023-06-26,Nakuru,Nakuru,ORS,gi,164,0.8
2023-07-03,Nakuru,Nakuru,ORS,gi,148,0.8
2023-07-10,Nakuru,Nakuru,ORS,gi,107,0.8
2023-07-17,Nakuru,Nakuru,ORS,gi,128,0.8
2023-07-24,Nakuru,Nakuru,ORS,gi,99,0.8
2023-07-31,Nakuru,Nakuru,ORS,gi,121,0.8
2023-08-07,Nakuru,Nakuru,ORS,gi,156,0.8
2023-08-14,Nakuru,Nakuru,ORS,gi,162,0.8
2023-08-21,Nakuru,Nakuru,ORS,gi,156,0.8
2023-08-28,Nakuru,Nakuru,ORS,gi,131,0.8
2023-09-04,Nakuru,Nakuru,ORS,gi,197,0.8
2023-09-11,Nakuru,Nakuru,ORS,gi,198,0.8
2023-09-18,Nakuru,Nakuru,ORS,gi,153,0.8
2023-09-25,Nakuru,Nakuru,ORS,gi,137,0.8
2023-10-02,Nakuru,Nakuru,ORS,gi,120,0.8
2023-10-09,Nakuru,Nakuru,ORS,gi,176,0.8
2023-10-16,Nakuru,Nakuru,ORS,gi,124,0.8
2023-10-23,Nakuru,Nakuru,ORS,gi,167,0.8
2023-10-30,Nakuru,Nakuru,ORS,gi,250,0.8
2023-11-06,Nakuru,Nakuru,ORS,gi,362,0.8
2023-11-13,Nakuru,Nakuru,ORS,gi,329,0.8
2023-11-20,Nakuru,Nakuru,ORS,gi,328,0.8
2023-11-27,Nakuru,Nakuru,ORS,gi,297,0.8
2023-12-04,Nakuru,Nakuru,ORS,gi,292,0.8
2023-12-11,Nakuru,Nakuru,ORS,gi,130,0.8
2023-12-18,Nakuru,Nakuru,ORS,gi,160,0.8
2023-12-25,Nakuru,Nakuru,ORS,gi,136,0.8
2024-01-01,Nakuru,Nakuru,ORS,gi,168,0.8
2024-01-08,Nakuru,Nakuru,ORS,gi,145,0.8
2024-01-15,Nakuru,Nakuru,ORS,gi,160,0.8
2024-01-22,Nakuru,Nakuru,ORS,gi,196,0.8
2024-01-29,Nakuru,Nakuru,ORS,gi,201,0.8
2024-02-05,Nakuru,Nakuru,ORS,gi,158,0.8
2024-02-12,Nakuru,Nakuru,ORS,gi,174,0.8
2024-02-19,Nakuru,Nakuru,ORS,gi,199,0.8
2024-02-26,Nakuru,Nakuru,ORS,gi,111,0.8
2024-03-04,Nakuru,Nakuru,ORS,gi,147,0.8
2024-03-11,Nakuru,Nakuru,ORS,gi,137,0.8
2024-03-18,Nakuru,Nakuru,ORS,gi,105,0.8
2024-03-25,Nakuru,Nakuru,ORS,gi,142,0.8
2024-04-01,Nakuru,Nakuru,ORS,gi,161,0.8
2024-04-08,Nakuru,Nakuru,ORS,gi,174,0.8
2024-04-15,Nakuru,Nakuru,ORS,gi,186,0.8
2024-04-22,Nakuru,Nakuru,ORS,gi,106,0.8
2024-04-29,Nakuru,Nakuru,ORS,gi,167,0.8
2024-05-06,Nakuru,Nakuru,ORS,gi,120,0.8
2024-05-13,Nakuru,Nakuru,ORS,gi,145,0.8
2024-05-20,Nakuru,Nakuru,ORS,gi,136,0.8
2024-05-27,Nakuru,Nakuru,ORS,gi,185,0.8
2024-06-03,Nakuru,Nakuru,ORS,gi,208,0.8
2024-06-10,Nakuru,Nakuru,ORS,gi,219,0.8
2024-06-17,Nakuru,Nakuru,ORS,gi,176,0.8
2024-06-24,Nakuru,Nakuru,ORS,gi,294,0.8
2024-07-01,Nakuru,Nakuru,ORS,gi,294,0.8
2024-07-08,Nakuru,Nakuru,ORS,gi,304,0.8
2024-07-15,Nakuru,Nakuru,ORS,gi,225,0.8
2024-07-22,Nakuru,Nakuru,ORS,gi,201,0.8
2024-07-29,Nakuru,Nakuru,ORS,gi,253,0.8
2024-08-05,Nakuru,Nakuru,ORS,gi,140,0.8
2024-08-12,Nakuru,Nakuru,ORS,gi,152,0.8
2024-08-19,Nakuru,Nakuru,ORS,gi,184,0.8
2024-08-26,Nakuru,Nakuru,ORS,gi,191,0.8
2024-09-02,Nakuru,Nakuru,ORS,gi,201,0.8
2024-09-09,Nakuru,Nakuru,ORS,gi,196,0.8
2024-09-16,Nakuru,Nakuru,ORS,gi,136,0.8
2024-09-23,Nakuru,Nakuru,ORS,gi,125,0.8
2024-09-30,Nakuru,Nakuru,ORS,gi,103,0.8
2024-10-07,Nakuru,Nakuru,ORS,gi,172,0.8
2024-10-14,Nakuru,Nakuru,ORS,gi,159,0.8
2024-10-21,Nakuru,Nakuru,ORS,gi,179,0.8
2024-10-28,Nakuru,Nakuru,ORS,gi,190,0.8
2024-11-04,Nakuru,Nakuru,ORS,gi,171,0.8
2024-11-11,Nakuru,Nakuru,ORS,gi,233,0.8
2024-11-18,Nakuru,Nakuru,ORS,gi,189,0.8
2024-11-25,Nakuru,Nakuru,ORS,gi,163,0.8
2024-12-02,Nakuru,Nakuru,ORS,gi,119,0.8
2024-12-09,Nakuru,Nakuru,ORS,gi,99,0.8
2024-12-16,Nakuru,Nakuru,ORS,gi,136,0.8
2024-12-23,Nakuru,Nakuru,ORS,gi,145,0.8
2024-12-30,Nakuru,Nakuru,ORS,gi,119,0.8
2023-01-02,Nakuru,Nakuru,Imodium,gi,65,0.7
2023-01-09,Nakuru,Nakuru,Imodium,gi,68,0.7
2023-01-16,Nakuru,Nakuru,Imodium,gi,68,0.7
2023-01-23,Nakuru,Nakuru,Imodium,gi,72,0.7
2023-01-30,Nakuru,Nakuru,Imodium,gi,102,0.7
2023-02-06,Nakuru,Nakuru,Imodium,gi,69,0.7
2023-02-13,Nakuru,Nakuru,Imodium,gi,85,0.7
2023-02-20,Nakuru,Nakuru,Imodium,gi,243,0.7
2023-02-27,Nakuru,Nakuru,Imodium,gi,194,0.7
2023-03-06,Nakuru,Nakuru,Imodium,gi,211,0.7
2023-03-13,Nakuru,Nakuru,Imodium,gi,213,0.7
2023-03-20,Nakuru,Nakuru,Imodium,gi,288,0.7
2023-03-27,Nakuru,Nakuru,Imodium,gi,224,0.7
2023-04-03,Nakuru,Nakuru,Imodium,gi,77,0.7
2023-04-10,Nakuru,Nakuru,Imodium,gi,93,0.7
2023-04-17,Nakuru,Nakuru,Imodium,gi,81,0.7
2023-04-24,Nakuru,Nakuru,Imodium,gi,100,0.7
2023-05-01,Nakuru,Nakuru,Imodium,gi,77,0.7
2023-05-08,Nakuru,Nakuru,Imodium,gi,54,0.7
2023-05-15,Nakuru,Nakuru,Imodium,gi,40,0.7
2023-05-22,Nakuru,Nakuru,Imodium,gi,63,0.7
2023-05-29,Nakuru,Nakuru,Imodium,gi,72,0.7
2023-06-05,Nakuru,Nakuru,Imodium,gi,84,0.7
2023-06-12,Nakuru,Nakuru,Imodium,gi,100,0.7
2023-06-19,Nakuru,Nakuru,Imodium,gi,100,0.7
2023-06-26,Nakuru,Nakuru,Imodium,gi,77,0.7
2023-07-03,Nakuru,Nakuru,Imodium,gi,65,0.7
2023-07-10,Nakuru,Nakuru,Imodium,gi,60,0.7
2023-07-17,Nakuru,Nakuru,Imodium,gi,57,0.7
2023-07-24,Nakuru,Nakuru,Imodium,gi,51,0.7
2023-07-31,Nakuru,Nakuru,Imodium,gi,67,0.7
2023-08-07,Nakuru,Nakuru,Imodium,gi,64,0.7
2023-08-14,Nakuru,Nakuru,Imodium,gi,84,0.7
2023-08-21,Nakuru,Nakuru,Imodium,gi,89,0.7
2023-08-28,Nakuru,Nakuru,Imodium,gi,88,0.7
2023-09-04,Nakuru,Nakuru,Imodium,gi,70,0.7
2023-09-11,Nakuru,Nakuru,Imodium,gi,86,0.7
2023-09-18,Nakuru,Nakuru,Imodium,gi,96,0.7
2023-09-25,Nakuru,Nakuru,Imodium,gi,66,0.7
2023-10-02,Nakuru,Nakuru,Imodium,gi,30,0.7
2023-10-09,Nakuru,Nakuru,Imodium,gi,76,0.7
2023-10-16,Nakuru,Nakuru,Imodium,gi,65,0.7
2023-10-23,Nakuru,Nakuru,Imodium,gi,107,0.7
2023-10-30,Nakuru,Nakuru,Imodium,gi,86,0.7
2023-11-06,Nakuru,Nakuru,Imodium,gi,65,0.7
2023-11-13,Nakuru,Nakuru,Imodium,gi,59,0.7
2023-11-20,Nakuru,Nakuru,Imodium,gi,99,0.7
2023-11-27,Nakuru,Nakuru,Imodium,gi,85,0.7
2023-12-04,Nakuru,Nakuru,Imodium,gi,85,0.7
2023-12-11,Nakuru,Nakuru,Imodium,gi,54,0.7
2023-12-18,Nakuru,Nakuru,Imodium,gi,63,0.7
2023-12-25,Nakuru,Nakuru,Imodium,gi,69,0.7
2024-01-01,Nakuru,Nakuru,Imodium,gi,58,0.7
2024-01-08,Nakuru,Nakuru,Imodium,gi,69,0.7
2024-01-15,Nakuru,Nakuru,Imodium,gi,83,0.7
2024-01-22,Nakuru,Nakuru,Imodium,gi,74,0.7
2024-01-29,Nakuru,Nakuru,Imodium,gi,65,0.7
2024-02-05,Nakuru,Nakuru,Imodium,gi,87,0.7
2024-02-12,Nakuru,Nakuru,Imodium,gi,70,0.7
2024-02-19,Nakuru,Nakuru,Imodium,gi,38,0.7
2024-02-26,Nakuru,Nakuru,Imodium,gi,69,0.7
2024-03-04,Nakuru,Nakuru,Imodium,gi,45,0.7
2024-03-11,Nakuru,Nakuru,Imodium,gi,70,0.7
2024-03-18,Nakuru,Nakuru,Imodium,gi,80,0.7
2024-03-25,Nakuru,Nakuru,Imodium,gi,84,0.7
2024-04-01,Nakuru,Nakuru,Imodium,gi,117,0.7
2024-04-08,Nakuru,Nakuru,Imodium,gi,85,0.7
2024-04-15,Nakuru,Nakuru,Imodium,gi,81,0.7
2024-04-22,Nakuru,Nakuru,Imodium,gi,88,0.7
2024-04-29,Nakuru,Nakuru,Imodium,gi,72,0.7
2024-05-06,Nakuru,Nakuru,Imodium,gi,75,0.7
2024-05-13,Nakuru,Nakuru,Imodium,gi,44,0.7
2024-05-20,Nakuru,Nakuru,Imodium,gi,52,0.7
2024-05-27,Nakuru,Nakuru,Imodium,gi,81,0.7
2024-06-03,Nakuru,Nakuru,Imodium,gi,66,0.7
2024-06-10,Nakuru,Nakuru,Imodium,gi,93,0.7
2024-06-17,Nakuru,Nakuru,Imodium,gi,91,0.7
2024-06-24,Nakuru,Nakuru,Imodium,gi,76,0.7
2024-07-01,Nakuru,Nakuru,Imodium,gi,85,0.7
2024-07-08,Nakuru,Nakuru,Imodium,gi,114,0.7
2024-07-15,Nakuru,Nakuru,Imodium,gi,104,0.7
2024-07-22,Nakuru,Nakuru,Imodium,gi,99,0.7
2024-07-29,Nakuru,Nakuru,Imodium,gi,124,0.7
2024-08-05,Nakuru,Nakuru,Imodium,gi,133,0.7
2024-08-12,Nakuru,Nakuru,Imodium,gi,163,0.7
2024-08-19,Nakuru,Nakuru,Imodium,gi,90,0.7
2024-08-26,Nakuru,Nakuru,Imodium,gi,106,0.7
2024-09-02,Nakuru,Nakuru,Imodium,gi,84,0.7
2024-09-09,Nakuru,Nakuru,Imodium,gi,95,0.7
2024-09-16,Nakuru,Nakuru,Imodium,gi,83,0.7
2024-09-23,Nakuru,Nakuru,Imodium,gi,86,0.7
2024-09-30,Nakuru,Nakuru,Imodium,gi,53,0.7
2024-10-07,Nakuru,Nakuru,Imodium,gi,60,0.7
2024-10-14,Nakuru,Nakuru,Imodium,gi,87,0.7
2024-10-21,Nakuru,Nakuru,Imodium,gi,85,0.7
2024-10-28,Nakuru,Nakuru,Imodium,gi,101,0.7
2024-11-04,Nakuru,Nakuru,Imodium,gi,96,0.7
2024-11-11,Nakuru,Nakuru,Imodium,gi,58,0.7
2024-11-18,Nakuru,Nakuru,Imodium,gi,85,0.7
2024-11-25,Nakuru,Nakuru,Imodium,gi,76,0.7
2024-12-02,Nakuru,Nakuru,Imodium,gi,65,0.7
2024-12-09,Nakuru,Nakuru,Imodium,gi,53,0.7
2024-12-16,Nakuru,Nakuru,Imodium,gi,49,0.7
2024-12-23,Nakuru,Nakuru,Imodium,gi,83,0.7
2024-12-30,Nakuru,Nakuru,Imodium,gi,68,0.7
2023-01-02,Nakuru,Nakuru,Septrin,respiratory,87,0.8
2023-01-09,Nakuru,Nakuru,Septrin,respiratory,73,0.8
2023-01-16,Nakuru,Nakuru,Septrin,respiratory,63,0.8
2023-01-23,Nakuru,Nakuru,Septrin,respiratory,76,0.8
2023-01-30,Nakuru,Nakuru,Septrin,respiratory,73,0.8
2023-02-06,Nakuru,Nakuru,Septrin,respiratory,90,0.8
2023-02-13,Nakuru,Nakuru,Septrin,respiratory,55,0.8
2023-02-20,Nakuru,Nakuru,Septrin,respiratory,130,0.8
2023-02-27,Nakuru,Nakuru,Septrin,respiratory,119,0.8
2023-03-06,Nakuru,Nakuru,Septrin,respiratory,102,0.8
2023-03-13,Nakuru,Nakuru,Septrin,respiratory,142,0.8
2023-03-20,Nakuru,Nakuru,Septrin,respiratory,129,0.8
2023-03-27,Nakuru,Nakuru,Septrin,respiratory,101,0.8
2023-04-03,Nakuru,Nakuru,Septrin,respiratory,75,0.8
2023-04-10,Nakuru,Nakuru,Septrin,respiratory,77,0.8
2023-04-17,Nakuru,Nakuru,Septrin,respiratory,149,0.8
2023-04-24,Nakuru,Nakuru,Septrin,respiratory,166,0.8
2023-05-01,Nakuru,Nakuru,Septrin,respiratory,136,0.8
2023-05-08,Nakuru,Nakuru,Septrin,respiratory,172,0.8
2023-05-15,Nakuru,Nakuru,Septrin,respiratory,134,0.8
2023-05-22,Nakuru,Nakuru,Septrin,respiratory,117,0.8
2023-05-29,Nakuru,Nakuru,Septrin,respiratory,62,0.8
2023-06-05,Nakuru,Nakuru,Septrin,respiratory,74,0.8
2023-06-12,Nakuru,Nakuru,Septrin,respiratory,74,0.8
2023-06-19,Nakuru,Nakuru,Septrin,respiratory,79,0.8
2023-06-26,Nakuru,Nakuru,Septrin,respiratory,90,0.8
2023-07-03,Nakuru,Nakuru,Septrin,respiratory,121,0.8
2023-07-10,Nakuru,Nakuru,Septrin,respiratory,113,0.8
2023-07-17,Nakuru,Nakuru,Septrin,respiratory,88,0.8
2023-07-24,Nakuru,Nakuru,Septrin,respiratory,125,0.8
2023-07-31,Nakuru,Nakuru,Septrin,respiratory,87,0.8
2023-08-07,Nakuru,Nakuru,Septrin,respiratory,122,0.8
2023-08-14,Nakuru,Nakuru,Septrin,respiratory,123,0.8
2023-08-21,Nakuru,Nakuru,Septrin,respiratory,78,0.8
2023-08-28,Nakuru,Nakuru,Septrin,respiratory,91,0.8
2023-09-04,Nakuru,Nakuru,Septrin,respiratory,84,0.8
2023-09-11,Nakuru,Nakuru,Septrin,respiratory,89,0.8
2023-09-18,Nakuru,Nakuru,Septrin,respiratory,77,0.8
2023-09-25,Nakuru,Nakuru,Septrin,respiratory,64,0.8
2023-10-02,Nakuru,Nakuru,Septrin,respiratory,84,0.8
2023-10-09,Nakuru,Nakuru,Septrin,respiratory,68,0.8
2023-10-16,Nakuru,Nakuru,Septrin,respiratory,76,0.8
2023-10-23,Nakuru,Nakuru,Septrin,respiratory,73,0.8
2023-10-30,Nakuru,Nakuru,Septrin,respiratory,88,0.8
2023-11-06,Nakuru,Nakuru,Septrin,respiratory,83,0.8
2023-11-13,Nakuru,Nakuru,Septrin,respiratory,90,0.8
2023-11-20,Nakuru,Nakuru,Septrin,respiratory,75,0.8
2023-11-27,Nakuru,Nakuru,Septrin,respiratory,106,0.8
2023-12-04,Nakuru,Nakuru,Septrin,respiratory,138,0.8
2023-12-11,Nakuru,Nakuru,Septrin,respiratory,133,0.8
2023-12-18,Nakuru,Nakuru,Septrin,respiratory,97,0.8
2023-12-25,Nakuru,Nakuru,Septrin,respiratory,86,0.8
2024-01-01,Nakuru,Nakuru,Septrin,respiratory,77,0.8
2024-01-08,Nakuru,Nakuru,Septrin,respiratory,63,0.8
2024-01-15,Nakuru,Nakuru,Septrin,respiratory,64,0.8
2024-01-22,Nakuru,Nakuru,Septrin,respiratory,83,0.8
2024-01-29,Nakuru,Nakuru,Septrin,respiratory,89,0.8
2024-02-05,Nakuru,Nakuru,Septrin,respiratory,81,0.8
2024-02-12,Nakuru,Nakuru,Septrin,respiratory,105,0.8
2024-02-19,Nakuru,Nakuru,Septrin,respiratory,116,0.8
2024-02-26,Nakuru,Nakuru,Septrin,respiratory,122,0.8
2024-03-04,Nakuru,Nakuru,Septrin,respiratory,128,0.8
2024-03-11,Nakuru,Nakuru,Septrin,respiratory,139,0.8
2024-03-18,Nakuru,Nakuru,Septrin,respiratory,106,0.8
2024-03-25,Nakuru,Nakuru,Septrin,respiratory,82,0.8
2024-04-01,Nakuru,Nakuru,Septrin,respiratory,114,0.8
2024-04-08,Nakuru,Nakuru,Septrin,respiratory,175,0.8
2024-04-15,Nakuru,Nakuru,Septrin,respiratory,266,0.8
2024-04-22,Nakuru,Nakuru,Septrin,respiratory,326,0.8
2024-04-29,Nakuru,Nakuru,Septrin,respiratory,368,0.8
2024-05-06,Nakuru,Nakuru,Septrin,respiratory,355,0.8
2024-05-13,Nakuru,Nakuru,Septrin,respiratory,341,0.8
2024-05-20,Nakuru,Nakuru,Septrin,respiratory,155,0.8
2024-05-27,Nakuru,Nakuru,Septrin,respiratory,94,0.8
2024-06-03,Nakuru,Nakuru,Septrin,respiratory,77,0.8
2024-06-10,Nakuru,Nakuru,Septrin,respiratory,69,0.8
2024-06-17,Nakuru,Nakuru,Septrin,respiratory,85,0.8
2024-06-24,Nakuru,Nakuru,Septrin,respiratory,93,0.8
2024-07-01,Nakuru,Nakuru,Septrin,respiratory,111,0.8
2024-07-08,Nakuru,Nakuru,Septrin,respiratory,121,0.8
2024-07-15,Nakuru,Nakuru,Septrin,respiratory,134,0.8
2024-07-22,Nakuru,Nakuru,Septrin,respiratory,109,0.8
2024-07-29,Nakuru,Nakuru,Septrin,respiratory,98,0.8
2024-08-05,Nakuru,Nakuru,Septrin,respiratory,143,0.8
2024-08-12,Nakuru,Nakuru,Septrin,respiratory,110,0.8
2024-08-19,Nakuru,Nakuru,Septrin,respiratory,102,0.8
2024-08-26,Nakuru,Nakuru,Septrin,respiratory,55,0.8
2024-09-02,Nakuru,Nakuru,Septrin,respiratory,87,0.8
2024-09-09,Nakuru,Nakuru,Septrin,respiratory,69,0.8
2024-09-16,Nakuru,Nakuru,Septrin,respiratory,66,0.8
2024-09-23,Nakuru,Nakuru,Septrin,respiratory,74,0.8
2024-09-30,Nakuru,Nakuru,Septrin,respiratory,64,0.8
2024-10-07,Nakuru,Nakuru,Septrin,respiratory,75,0.8
2024-10-14,Nakuru,Nakuru,Septrin,respiratory,73,0.8
2024-10-21,Nakuru,Nakuru,Septrin,respiratory,87,0.8
2024-10-28,Nakuru,Nakuru,Septrin,respiratory,92,0.8
2024-11-04,Nakuru,Nakuru,Septrin,respiratory,92,0.8
2024-11-11,Nakuru,Nakuru,Septrin,respiratory,60,0.8
2024-11-18,Nakuru,Nakuru,Septrin,respiratory,91,0.8
2024-11-25,Nakuru,Nakuru,Septrin,respiratory,77,0.8
2024-12-02,Nakuru,Nakuru,Septrin,respiratory,103,0.8
2024-12-09,Nakuru,Nakuru,Septrin,respiratory,115,0.8
2024-12-16,Nakuru,Nakuru,Septrin,respiratory,133,0.8
2024-12-23,Nakuru,Nakuru,Septrin,respiratory,108,0.8
2024-12-30,Nakuru,Nakuru,Septrin,respiratory,69,0.8
2023-01-02,Nakuru,Nakuru,Amoxicillin,respiratory,48,0.75
2023-01-09,Nakuru,Nakuru,Amoxicillin,respiratory,52,0.75
2023-01-16,Nakuru,Nakuru,Amoxicillin,respiratory,46,0.75
2023-01-23,Nakuru,Nakuru,Amoxicillin,respiratory,52,0.75
2023-01-30,Nakuru,Nakuru,Amoxicillin,respiratory,48,0.75
2023-02-06,Nakuru,Nakuru,Amoxicillin,respiratory,74,0.75
2023-02-13,Nakuru,Nakuru,Amoxicillin,respiratory,192,0.75
2023-02-20,Nakuru,Nakuru,Amoxicillin,respiratory,189,0.75
2023-02-27,Nakuru,Nakuru,Amoxicillin,respiratory,257,0.75
2023-03-06,Nakuru,Nakuru,Amoxicillin,respiratory,237,0.75
2023-03-13,Nakuru,Nakuru,Amoxicillin,respiratory,162,0.75
2023-03-20,Nakuru,Nakuru,Amoxicillin,respiratory,239,0.75
2023-03-27,Nakuru,Nakuru,Amoxicillin,respiratory,80,0.75
2023-04-03,Nakuru,Nakuru,Amoxicillin,respiratory,81,0.75
2023-04-10,Nakuru,Nakuru,Amoxicillin,respiratory,56,0.75
2023-04-17,Nakuru,Nakuru,Amoxicillin,respiratory,48,0.75
2023-04-24,Nakuru,Nakuru,Amoxicillin,respiratory,53,0.75
2023-05-01,Nakuru,Nakuru,Amoxicillin,respiratory,62,0.75
2023-05-08,Nakuru,Nakuru,Amoxicillin,respiratory,49,0.75
2023-05-15,Nakuru,Nakuru,Amoxicillin,respiratory,51,0.75
2023-05-22,Nakuru,Nakuru,Amoxicillin,respiratory,53,0.75
2023-05-29,Nakuru,Nakuru,Amoxicillin,respiratory,46,0.75
2023-06-05,Nakuru,Nakuru,Amoxicillin,respiratory,49,0.75
2023-06-12,Nakuru,Nakuru,Amoxicillin,respiratory,56,0.75
2023-06-19,Nakuru,Nakuru,Amoxicillin,respiratory,65,0.75
2023-06-26,Nakuru,Nakuru,Amoxicillin,respiratory,70,0.75
2023-07-03,Nakuru,Nakuru,Amoxicillin,respiratory,77,0.75
2023-07-10,Nakuru,Nakuru,Amoxicillin,respiratory,75,0.75
2023-07-17,Nakuru,Nakuru,Amoxicillin,respiratory,107,0.75
2023-07-24,Nakuru,Nakuru,Amoxicillin,respiratory,100,0.75
2023-07-31,Nakuru,Nakuru,Amoxicillin,respiratory,82,0.75
2023-08-07,Nakuru,Nakuru,Amoxicillin,respiratory,98,0.75
2023-08-14,Nakuru,Nakuru,Amoxicillin,respiratory,84,0.75
2023-08-21,Nakuru,Nakuru,Amoxicillin,respiratory,59,0.75
2023-08-28,Nakuru,Nakuru,Amoxicillin,respiratory,54,0.75
2023-09-04,Nakuru,Nakuru,Amoxicillin,respiratory,51,0.75
2023-09-11,Nakuru,Nakuru,Amoxicillin,respiratory,77,0.75
2023-09-18,Nakuru,Nakuru,Amoxicillin,respiratory,59,0.75
2023-09-25,Nakuru,Nakuru,Amoxicillin,respiratory,57,0.75
2023-10-02,Nakuru,Nakuru,Amoxicillin,respiratory,59,0.75
2023-10-09,Nakuru,Nakuru,Amoxicillin,respiratory,66,0.75
2023-10-16,Nakuru,Nakuru,Amoxicillin,respiratory,54,0.75
2023-10-23,Nakuru,Nakuru,Amoxicillin,respiratory,50,0.75
2023-10-30,Nakuru,Nakuru,Amoxicillin,respiratory,62,0.75
2023-11-06,Nakuru,Nakuru,Amoxicillin,respiratory,54,0.75
2023-11-13,Nakuru,Nakuru,Amoxicillin,respiratory,56,0.75
2023-11-20,Nakuru,Nakuru,Amoxicillin,respiratory,63,0.75
2023-11-27,Nakuru,Nakuru,Amoxicillin,respiratory,106,0.75
2023-12-04,Nakuru,Nakuru,Amoxicillin,respiratory,93,0.75
2023-12-11,Nakuru,Nakuru,Amoxicillin,respiratory,191,0.75
2023-12-18,Nakuru,Nakuru,Amoxicillin,respiratory,198,0.75
2023-12-25,Nakuru,Nakuru,Amoxicillin,respiratory,217,0.75
2024-01-01,Nakuru,Nakuru,Amoxicillin,respiratory,118,0.75
2024-01-08,Nakuru,Nakuru,Amoxicillin,respiratory,97,0.75
2024-01-15,Nakuru,Nakuru,Amoxicillin,respiratory,129,0.75
2024-01-22,Nakuru,Nakuru,Amoxicillin,respiratory,65,0.75
2024-01-29,Nakuru,Nakuru,Amoxicillin,respiratory,64,0.75
2024-02-05,Nakuru,Nakuru,Amoxicillin,respiratory,61,0.75
2024-02-12,Nakuru,Nakuru,Amoxicillin,respiratory,92,0.75
2024-02-19,Nakuru,Nakuru,Amoxicillin,respiratory,89,0.75
2024-02-26,Nakuru,Nakuru,Amoxicillin,respiratory,109,0.75
2024-03-04,Nakuru,Nakuru,Amoxicillin,respiratory,102,0.75
2024-03-11,Nakuru,Nakuru,Amoxicillin,respiratory,71,0.75
2024-03-18,Nakuru,Nakuru,Amoxicillin,respiratory,109,0.75
2024-03-25,Nakuru,Nakuru,Amoxicillin,respiratory,78,0.75
2024-04-01,Nakuru,Nakuru,Amoxicillin,respiratory,73,0.75
2024-04-08,Nakuru,Nakuru,Amoxicillin,respiratory,44,0.75
2024-04-15,Nakuru,Nakuru,Amoxicillin,respiratory,59,0.75
2024-04-22,Nakuru,Nakuru,Amoxicillin,respiratory,64,0.75
2024-04-29,Nakuru,Nakuru,Amoxicillin,respiratory,71,0.75
2024-05-06,Nakuru,Nakuru,Amoxicillin,respiratory,67,0.75
2024-05-13,Nakuru,Nakuru,Amoxicillin,respiratory,60,0.75
2024-05-20,Nakuru,Nakuru,Amoxicillin,respiratory,42,0.75
2024-05-27,Nakuru,Nakuru,Amoxicillin,respiratory,56,0.75
2024-06-03,Nakuru,Nakuru,Amoxicillin,respiratory,50,0.75
2024-06-10,Nakuru,Nakuru,Amoxicillin,respiratory,57,0.75
2024-06-17,Nakuru,Nakuru,Amoxicillin,respiratory,45,0.75
2024-06-24,Nakuru,Nakuru,Amoxicillin,respiratory,65,0.75
2024-07-01,Nakuru,Nakuru,Amoxicillin,respiratory,72,0.75
2024-07-08,Nakuru,Nakuru,Amoxicillin,respiratory,79,0.75
2024-07-15,Nakuru,Nakuru,Amoxicillin,respiratory,84,0.75
2024-07-22,Nakuru,Nakuru,Amoxicillin,respiratory,92,0.75
2024-07-29,Nakuru,Nakuru,Amoxicillin,respiratory,96,0.75
2024-08-05,Nakuru,Nakuru,Amoxicillin,respiratory,54,0.75
2024-08-12,Nakuru,Nakuru,Amoxicillin,respiratory,50,0.75
2024-08-19,Nakuru,Nakuru,Amoxicillin,respiratory,63,0.75
2024-08-26,Nakuru,Nakuru,Amoxicillin,respiratory,53,0.75
2024-09-02,Nakuru,Nakuru,Amoxicillin,respiratory,57,0.75
2024-09-09,Nakuru,Nakuru,Amoxicillin,respiratory,49,0.75
2024-09-16,Nakuru,Nakuru,Amoxicillin,respiratory,55,0.75
2024-09-23,Nakuru,Nakuru,Amoxicillin,respiratory,56,0.75
2024-09-30,Nakuru,Nakuru,Amoxicillin,respiratory,49,0.75
2024-10-07,Nakuru,Nakuru,Amoxicillin,respiratory,63,0.75
2024-10-14,Nakuru,Nakuru,Amoxicillin,respiratory,56,0.75
2024-10-21,Nakuru,Nakuru,Amoxicillin,respiratory,60,0.75
2024-10-28,Nakuru,Nakuru,Amoxicillin,respiratory,56,0.75
2024-11-04,Nakuru,Nakuru,Amoxicillin,respiratory,72,0.75
2024-11-11,Nakuru,Nakuru,Amoxicillin,respiratory,73,0.75
2024-11-18,Nakuru,Nakuru,Amoxicillin,respiratory,72,0.75
2024-11-25,Nakuru,Nakuru,Amoxicillin,respiratory,97,0.75
2024-12-02,Nakuru,Nakuru,Amoxicillin,respiratory,69,0.75
2024-12-09,Nakuru,Nakuru,Amoxicillin,respiratory,95,0.75
2024-12-16,Nakuru,Nakuru,Amoxicillin,respiratory,96,0.75
2024-12-23,Nakuru,Nakuru,Amoxicillin,respiratory,88,0.75
2024-12-30,Nakuru,Nakuru,Amoxicillin,respiratory,52,0.75
2023-01-02,Nakuru,Nakuru,Piriton,respiratory,55,0.5
2023-01-09,Nakuru,Nakuru,Piriton,respiratory,62,0.5
2023-01-16,Nakuru,Nakuru,Piriton,respiratory,40,0.5
2023-01-23,Nakuru,Nakuru,Piriton,respiratory,61,0.5
2023-01-30,Nakuru,Nakuru,Piriton,respiratory,64,0.5
2023-02-06,Nakuru,Nakuru,Piriton,respiratory,67,0.5
2023-02-13,Nakuru,Nakuru,Piriton,respiratory,85,0.5
2023-02-20,Nakuru,Nakuru,Piriton,respiratory,125,0.5
2023-02-27,Nakuru,Nakuru,Piriton,respiratory,119,0.5
2023-03-06,Nakuru,Nakuru,Piriton,respiratory,95,0.5
2023-03-13,Nakuru,Nakuru,Piriton,respiratory,82,0.5
2023-03-20,Nakuru,Nakuru,Piriton,respiratory,97,0.5
2023-03-27,Nakuru,Nakuru,Piriton,respiratory,89,0.5
2023-04-03,Nakuru,Nakuru,Piriton,respiratory,85,0.5
2023-04-10,Nakuru,Nakuru,Piriton,respiratory,60,0.5
2023-04-17,Nakuru,Nakuru,Piriton,respiratory,70,0.5
2023-04-24,Nakuru,Nakuru,Piriton,respiratory,84,0.5
2023-05-01,Nakuru,Nakuru,Piriton,respiratory,73,0.5
2023-05-08,Nakuru,Nakuru,Piriton,respiratory,65,0.5
2023-05-15,Nakuru,Nakuru,Piriton,respiratory,63,0.5
2023-05-22,Nakuru,Nakuru,Piriton,respiratory,62,0.5
2023-05-29,Nakuru,Nakuru,Piriton,respiratory,77,0.5
2023-06-05,Nakuru,Nakuru,Piriton,respiratory,59,0.5
2023-06-12,Nakuru,Nakuru,Piriton,respiratory,65,0.5
2023-06-19,Nakuru,Nakuru,Piriton,respiratory,65,0.5
2023-06-26,Nakuru,Nakuru,Piriton,respiratory,73,0.5
2023-07-03,Nakuru,Nakuru,Piriton,respiratory,73,0.5
2023-07-10,Nakuru,Nakuru,Piriton,respiratory,184,0.5
2023-07-17,Nakuru,Nakuru,Piriton,respiratory,185,0.5
2023-07-24,Nakuru,Nakuru,Piriton,respiratory,205,0.5
2023-07-31,Nakuru,Nakuru,Piriton,respiratory,172,0.5
2023-08-07,Nakuru,Nakuru,Piriton,respiratory,208,0.5
2023-08-14,Nakuru,Nakuru,Piriton,respiratory,137,0.5
2023-08-21,Nakuru,Nakuru,Piriton,respiratory,99,0.5
2023-08-28,Nakuru,Nakuru,Piriton,respiratory,48,0.5
2023-09-04,Nakuru,Nakuru,Piriton,respiratory,69,0.5
2023-09-11,Nakuru,Nakuru,Piriton,respiratory,70,0.5
2023-09-18,Nakuru,Nakuru,Piriton,respiratory,57,0.5
2023-09-25,Nakuru,Nakuru,Piriton,respiratory,69,0.5
2023-10-02,Nakuru,Nakuru,Piriton,respiratory,77,0.5
2023-10-09,Nakuru,Nakuru,Piriton,respiratory,43,0.5
2023-10-16,Nakuru,Nakuru,Piriton,respiratory,70,0.5
2023-10-23,Nakuru,Nakuru,Piriton,respiratory,41,0.5
2023-10-30,Nakuru,Nakuru,Piriton,respiratory,56,0.5
2023-11-06,Nakuru,Nakuru,Piriton,respiratory,81,0.5
2023-11-13,Nakuru,Nakuru,Piriton,respiratory,72,0.5
2023-11-20,Nakuru,Nakuru,Piriton,respiratory,76,0.5
2023-11-27,Nakuru,Nakuru,Piriton,respiratory,99,0.5
2023-12-04,Nakuru,Nakuru,Piriton,respiratory,142,0.5
2023-12-11,Nakuru,Nakuru,Piriton,respiratory,80,0.5
2023-12-18,Nakuru,Nakuru,Piriton,respiratory,91,0.5
2023-12-25,Nakuru,Nakuru,Piriton,respiratory,125,0.5
2024-01-01,Nakuru,Nakuru,Piriton,respiratory,83,0.5
2024-01-08,Nakuru,Nakuru,Piriton,respiratory,64,0.5
2024-01-15,Nakuru,Nakuru,Piriton,respiratory,53,0.5
2024-01-22,Nakuru,Nakuru,Piriton,respiratory,85,0.5
2024-01-29,Nakuru,Nakuru,Piriton,respiratory,81,0.5
2024-02-05,Nakuru,Nakuru,Piriton,respiratory,87,0.5
2024-02-12,Nakuru,Nakuru,Piriton,respiratory,81,0.5
2024-02-19,Nakuru,Nakuru,Piriton,respiratory,189,0.5
2024-02-26,Nakuru,Nakuru,Piriton,respiratory,198,0.5
2024-03-04,Nakuru,Nakuru,Piriton,respiratory,217,0.5
2024-03-11,Nakuru,Nakuru,Piriton,respiratory,247,0.5
2024-03-18,Nakuru,Nakuru,Piriton,respiratory,216,0.5
2024-03-25,Nakuru,Nakuru,Piriton,respiratory,144,0.5
2024-04-01,Nakuru,Nakuru,Piriton,respiratory,95,0.5
2024-04-08,Nakuru,Nakuru,Piriton,respiratory,68,0.5
2024-04-15,Nakuru,Nakuru,Piriton,respiratory,72,0.5
2024-04-22,Nakuru,Nakuru,Piriton,respiratory,79,0.5
2024-04-29,Nakuru,Nakuru,Piriton,respiratory,54,0.5
2024-05-06,Nakuru,Nakuru,Piriton,respiratory,65,0.5
2024-05-13,Nakuru,Nakuru,Piriton,respiratory,60,0.5
2024-05-20,Nakuru,Nakuru,Piriton,respiratory,50,0.5
2024-05-27,Nakuru,Nakuru,Piriton,respiratory,68,0.5
2024-06-03,Nakuru,Nakuru,Piriton,respiratory,89,0.5
2024-06-10,Nakuru,Nakuru,Piriton,respiratory,47,0.5
2024-06-17,Nakuru,Nakuru,Piriton,respiratory,65,0.5
2024-06-24,Nakuru,Nakuru,Piriton,respiratory,87,0.5
2024-07-01,Nakuru,Nakuru,Piriton,respiratory,93,0.5
2024-07-08,Nakuru,Nakuru,Piriton,respiratory,100,0.5
2024-07-15,Nakuru,Nakuru,Piriton,respiratory,87,0.5
2024-07-22,Nakuru,Nakuru,Piriton,respiratory,114,0.5
2024-07-29,Nakuru,Nakuru,Piriton,respiratory,96,0.5
2024-08-05,Nakuru,Nakuru,Piriton,respiratory,68,0.5
2024-08-12,Nakuru,Nakuru,Piriton,respiratory,108,0.5
2024-08-19,Nakuru,Nakuru,Piriton,respiratory,90,0.5
2024-08-26,Nakuru,Nakuru,Piriton,respiratory,66,0.5
2024-09-02,Nakuru,Nakuru,Piriton,respiratory,67,0.5
2024-09-09,Nakuru,Nakuru,Piriton,respiratory,75,0.5
2024-09-16,Nakuru,Nakuru,Piriton,respiratory,67,0.5
2024-09-23,Nakuru,Nakuru,Piriton,respiratory,74,0.5
2024-09-30,Nakuru,Nakuru,Piriton,respiratory,163,0.5
2024-10-07,Nakuru,Nakuru,Piriton,respiratory,204,0.5
2024-10-14,Nakuru,Nakuru,Piriton,respiratory,179,0.5
2024-10-21,Nakuru,Nakuru,Piriton,respiratory,176,0.5
2024-10-28,Nakuru,Nakuru,Piriton,respiratory,138,0.5
2024-11-04,Nakuru,Nakuru,Piriton,respiratory,178,0.5
2024-11-11,Nakuru,Nakuru,Piriton,respiratory,69,0.5
2024-11-18,Nakuru,Nakuru,Piriton,respiratory,83,0.5
2024-11-25,Nakuru,Nakuru,Piriton,respiratory,89,0.5
2024-12-02,Nakuru,Nakuru,Piriton,respiratory,91,0.5
2024-12-09,Nakuru,Nakuru,Piriton,respiratory,146,0.5
2024-12-16,Nakuru,Nakuru,Piriton,respiratory,130,0.5
2024-12-23,Nakuru,Nakuru,Piriton,respiratory,131,0.5
2024-12-30,Nakuru,Nakuru,Piriton,respiratory,53,0.5
2023-01-02,Nairobi,Nairobi,Coartem,malaria,12,0.95
2023-01-09,Nairobi,Nairobi,Coartem,malaria,12,0.95
2023-01-16,Nairobi,Nairobi,Coartem,malaria,12,0.95
2023-01-23,Nairobi,Nairobi,Coartem,malaria,13,0.95
2023-01-30,Nairobi,Nairobi,Coartem,malaria,13,0.95
2023-02-06,Nairobi,Nairobi,Coartem,malaria,12,0.95
2023-02-13,Nairobi,Nairobi,Coartem,malaria,17,0.95
2023-02-20,Nairobi,Nairobi,Coartem,malaria,13,0.95
2023-02-27,Nairobi,Nairobi,Coartem,malaria,12,0.95
2023-03-06,Nairobi,Nairobi,Coartem,malaria,21,0.95
2023-03-13,Nairobi,Nairobi,Coartem,malaria,25,0.95
2023-03-20,Nairobi,Nairobi,Coartem,malaria,30,0.95
2023-03-27,Nairobi,Nairobi,Coartem,malaria,32,0.95
2023-04-03,Nairobi,Nairobi,Coartem,malaria,34,0.95
2023-04-10,Nairobi,Nairobi,Coartem,malaria,29,0.95
2023-04-17,Nairobi,Nairobi,Coartem,malaria,17,0.95
2023-04-24,Nairobi,Nairobi,Coartem,malaria,10,0.95
2023-05-01,Nairobi,Nairobi,Coartem,malaria,21,0.95
2023-05-08,Nairobi,Nairobi,Coartem,malaria,27,0.95
2023-05-15,Nairobi,Nairobi,Coartem,malaria,17,0.95
2023-05-22,Nairobi,Nairobi,Coartem,malaria,22,0.95
2023-05-29,Nairobi,Nairobi,Coartem,malaria,28,0.95
2023-06-05,Nairobi,Nairobi,Coartem,malaria,22,0.95
2023-06-12,Nairobi,Nairobi,Coartem,malaria,12,0.95
2023-06-19,Nairobi,Nairobi,Coartem,malaria,14,0.95
2023-06-26,Nairobi,Nairobi,Coartem,malaria,13,0.95
2023-07-03,Nairobi,Nairobi,Coartem,malaria,14,0.95
2023-07-10,Nairobi,Nairobi,Coartem,malaria,13,0.95
2023-07-17,Nairobi,Nairobi,Coartem,malaria,12,0.95
2023-07-24,Nairobi,Nairobi,Coartem,malaria,9,0.95
2023-07-31,Nairobi,Nairobi,Coartem,malaria,9,0.95
2023-08-07,Nairobi,Nairobi,Coartem,malaria,12,0.95
2023-08-14,Nairobi,Nairobi,Coartem,malaria,12,0.95
2023-08-21,Nairobi,Nairobi,Coartem,malaria,13,0.95
2023-08-28,Nairobi,Nairobi,Coartem,malaria,12,0.95
2023-09-04,Nairobi,Nairobi,Coartem,malaria,19,0.95
2023-09-11,Nairobi,Nairobi,Coartem,malaria,14,0.95
2023-09-18,Nairobi,Nairobi,Coartem,malaria,12,0.95
2023-09-25,Nairobi,Nairobi,Coartem,malaria,30,0.95
2023-10-02,Nairobi,Nairobi,Coartem,malaria,24,0.95
2023-10-09,Nairobi,Nairobi,Coartem,malaria,33,0.95
2023-10-16,Nairobi,Nairobi,Coartem,malaria,30,0.95
2023-10-23,Nairobi,Nairobi,Coartem,malaria,40,0.95
2023-10-30,Nairobi,Nairobi,Coartem,malaria,35,0.95
2023-11-06,Nairobi,Nairobi,Coartem,malaria,15,0.95
2023-11-13,Nairobi,Nairobi,Coartem,malaria,15,0.95
2023-11-20,Nairobi,Nairobi,Coartem,malaria,14,0.95
2023-11-27,Nairobi,Nairobi,Coartem,malaria,12,0.95
2023-12-04,Nairobi,Nairobi,Coartem,malaria,11,0.95
2023-12-11,Nairobi,Nairobi,Coartem,malaria,7,0.95
2023-12-18,Nairobi,Nairobi,Coartem,malaria,11,0.95
2023-12-25,Nairobi,Nairobi,Coartem,malaria,11,0.95
2024-01-01,Nairobi,Nairobi,Coartem,malaria,15,0.95
2024-01-08,Nairobi,Nairobi,Coartem,malaria,11,0.95
2024-01-15,Nairobi,Nairobi,Coartem,malaria,12,0.95
2024-01-22,Nairobi,Nairobi,Coartem,malaria,17,0.95
2024-01-29,Nairobi,Nairobi,Coartem,malaria,14,0.95
2024-02-05,Nairobi,Nairobi,Coartem,malaria,17,0.95
2024-02-12,Nairobi,Nairobi,Coartem,malaria,14,0.95
2024-02-19,Nairobi,Nairobi,Coartem,malaria,11,0.95
2024-02-26,Nairobi,Nairobi,Coartem,malaria,9,0.95
2024-03-04,Nairobi,Nairobi,Coartem,malaria,7,0.95
2024-03-11,Nairobi,Nairobi,Coartem,malaria,10,0.95
2024-03-18,Nairobi,Nairobi,Coartem,malaria,12,0.95
2024-03-25,Nairobi,Nairobi,Coartem,malaria,12,0.95
2024-04-01,Nairobi,Nairobi,Coartem,malaria,15,0.95
2024-04-08,Nairobi,Nairobi,Coartem,malaria,13,0.95
2024-04-15,Nairobi,Nairobi,Coartem,malaria,17,0.95
2024-04-22,Nairobi,Nairobi,Coartem,malaria,16,0.95
2024-04-29,Nairobi,Nairobi,Coartem,malaria,11,0.95
2024-05-06,Nairobi,Nairobi,Coartem,malaria,9,0.95
2024-05-13,Nairobi,Nairobi,Coartem,malaria,8,0.95
2024-05-20,Nairobi,Nairobi,Coartem,malaria,31,0.95
2024-05-27,Nairobi,Nairobi,Coartem,malaria,38,0.95
2024-06-03,Nairobi,Nairobi,Coartem,malaria,28,0.95
2024-06-10,Nairobi,Nairobi,Coartem,malaria,44,0.95
2024-06-17,Nairobi,Nairobi,Coartem,malaria,39,0.95
2024-06-24,Nairobi,Nairobi,Coartem,malaria,38,0.95
2024-07-01,Nairobi,Nairobi,Coartem,malaria,15,0.95
2024-07-08,Nairobi,Nairobi,Coartem,malaria,11,0.95
2024-07-15,Nairobi,Nairobi,Coartem,malaria,12,0.95
2024-07-22,Nairobi,Nairobi,Coartem,malaria,10,0.95
2024-07-29,Nairobi,Nairobi,Coartem,malaria,12,0.95
2024-08-05,Nairobi,Nairobi,Coartem,malaria,9,0.95
2024-08-12,Nairobi,Nairobi,Coartem,malaria,13,0.95
2024-08-19,Nairobi,Nairobi,Coartem,malaria,11,0.95
2024-08-26,Nairobi,Nairobi,Coartem,malaria,13,0.95
2024-09-02,Nairobi,Nairobi,Coartem,malaria,10,0.95
2024-09-09,Nairobi,Nairobi,Coartem,malaria,15,0.95
2024-09-16,Nairobi,Nairobi,Coartem,malaria,13,0.95
2024-09-23,Nairobi,Nairobi,Coartem,malaria,10,0.95
2024-09-30,Nairobi,Nairobi,Coartem,malaria,7,0.95
2024-10-07,Nairobi,Nairobi,Coartem,malaria,11,0.95
2024-10-14,Nairobi,Nairobi,Coartem,malaria,10,0.95
2024-10-21,Nairobi,Nairobi,Coartem,malaria,12,0.95
2024-10-28,Nairobi,Nairobi,Coartem,malaria,12,0.95
2024-11-04,Nairobi,Nairobi,Coartem,malaria,15,0.95
2024-11-11,Nairobi,Nairobi,Coartem,malaria,14,0.95
2024-11-18,Nairobi,Nairobi,Coartem,malaria,13,0.95
2024-11-25,Nairobi,Nairobi,Coartem,malaria,13,0.95
2024-12-02,Nairobi,Nairobi,Coartem,malaria,12,0.95
2024-12-09,Nairobi,Nairobi,Coartem,malaria,10,0.95
2024-12-16,Nairobi,Nairobi,Coartem,malaria,10,0.95
2024-12-23,Nairobi,Nairobi,Coartem,malaria,13,0.95
2024-12-30,Nairobi,Nairobi,Coartem,malaria,11,0.95
2023-01-02,Nairobi,Nairobi,Panadol,malaria,29,0.4
2023-01-09,Nairobi,Nairobi,Panadol,malaria,68,0.4
2023-01-16,Nairobi,Nairobi,Panadol,malaria,70,0.4
2023-01-23,Nairobi,Nairobi,Panadol,malaria,54,0.4
2023-01-30,Nairobi,Nairobi,Panadol,malaria,56,0.4
2023-02-06,Nairobi,Nairobi,Panadol,malaria,64,0.4
2023-02-13,Nairobi,Nairobi,Panadol,malaria,65,0.4
2023-02-20,Nairobi,Nairobi,Panadol,malaria,35,0.4
2023-02-27,Nairobi,Nairobi,Panadol,malaria,28,0.4
2023-03-06,Nairobi,Nairobi,Panadol,malaria,27,0.4
2023-03-13,Nairobi,Nairobi,Panadol,malaria,42,0.4
2023-03-20,Nairobi,Nairobi,Panadol,malaria,49,0.4
2023-03-27,Nairobi,Nairobi,Panadol,malaria,60,0.4
2023-04-03,Nairobi,Nairobi,Panadol,malaria,46,0.4
2023-04-10,Nairobi,Nairobi,Panadol,malaria,37,0.4
2023-04-17,Nairobi,Nairobi,Panadol,malaria,63,0.4
2023-04-24,Nairobi,Nairobi,Panadol,malaria,45,0.4
2023-05-01,Nairobi,Nairobi,Panadol,malaria,32,0.4
2023-05-08,Nairobi,Nairobi,Panadol,malaria,39,0.4
2023-05-15,Nairobi,Nairobi,Panadol,malaria,34,0.4
2023-05-22,Nairobi,Nairobi,Panadol,malaria,38,0.4
2023-05-29,Nairobi,Nairobi,Panadol,malaria,43,0.4
2023-06-05,Nairobi,Nairobi,Panadol,malaria,51,0.4
2023-06-12,Nairobi,Nairobi,Panadol,malaria,53,0.4
2023-06-19,Nairobi,Nairobi,Panadol,malaria,45,0.4
2023-06-26,Nairobi,Nairobi,Panadol,malaria,50,0.4
2023-07-03,Nairobi,Nairobi,Panadol,malaria,56,0.4
2023-07-10,Nairobi,Nairobi,Panadol,malaria,48,0.4
2023-07-17,Nairobi,Nairobi,Panadol,malaria,39,0.4
2023-07-24,Nairobi,Nairobi,Panadol,malaria,26,0.4
2023-07-31,Nairobi,Nairobi,Panadol,malaria,37,0.4
2023-08-07,Nairobi,Nairobi,Panadol,malaria,31,0.4
2023-08-14,Nairobi,Nairobi,Panadol,malaria,53,0.4
2023-08-21,Nairobi,Nairobi,Panadol,malaria,68,0.4
2023-08-28,Nairobi,Nairobi,Panadol,malaria,44,0.4
2023-09-04,Nairobi,Nairobi,Panadol,malaria,51,0.4
2023-09-11,Nairobi,Nairobi,Panadol,malaria,54,0.4
2023-09-18,Nairobi,Nairobi,Panadol,malaria,54,0.4
2023-09-25,Nairobi,Nairobi,Panadol,malaria,36,0.4
2023-10-02,Nairobi,Nairobi,Panadol,malaria,27,0.4
2023-10-09,Nairobi,Nairobi,Panadol,malaria,27,0.4
2023-10-16,Nairobi,Nairobi,Panadol,malaria,47,0.4
2023-10-23,Nairobi,Nairobi,Panadol,malaria,68,0.4
2023-10-30,Nairobi,Nairobi,Panadol,malaria,58,0.4
2023-11-06,Nairobi,Nairobi,Panadol,malaria,57,0.4
2023-11-13,Nairobi,Nairobi,Panadol,malaria,58,0.4
2023-11-20,Nairobi,Nairobi,Panadol,malaria,52,0.4
2023-11-27,Nairobi,Nairobi,Panadol,malaria,40,0.4
2023-12-04,Nairobi,Nairobi,Panadol,malaria,43,0.4
2023-12-11,Nairobi,Nairobi,Panadol,malaria,31,0.4
2023-12-18,Nairobi,Nairobi,Panadol,malaria,38,0.4
2023-12-25,Nairobi,Nairobi,Panadol,malaria,39,0.4
2024-01-01,Nairobi,Nairobi,Panadol,malaria,46,0.4
2024-01-08,Nairobi,Nairobi,Panadol,malaria,50,0.4
2024-01-15,Nairobi,Nairobi,Panadol,malaria,48,0.4
2024-01-22,Nairobi,Nairobi,Panadol,malaria,64,0.4
2024-01-29,Nairobi,Nairobi,Panadol,malaria,53,0.4
2024-02-05,Nairobi,Nairobi,Panadol,malaria,49,0.4
2024-02-12,Nairobi,Nairobi,Panadol,malaria,46,0.4
2024-02-19,Nairobi,Nairobi,Panadol,malaria,34,0.4
2024-02-26,Nairobi,Nairobi,Panadol,malaria,41,0.4
2024-03-04,Nairobi,Nairobi,Panadol,malaria,22,0.4
2024-03-11,Nairobi,Nairobi,Panadol,malaria,31,0.4
2024-03-18,Nairobi,Nairobi,Panadol,malaria,32,0.4
2024-03-25,Nairobi,Nairobi,Panadol,malaria,51,0.4
2024-04-01,Nairobi,Nairobi,Panadol,malaria,54,0.4
2024-04-08,Nairobi,Nairobi,Panadol,malaria,54,0.4
2024-04-15,Nairobi,Nairobi,Panadol,malaria,47,0.4
2024-04-22,Nairobi,Nairobi,Panadol,malaria,43,0.4
2024-04-29,Nairobi,Nairobi,Panadol,malaria,49,0.4
2024-05-06,Nairobi,Nairobi,Panadol,malaria,106,0.4
2024-05-13,Nairobi,Nairobi,Panadol,malaria,95,0.4
2024-05-20,Nairobi,Nairobi,Panadol,malaria,100,0.4
2024-05-27,Nairobi,Nairobi,Panadol,malaria,142,0.4
2024-06-03,Nairobi,Nairobi,Panadol,malaria,186,0.4
2024-06-10,Nairobi,Nairobi,Panadol,malaria,182,0.4
2024-06-17,Nairobi,Nairobi,Panadol,malaria,53,0.4
2024-06-24,Nairobi,Nairobi,Panadol,malaria,58,0.4
2024-07-01,Nairobi,Nairobi,Panadol,malaria,50,0.4
2024-07-08,Nairobi,Nairobi,Panadol,malaria,46,0.4
2024-07-15,Nairobi,Nairobi,Panadol,malaria,36,0.4
2024-07-22,Nairobi,Nairobi,Panadol,malaria,29,0.4
2024-07-29,Nairobi,Nairobi,Panadol,malaria,40,0.4
2024-08-05,Nairobi,Nairobi,Panadol,malaria,39,0.4
2024-08-12,Nairobi,Nairobi,Panadol,malaria,44,0.4
2024-08-19,Nairobi,Nairobi,Panadol,malaria,44,0.4
2024-08-26,Nairobi,Nairobi,Panadol,malaria,43,0.4
2024-09-02,Nairobi,Nairobi,Panadol,malaria,46,0.4
2024-09-09,Nairobi,Nairobi,Panadol,malaria,53,0.4
2024-09-16,Nairobi,Nairobi,Panadol,malaria,40,0.4
2024-09-23,Nairobi,Nairobi,Panadol,malaria,41,0.4
2024-09-30,Nairobi,Nairobi,Panadol,malaria,30,0.4
2024-10-07,Nairobi,Nairobi,Panadol,malaria,27,0.4
2024-10-14,Nairobi,Nairobi,Panadol,malaria,50,0.4
2024-10-21,Nairobi,Nairobi,Panadol,malaria,58,0.4
2024-10-28,Nairobi,Nairobi,Panadol,malaria,47,0.4
2024-11-04,Nairobi,Nairobi,Panadol,malaria,61,0.4
2024-11-11,Nairobi,Nairobi,Panadol,malaria,91,0.4
2024-11-18,Nairobi,Nairobi,Panadol,malaria,98,0.4
2024-11-25,Nairobi,Nairobi,Panadol,malaria,69,0.4
2024-12-02,Nairobi,Nairobi,Panadol,malaria,52,0.4
2024-12-09,Nairobi,Nairobi,Panadol,malaria,53,0.4
2024-12-16,Nairobi,Nairobi,Panadol,malaria,70,0.4
2024-12-23,Nairobi,Nairobi,Panadol,malaria,43,0.4
2024-12-30,Nairobi,Nairobi,Panadol,malaria,32,0.4
2023-01-02,Nairobi,Nairobi,Flagyl,gi,135,0.85
2023-01-09,Nairobi,Nairobi,Flagyl,gi,116,0.85
2023-01-16,Nairobi,Nairobi,Flagyl,gi,81,0.85
2023-01-23,Nairobi,Nairobi,Flagyl,gi,85,0.85
2023-01-30,Nairobi,Nairobi,Flagyl,gi,147,0.85
2023-02-06,Nairobi,Nairobi,Flagyl,gi,158,0.85
2023-02-13,Nairobi,Nairobi,Flagyl,gi,110,0.85
2023-02-20,Nairobi,Nairobi,Flagyl,gi,149,0.85
2023-02-27,Nairobi,Nairobi,Flagyl,gi,124,0.85
2023-03-06,Nairobi,Nairobi,Flagyl,gi,87,0.85
2023-03-13,Nairobi,Nairobi,Flagyl,gi,108,0.85
2023-03-20,Nairobi,Nairobi,Flagyl,gi,129,0.85
2023-03-27,Nairobi,Nairobi,Flagyl,gi,160,0.85
2023-04-03,Nairobi,Nairobi,Flagyl,gi,145,0.85
2023-04-10,Nairobi,Nairobi,Flagyl,gi,138,0.85
2023-04-17,Nairobi,Nairobi,Flagyl,gi,145,0.85
2023-04-24,Nairobi,Nairobi,Flagyl,gi,135,0.85
2023-05-01,Nairobi,Nairobi,Flagyl,gi,129,0.85
2023-05-08,Nairobi,Nairobi,Flagyl,gi,76,0.85
2023-05-15,Nairobi,Nairobi,Flagyl,gi,88,0.85
2023-05-22,Nairobi,Nairobi,Flagyl,gi,106,0.85
2023-05-29,Nairobi,Nairobi,Flagyl,gi,112,0.85
2023-06-05,Nairobi,Nairobi,Flagyl,gi,139,0.85
2023-06-12,Nairobi,Nairobi,Flagyl,gi,170,0.85
2023-06-19,Nairobi,Nairobi,Flagyl,gi,137,0.85
2023-06-26,Nairobi,Nairobi,Flagyl,gi,146,0.85
2023-07-03,Nairobi,Nairobi,Flagyl,gi,155,0.85
2023-07-10,Nairobi,Nairobi,Flagyl,gi,116,0.85
2023-07-17,Nairobi,Nairobi,Flagyl,gi,86,0.85
2023-07-24,Nairobi,Nairobi,Flagyl,gi,92,0.85
2023-07-31,Nairobi,Nairobi,Flagyl,gi,67,0.85
2023-08-07,Nairobi,Nairobi,Flagyl,gi,74,0.85
2023-08-14,Nairobi,Nairobi,Flagyl,gi,131,0.85
2023-08-21,Nairobi,Nairobi,Flagyl,gi,86,0.85
2023-08-28,Nairobi,Nairobi,Flagyl,gi,108,0.85
2023-09-04,Nairobi,Nairobi,Flagyl,gi,124,0.85
2023-09-11,Nairobi,Nairobi,Flagyl,gi,111,0.85
2023-09-18,Nairobi,Nairobi,Flagyl,gi,111,0.85
2023-09-25,Nairobi,Nairobi,Flagyl,gi,116,0.85
2023-10-02,Nairobi,Nairobi,Flagyl,gi,87,0.85
2023-10-09,Nairobi,Nairobi,Flagyl,gi,87,0.85
2023-10-16,Nairobi,Nairobi,Flagyl,gi,137,0.85
2023-10-23,Nairobi,Nairobi,Flagyl,gi,98,0.85
2023-10-30,Nairobi,Nairobi,Flagyl,gi,136,0.85
2023-11-06,Nairobi,Nairobi,Flagyl,gi,103,0.85
2023-11-13,Nairobi,Nairobi,Flagyl,gi,137,0.85
2023-11-20,Nairobi,Nairobi,Flagyl,gi,119,0.85
2023-11-27,Nairobi,Nairobi,Flagyl,gi,132,0.85
2023-12-04,Nairobi,Nairobi,Flagyl,gi,110,0.85
2023-12-11,Nairobi,Nairobi,Flagyl,gi,77,0.85
2023-12-18,Nairobi,Nairobi,Flagyl,gi,88,0.85
2023-12-25,Nairobi,Nairobi,Flagyl,gi,108,0.85
2024-01-01,Nairobi,Nairobi,Flagyl,gi,128,0.85
2024-01-08,Nairobi,Nairobi,Flagyl,gi,141,0.85
2024-01-15,Nairobi,Nairobi,Flagyl,gi,312,0.85
2024-01-22,Nairobi,Nairobi,Flagyl,gi,432,0.85
2024-01-29,Nairobi,Nairobi,Flagyl,gi,291,0.85
2024-02-05,Nairobi,Nairobi,Flagyl,gi,360,0.85
2024-02-12,Nairobi,Nairobi,Flagyl,gi,314,0.85
2024-02-19,Nairobi,Nairobi,Flagyl,gi,386,0.85
2024-02-26,Nairobi,Nairobi,Flagyl,gi,80,0.85
2024-03-04,Nairobi,Nairobi,Flagyl,gi,89,0.85
2024-03-11,Nairobi,Nairobi,Flagyl,gi,100,0.85
2024-03-18,Nairobi,Nairobi,Flagyl,gi,111,0.85
2024-03-25,Nairobi,Nairobi,Flagyl,gi,156,0.85
2024-04-01,Nairobi,Nairobi,Flagyl,gi,167,0.85
2024-04-08,Nairobi,Nairobi,Flagyl,gi,131,0.85
2024-04-15,Nairobi,Nairobi,Flagyl,gi,125,0.85
2024-04-22,Nairobi,Nairobi,Flagyl,gi,176,0.85
2024-04-29,Nairobi,Nairobi,Flagyl,gi,207,0.85
2024-05-06,Nairobi,Nairobi,Flagyl,gi,235,0.85
2024-05-13,Nairobi,Nairobi,Flagyl,gi,150,0.85
2024-05-20,Nairobi,Nairobi,Flagyl,gi,202,0.85
2024-05-27,Nairobi,Nairobi,Flagyl,gi,164,0.85
2024-06-03,Nairobi,Nairobi,Flagyl,gi,117,0.85
2024-06-10,Nairobi,Nairobi,Flagyl,gi,141,0.85
2024-06-17,Nairobi,Nairobi,Flagyl,gi,137,0.85
2024-06-24,Nairobi,Nairobi,Flagyl,gi,148,0.85
2024-07-01,Nairobi,Nairobi,Flagyl,gi,113,0.85
2024-07-08,Nairobi,Nairobi,Flagyl,gi,84,0.85
2024-07-15,Nairobi,Nairobi,Flagyl,gi,116,0.85
2024-07-22,Nairobi,Nairobi,Flagyl,gi,72,0.85
2024-07-29,Nairobi,Nairobi,Flagyl,gi,107,0.85
2024-08-05,Nairobi,Nairobi,Flagyl,gi,121,0.85
2024-08-12,Nairobi,Nairobi,Flagyl,gi,94,0.85
2024-08-19,Nairobi,Nairobi,Flagyl,gi,153,0.85
2024-08-26,Nairobi,Nairobi,Flagyl,gi,123,0.85
2024-09-02,Nairobi,Nairobi,Flagyl,gi,133,0.85
2024-09-09,Nairobi,Nairobi,Flagyl,gi,118,0.85
2024-09-16,Nairobi,Nairobi,Flagyl,gi,141,0.85
2024-09-23,Nairobi,Nairobi,Flagyl,gi,120,0.85
2024-09-30,Nairobi,Nairobi,Flagyl,gi,61,0.85
2024-10-07,Nairobi,Nairobi,Flagyl,gi,133,0.85
2024-10-14,Nairobi,Nairobi,Flagyl,gi,102,0.85
2024-10-21,Nairobi,Nairobi,Flagyl,gi,164,0.85
2024-10-28,Nairobi,Nairobi,Flagyl,gi,127,0.85
2024-11-04,Nairobi,Nairobi,Flagyl,gi,128,0.85
2024-11-11,Nairobi,Nairobi,Flagyl,gi,127,0.85
2024-11-18,Nairobi,Nairobi,Flagyl,gi,117,0.85
2024-11-25,Nairobi,Nairobi,Flagyl,gi,157,0.85
2024-12-02,Nairobi,Nairobi,Flagyl,gi,98,0.85
2024-12-09,Nairobi,Nairobi,Flagyl,gi,80,0.85
2024-12-16,Nairobi,Nairobi,Flagyl,gi,101,0.85
2024-12-23,Nairobi,Nairobi,Flagyl,gi,97,0.85
2024-12-30,Nairobi,Nairobi,Flagyl,gi,123,0.85
2023-01-02,Nairobi,Nairobi,ORS,gi,129,0.8
2023-01-09,Nairobi,Nairobi,ORS,gi,160,0.8
2023-01-16,Nairobi,Nairobi,ORS,gi,203,0.8
2023-01-23,Nairobi,Nairobi,ORS,gi,245,0.8
2023-01-30,Nairobi,Nairobi,ORS,gi,184,0.8
2023-02-06,Nairobi,Nairobi,ORS,gi,226,0.8
2023-02-13,Nairobi,Nairobi,ORS,gi,246,0.8
2023-02-20,Nairobi,Nairobi,ORS,gi,203,0.8
2023-02-27,Nairobi,Nairobi,ORS,gi,148,0.8
2023-03-06,Nairobi,Nairobi,ORS,gi,172,0.8
2023-03-13,Nairobi,Nairobi,ORS,gi,182,0.8
2023-03-20,Nairobi,Nairobi,ORS,gi,137,0.8
2023-03-27,Nairobi,Nairobi,ORS,gi,235,0.8
2023-04-03,Nairobi,Nairobi,ORS,gi,201,0.8
2023-04-10,Nairobi,Nairobi,ORS,gi,231,0.8
2023-04-17,Nairobi,Nairobi,ORS,gi,253,0.8
2023-04-24,Nairobi,Nairobi,ORS,gi,191,0.8
2023-05-01,Nairobi,Nairobi,ORS,gi,143,0.8
2023-05-08,Nairobi,Nairobi,ORS,gi,203,0.8
2023-05-15,Nairobi,Nairobi,ORS,gi,164,0.8
2023-05-22,Nairobi,Nairobi,ORS,gi,164,0.8
2023-05-29,Nairobi,Nairobi,ORS,gi,214,0.8
2023-06-05,Nairobi,Nairobi,ORS,gi,196,0.8
2023-06-12,Nairobi,Nairobi,ORS,gi,223,0.8
2023-06-19,Nairobi,Nairobi,ORS,gi,219,0.8
2023-06-26,Nairobi,Nairobi,ORS,gi,209,0.8
2023-07-03,Nairobi,Nairobi,ORS,gi,219,0.8
2023-07-10,Nairobi,Nairobi,ORS,gi,155,0.8
2023-07-17,Nairobi,Nairobi,ORS,gi,160,0.8
2023-07-24,Nairobi,Nairobi,ORS,gi,147,0.8
2023-07-31,Nairobi,Nairobi,ORS,gi,212,0.8
2023-08-07,Nairobi,Nairobi,ORS,gi,156,0.8
2023-08-14,Nairobi,Nairobi,ORS,gi,224,0.8
2023-08-21,Nairobi,Nairobi,ORS,gi,241,0.8
2023-08-28,Nairobi,Nairobi,ORS,gi,161,0.8
2023-09-04,Nairobi,Nairobi,ORS,gi,233,0.8
2023-09-11,Nairobi,Nairobi,ORS,gi,235,0.8
2023-09-18,Nairobi,Nairobi,ORS,gi,206,0.8
2023-09-25,Nairobi,Nairobi,ORS,gi,164,0.8
2023-10-02,Nairobi,Nairobi,ORS,gi,147,0.8
2023-10-09,Nairobi,Nairobi,ORS,gi,170,0.8
2023-10-16,Nairobi,Nairobi,ORS,gi,141,0.8
2023-10-23,Nairobi,Nairobi,ORS,gi,214,0.8
2023-10-30,Nairobi,Nairobi,ORS,gi,511,0.8
2023-11-06,Nairobi,Nairobi,ORS,gi,492,0.8
2023-11-13,Nairobi,Nairobi,ORS,gi,742,0.8
2023-11-20,Nairobi,Nairobi,ORS,gi,607,0.8
2023-11-27,Nairobi,Nairobi,ORS,gi,385,0.8
2023-12-04,Nairobi,Nairobi,ORS,gi,1303,0.8
2023-12-11,Nairobi,Nairobi,ORS,gi,518,0.8
2023-12-18,Nairobi,Nairobi,ORS,gi,391,0.8
2023-12-25,Nairobi,Nairobi,ORS,gi,582,0.8
2024-01-01,Nairobi,Nairobi,ORS,gi,513,0.8
2024-01-08,Nairobi,Nairobi,ORS,gi,465,0.8
2024-01-15,Nairobi,Nairobi,ORS,gi,220,0.8
2024-01-22,Nairobi,Nairobi,ORS,gi,257,0.8
2024-01-29,Nairobi,Nairobi,ORS,gi,275,0.8
2024-02-05,Nairobi,Nairobi,ORS,gi,212,0.8
2024-02-12,Nairobi,Nairobi,ORS,gi,286,0.8
2024-02-19,Nairobi,Nairobi,ORS,gi,131,0.8
2024-02-26,Nairobi,Nairobi,ORS,gi,175,0.8
2024-03-04,Nairobi,Nairobi,ORS,gi,110,0.8
2024-03-11,Nairobi,Nairobi,ORS,gi,168,0.8
2024-03-18,Nairobi,Nairobi,ORS,gi,175,0.8
2024-03-25,Nairobi,Nairobi,ORS,gi,224,0.8
2024-04-01,Nairobi,Nairobi,ORS,gi,216,0.8
2024-04-08,Nairobi,Nairobi,ORS,gi,196,0.8
2024-04-15,Nairobi,Nairobi,ORS,gi,195,0.8
2024-04-22,Nairobi,Nairobi,ORS,gi,268,0.8
2024-04-29,Nairobi,Nairobi,ORS,gi,202,0.8
2024-05-06,Nairobi,Nairobi,ORS,gi,124,0.8
2024-05-13,Nairobi,Nairobi,ORS,gi,152,0.8
2024-05-20,Nairobi,Nairobi,ORS,gi,161,0.8
2024-05-27,Nairobi,Nairobi,ORS,gi,190,0.8
2024-06-03,Nairobi,Nairobi,ORS,gi,234,0.8
2024-06-10,Nairobi,Nairobi,ORS,gi,259,0.8
2024-06-17,Nairobi,Nairobi,ORS,gi,195,0.8
2024-06-24,Nairobi,Nairobi,ORS,gi,439,0.8
2024-07-01,Nairobi,Nairobi,ORS,gi,383,0.8
2024-07-08,Nairobi,Nairobi,ORS,gi,413,0.8
2024-07-15,Nairobi,Nairobi,ORS,gi,321,0.8
2024-07-22,Nairobi,Nairobi,ORS,gi,282,0.8
2024-07-29,Nairobi,Nairobi,ORS,gi,319,0.8
2024-08-05,Nairobi,Nairobi,ORS,gi,186,0.8
2024-08-12,Nairobi,Nairobi,ORS,gi,261,0.8
2024-08-19,Nairobi,Nairobi,ORS,gi,299,0.8
2024-08-26,Nairobi,Nairobi,ORS,gi,237,0.8
2024-09-02,Nairobi,Nairobi,ORS,gi,217,0.8
2024-09-09,Nairobi,Nairobi,ORS,gi,158,0.8
2024-09-16,Nairobi,Nairobi,ORS,gi,168,0.8
2024-09-23,Nairobi,Nairobi,ORS,gi,163,0.8
2024-09-30,Nairobi,Nairobi,ORS,gi,125,0.8
2024-10-07,Nairobi,Nairobi,ORS,gi,151,0.8
2024-10-14,Nairobi,Nairobi,ORS,gi,234,0.8
2024-10-21,Nairobi,Nairobi,ORS,gi,209,0.8
2024-10-28,Nairobi,Nairobi,ORS,gi,224,0.8
2024-11-04,Nairobi,Nairobi,ORS,gi,201,0.8
2024-11-11,Nairobi,Nairobi,ORS,gi,259,0.8
2024-11-18,Nairobi,Nairobi,ORS,gi,201,0.8
2024-11-25,Nairobi,Nairobi,ORS,gi,175,0.8
2024-12-02,Nairobi,Nairobi,ORS,gi,127,0.8
2024-12-09,Nairobi,Nairobi,ORS,gi,139,0.8
2024-12-16,Nairobi,Nairobi,ORS,gi,152,0.8
2024-12-23,Nairobi,Nairobi,ORS,gi,237,0.8
2024-12-30,Nairobi,Nairobi,ORS,gi,212,0.8
2023-01-02,Nairobi,Nairobi,Imodium,gi,83,0.7
2023-01-09,Nairobi,Nairobi,Imodium,gi,120,0.7
2023-01-16,Nairobi,Nairobi,Imodium,gi,96,0.7
2023-01-23,Nairobi,Nairobi,Imodium,gi,72,0.7
2023-01-30,Nairobi,Nairobi,Imodium,gi,108,0.7
2023-02-06,Nairobi,Nairobi,Imodium,gi,112,0.7
2023-02-13,Nairobi,Nairobi,Imodium,gi,81,0.7
2023-02-20,Nairobi,Nairobi,Imodium,gi,77,0.7
2023-02-27,Nairobi,Nairobi,Imodium,gi,66,0.7
2023-03-06,Nairobi,Nairobi,Imodium,gi,130,0.7
2023-03-13,Nairobi,Nairobi,Imodium,gi,163,0.7
2023-03-20,Nairobi,Nairobi,Imodium,gi,167,0.7
2023-03-27,Nairobi,Nairobi,Imodium,gi,171,0.7
2023-04-03,Nairobi,Nairobi,Imodium,gi,228,0.7
2023-04-10,Nairobi,Nairobi,Imodium,gi,220,0.7
2023-04-17,Nairobi,Nairobi,Imodium,gi,92,0.7
2023-04-24,Nairobi,Nairobi,Imodium,gi,95,0.7
2023-05-01,Nairobi,Nairobi,Imodium,gi,66,0.7
2023-05-08,Nairobi,Nairobi,Imodium,gi,78,0.7
2023-05-15,Nairobi,Nairobi,Imodium,gi,59,0.7
2023-05-22,Nairobi,Nairobi,Imodium,gi,77,0.7
2023-05-29,Nairobi,Nairobi,Imodium,gi,90,0.7
2023-06-05,Nairobi,Nairobi,Imodium,gi,109,0.7
2023-06-12,Nairobi,Nairobi,Imodium,gi,100,0.7
2023-06-19,Nairobi,Nairobi,Imodium,gi,117,0.7
2023-06-26,Nairobi,Nairobi,Imodium,gi,94,0.7
2023-07-03,Nairobi,Nairobi,Imodium,gi,90,0.7
2023-07-10,Nairobi,Nairobi,Imodium,gi,84,0.7
2023-07-17,Nairobi,Nairobi,Imodium,gi,83,0.7
2023-07-24,Nairobi,Nairobi,Imodium,gi,151,0.7
2023-07-31,Nairobi,Nairobi,Imodium,gi,167,0.7
2023-08-07,Nairobi,Nairobi,Imodium,gi,152,0.7
2023-08-14,Nairobi,Nairobi,Imodium,gi,223,0.7
2023-08-21,Nairobi,Nairobi,Imodium,gi,188,0.7
2023-08-28,Nairobi,Nairobi,Imodium,gi,190,0.7
2023-09-04,Nairobi,Nairobi,Imodium,gi,82,0.7
2023-09-11,Nairobi,Nairobi,Imodium,gi,92,0.7
2023-09-18,Nairobi,Nairobi,Imodium,gi,101,0.7
2023-09-25,Nairobi,Nairobi,Imodium,gi,64,0.7
2023-10-02,Nairobi,Nairobi,Imodium,gi,79,0.7
2023-10-09,Nairobi,Nairobi,Imodium,gi,85,0.7
2023-10-16,Nairobi,Nairobi,Imodium,gi,66,0.7
2023-10-23,Nairobi,Nairobi,Imodium,gi,88,0.7
2023-10-30,Nairobi,Nairobi,Imodium,gi,84,0.7
2023-11-06,Nairobi,Nairobi,Imodium,gi,111,0.7
2023-11-13,Nairobi,Nairobi,Imodium,gi,84,0.7
2023-11-20,Nairobi,Nairobi,Imodium,gi,71,0.7
2023-11-27,Nairobi,Nairobi,Imodium,gi,81,0.7
2023-12-04,Nairobi,Nairobi,Imodium,gi,88,0.7
2023-12-11,Nairobi,Nairobi,Imodium,gi,61,0.7
2023-12-18,Nairobi,Nairobi,Imodium,gi,79,0.7
2023-12-25,Nairobi,Nairobi,Imodium,gi,91,0.7
2024-01-01,Nairobi,Nairobi,Imodium,gi,58,0.7
2024-01-08,Nairobi,Nairobi,Imodium,gi,74,0.7
2024-01-15,Nairobi,Nairobi,Imodium,gi,94,0.7
2024-01-22,Nairobi,Nairobi,Imodium,gi,91,0.7
2024-01-29,Nairobi,Nairobi,Imodium,gi,127,0.7
2024-02-05,Nairobi,Nairobi,Imodium,gi,81,0.7
2024-02-12,Nairobi,Nairobi,Imodium,gi,81,0.7
2024-02-19,Nairobi,Nairobi,Imodium,gi,89,0.7
2024-02-26,Nairobi,Nairobi,Imodium,gi,68,0.7
2024-03-04,Nairobi,Nairobi,Imodium,gi,36,0.7
2024-03-11,Nairobi,Nairobi,Imodium,gi,96,0.7
2024-03-18,Nairobi,Nairobi,Imodium,gi,71,0.7
2024-03-25,Nairobi,Nairobi,Imodium,gi,101,0.7
2024-04-01,Nairobi,Nairobi,Imodium,gi,80,0.7
2024-04-08,Nairobi,Nairobi,Imodium,gi,88,0.7
2024-04-15,Nairobi,Nairobi,Imodium,gi,75,0.7
2024-04-22,Nairobi,Nairobi,Imodium,gi,83,0.7
2024-04-29,Nairobi,Nairobi,Imodium,gi,77,0.7
2024-05-06,Nairobi,Nairobi,Imodium,gi,73,0.7
2024-05-13,Nairobi,Nairobi,Imodium,gi,59,0.7
2024-05-20,Nairobi,Nairobi,Imodium,gi,59,0.7
2024-05-27,Nairobi,Nairobi,Imodium,gi,79,0.7
2024-06-03,Nairobi,Nairobi,Imodium,gi,114,0.7
2024-06-10,Nairobi,Nairobi,Imodium,gi,119,0.7
2024-06-17,Nairobi,Nairobi,Imodium,gi,108,0.7
2024-06-24,Nairobi,Nairobi,Imodium,gi,109,0.7
2024-07-01,Nairobi,Nairobi,Imodium,gi,123,0.7
2024-07-08,Nairobi,Nairobi,Imodium,gi,93,0.7
2024-07-15,Nairobi,Nairobi,Imodium,gi,82,0.7
2024-07-22,Nairobi,Nairobi,Imodium,gi,48,0.7
2024-07-29,Nairobi,Nairobi,Imodium,gi,62,0.7
2024-08-05,Nairobi,Nairobi,Imodium,gi,85,0.7
2024-08-12,Nairobi,Nairobi,Imodium,gi,82,0.7
2024-08-19,Nairobi,Nairobi,Imodium,gi,84,0.7
2024-08-26,Nairobi,Nairobi,Imodium,gi,87,0.7
2024-09-02,Nairobi,Nairobi,Imodium,gi,201,0.7
2024-09-09,Nairobi,Nairobi,Imodium,gi,213,0.7
2024-09-16,Nairobi,Nairobi,Imodium,gi,232,0.7
2024-09-23,Nairobi,Nairobi,Imodium,gi,245,0.7
2024-09-30,Nairobi,Nairobi,Imodium,gi,183,0.7
2024-10-07,Nairobi,Nairobi,Imodium,gi,212,0.7
2024-10-14,Nairobi,Nairobi,Imodium,gi,64,0.7
2024-10-21,Nairobi,Nairobi,Imodium,gi,95,0.7
2024-10-28,Nairobi,Nairobi,Imodium,gi,98,0.7
2024-11-04,Nairobi,Nairobi,Imodium,gi,105,0.7
2024-11-11,Nairobi,Nairobi,Imodium,gi,94,0.7
2024-11-18,Nairobi,Nairobi,Imodium,gi,117,0.7
2024-11-25,Nairobi,Nairobi,Imodium,gi,86,0.7
2024-12-02,Nairobi,Nairobi,Imodium,gi,76,0.7
2024-12-09,Nairobi,Nairobi,Imodium,gi,44,0.7
2024-12-16,Nairobi,Nairobi,Imodium,gi,73,0.7
2024-12-23,Nairobi,Nairobi,Imodium,gi,100,0.7
2024-12-30,Nairobi,Nairobi,Imodium,gi,81,0.7
2023-01-02,Nairobi,Nairobi,Septrin,respiratory,61,0.8
2023-01-09,Nairobi,Nairobi,Septrin,respiratory,95,0.8
2023-01-16,Nairobi,Nairobi,Septrin,respiratory,89,0.8
2023-01-23,Nairobi,Nairobi,Septrin,respiratory,83,0.8
2023-01-30,Nairobi,Nairobi,Septrin,respiratory,93,0.8
2023-02-06,Nairobi,Nairobi,Septrin,respiratory,108,0.8
2023-02-13,Nairobi,Nairobi,Septrin,respiratory,149,0.8
2023-02-20,Nairobi,Nairobi,Septrin,respiratory,143,0.8
2023-02-27,Nairobi,Nairobi,Septrin,respiratory,133,0.8
2023-03-06,Nairobi,Nairobi,Septrin,respiratory,176,0.8
2023-03-13,Nairobi,Nairobi,Septrin,respiratory,145,0.8
2023-03-20,Nairobi,Nairobi,Septrin,respiratory,152,0.8
2023-03-27,Nairobi,Nairobi,Septrin,respiratory,118,0.8
2023-04-03,Nairobi,Nairobi,Septrin,respiratory,99,0.8
2023-04-10,Nairobi,Nairobi,Septrin,respiratory,210,0.8
2023-04-17,Nairobi,Nairobi,Septrin,respiratory,208,0.8
2023-04-24,Nairobi,Nairobi,Septrin,respiratory,223,0.8
2023-05-01,Nairobi,Nairobi,Septrin,respiratory,199,0.8
2023-05-08,Nairobi,Nairobi,Septrin,respiratory,151,0.8
2023-05-15,Nairobi,Nairobi,Septrin,respiratory,194,0.8
2023-05-22,Nairobi,Nairobi,Septrin,respiratory,101,0.8
2023-05-29,Nairobi,Nairobi,Septrin,respiratory,86,0.8
2023-06-05,Nairobi,Nairobi,Septrin,respiratory,87,0.8
2023-06-12,Nairobi,Nairobi,Septrin,respiratory,103,0.8
2023-06-19,Nairobi,Nairobi,Septrin,respiratory,80,0.8
2023-06-26,Nairobi,Nairobi,Septrin,respiratory,84,0.8
2023-07-03,Nairobi,Nairobi,Septrin,respiratory,124,0.8
2023-07-10,Nairobi,Nairobi,Septrin,respiratory,131,0.8
2023-07-17,Nairobi,Nairobi,Septrin,respiratory,128,0.8
2023-07-24,Nairobi,Nairobi,Septrin,respiratory,149,0.8
2023-07-31,Nairobi,Nairobi,Septrin,respiratory,161,0.8
2023-08-07,Nairobi,Nairobi,Septrin,respiratory,141,0.8
2023-08-14,Nairobi,Nairobi,Septrin,respiratory,133,0.8
2023-08-21,Nairobi,Nairobi,Septrin,respiratory,139,0.8
2023-08-28,Nairobi,Nairobi,Septrin,respiratory,85,0.8
2023-09-04,Nairobi,Nairobi,Septrin,respiratory,94,0.8
2023-09-11,Nairobi,Nairobi,Septrin,respiratory,83,0.8
2023-09-18,Nairobi,Nairobi,Septrin,respiratory,79,0.8
2023-09-25,Nairobi,Nairobi,Septrin,respiratory,82,0.8
2023-10-02,Nairobi,Nairobi,Septrin,respiratory,84,0.8
2023-10-09,Nairobi,Nairobi,Septrin,respiratory,95,0.8
2023-10-16,Nairobi,Nairobi,Septrin,respiratory,122,0.8
2023-10-23,Nairobi,Nairobi,Septrin,respiratory,80,0.8
2023-10-30,Nairobi,Nairobi,Septrin,respiratory,84,0.8
2023-11-06,Nairobi,Nairobi,Septrin,respiratory,89,0.8
2023-11-13,Nairobi,Nairobi,Septrin,respiratory,116,0.8
2023-11-20,Nairobi,Nairobi,Septrin,respiratory,132,0.8
2023-11-27,Nairobi,Nairobi,Septrin,respiratory,168,0.8
2023-12-04,Nairobi,Nairobi,Septrin,respiratory,95,0.8
2023-12-11,Nairobi,Nairobi,Septrin,respiratory,98,0.8
2023-12-18,Nairobi,Nairobi,Septrin,respiratory,139,0.8
2023-12-25,Nairobi,Nairobi,Septrin,respiratory,164,0.8
2024-01-01,Nairobi,Nairobi,Septrin,respiratory,69,0.8
2024-01-08,Nairobi,Nairobi,Septrin,respiratory,49,0.8
2024-01-15,Nairobi,Nairobi,Septrin,respiratory,98,0.8
2024-01-22,Nairobi,Nairobi,Septrin,respiratory,93,0.8
2024-01-29,Nairobi,Nairobi,Septrin,respiratory,75,0.8
2024-02-05,Nairobi,Nairobi,Septrin,respiratory,93,0.8
2024-02-12,Nairobi,Nairobi,Septrin,respiratory,109,0.8
2024-02-19,Nairobi,Nairobi,Septrin,respiratory,143,0.8
2024-02-26,Nairobi,Nairobi,Septrin,respiratory,136,0.8
2024-03-04,Nairobi,Nairobi,Septrin,respiratory,164,0.8
2024-03-11,Nairobi,Nairobi,Septrin,respiratory,86,0.8
2024-03-18,Nairobi,Nairobi,Septrin,respiratory,123,0.8
2024-03-25,Nairobi,Nairobi,Septrin,respiratory,106,0.8
2024-04-01,Nairobi,Nairobi,Septrin,respiratory,105,0.8
2024-04-08,Nairobi,Nairobi,Septrin,respiratory,83,0.8
2024-04-15,Nairobi,Nairobi,Septrin,respiratory,101,0.8
2024-04-22,Nairobi,Nairobi,Septrin,respiratory,65,0.8
2024-04-29,Nairobi,Nairobi,Septrin,respiratory,91,0.8
2024-05-06,Nairobi,Nairobi,Septrin,respiratory,98,0.8
2024-05-13,Nairobi,Nairobi,Septrin,respiratory,115,0.8
2024-05-20,Nairobi,Nairobi,Septrin,respiratory,83,0.8
2024-05-27,Nairobi,Nairobi,Septrin,respiratory,94,0.8
2024-06-03,Nairobi,Nairobi,Septrin,respiratory,66,0.8
2024-06-10,Nairobi,Nairobi,Septrin,respiratory,58,0.8
2024-06-17,Nairobi,Nairobi,Septrin,respiratory,101,0.8
2024-06-24,Nairobi,Nairobi,Septrin,respiratory,109,0.8
2024-07-01,Nairobi,Nairobi,Septrin,respiratory,149,0.8
2024-07-08,Nairobi,Nairobi,Septrin,respiratory,264,0.8
2024-07-15,Nairobi,Nairobi,Septrin,respiratory,381,0.8
2024-07-22,Nairobi,Nairobi,Septrin,respiratory,462,0.8
2024-07-29,Nairobi,Nairobi,Septrin,respiratory,376,0.8
2024-08-05,Nairobi,Nairobi,Septrin,respiratory,347,0.8
2024-08-12,Nairobi,Nairobi,Septrin,respiratory,300,0.8
2024-08-19,Nairobi,Nairobi,Septrin,respiratory,84,0.8
2024-08-26,Nairobi,Nairobi,Septrin,respiratory,108,0.8
2024-09-02,Nairobi,Nairobi,Septrin,respiratory,82,0.8
2024-09-09,Nairobi,Nairobi,Septrin,respiratory,97,0.8
2024-09-16,Nairobi,Nairobi,Septrin,respiratory,69,0.8
2024-09-23,Nairobi,Nairobi,Septrin,respiratory,74,0.8
2024-09-30,Nairobi,Nairobi,Septrin,respiratory,109,0.8
2024-10-07,Nairobi,Nairobi,Septrin,respiratory,85,0.8
2024-10-14,Nairobi,Nairobi,Septrin,respiratory,110,0.8
2024-10-21,Nairobi,Nairobi,Septrin,respiratory,89,0.8
2024-10-28,Nairobi,Nairobi,Septrin,respiratory,65,0.8
2024-11-04,Nairobi,Nairobi,Septrin,respiratory,102,0.8
2024-11-11,Nairobi,Nairobi,Septrin,respiratory,100,0.8
2024-11-18,Nairobi,Nairobi,Septrin,respiratory,140,0.8
2024-11-25,Nairobi,Nairobi,Septrin,respiratory,142,0.8
2024-12-02,Nairobi,Nairobi,Septrin,respiratory,115,0.8
2024-12-09,Nairobi,Nairobi,Septrin,respiratory,157,0.8
2024-12-16,Nairobi,Nairobi,Septrin,respiratory,199,0.8
2024-12-23,Nairobi,Nairobi,Septrin,respiratory,151,0.8
2024-12-30,Nairobi,Nairobi,Septrin,respiratory,89,0.8
2023-01-02,Nairobi,Nairobi,Amoxicillin,respiratory,55,0.75
2023-01-09,Nairobi,Nairobi,Amoxicillin,respiratory,82,0.75
2023-01-16,Nairobi,Nairobi,Amoxicillin,respiratory,62,0.75
2023-01-23,Nairobi,Nairobi,Amoxicillin,respiratory,60,0.75
2023-01-30,Nairobi,Nairobi,Amoxicillin,respiratory,82,0.75
2023-02-06,Nairobi,Nairobi,Amoxicillin,respiratory,88,0.75
2023-02-13,Nairobi,Nairobi,Amoxicillin,respiratory,97,0.75
2023-02-20,Nairobi,Nairobi,Amoxicillin,respiratory,88,0.75
2023-02-27,Nairobi,Nairobi,Amoxicillin,respiratory,123,0.75
2023-03-06,Nairobi,Nairobi,Amoxicillin,respiratory,161,0.75
2023-03-13,Nairobi,Nairobi,Amoxicillin,respiratory,124,0.75
2023-03-20,Nairobi,Nairobi,Amoxicillin,respiratory,111,0.75
2023-03-27,Nairobi,Nairobi,Amoxicillin,respiratory,103,0.75
2023-04-03,Nairobi,Nairobi,Amoxicillin,respiratory,76,0.75
2023-04-10,Nairobi,Nairobi,Amoxicillin,respiratory,63,0.75
2023-04-17,Nairobi,Nairobi,Amoxicillin,respiratory,63,0.75
2023-04-24,Nairobi,Nairobi,Amoxicillin,respiratory,60,0.75
2023-05-01,Nairobi,Nairobi,Amoxicillin,respiratory,63,0.75
2023-05-08,Nairobi,Nairobi,Amoxicillin,respiratory,62,0.75
2023-05-15,Nairobi,Nairobi,Amoxicillin,respiratory,64,0.75
2023-05-22,Nairobi,Nairobi,Amoxicillin,respiratory,63,0.75
2023-05-29,Nairobi,Nairobi,Amoxicillin,respiratory,68,0.75
2023-06-05,Nairobi,Nairobi,Amoxicillin,respiratory,67,0.75
2023-06-12,Nairobi,Nairobi,Amoxicillin,respiratory,68,0.75
2023-06-19,Nairobi,Nairobi,Amoxicillin,respiratory,81,0.75
2023-06-26,Nairobi,Nairobi,Amoxicillin,respiratory,81,0.75
2023-07-03,Nairobi,Nairobi,Amoxicillin,respiratory,124,0.75
2023-07-10,Nairobi,Nairobi,Amoxicillin,respiratory,109,0.75
2023-07-17,Nairobi,Nairobi,Amoxicillin,respiratory,103,0.75
2023-07-24,Nairobi,Nairobi,Amoxicillin,respiratory,135,0.75
2023-07-31,Nairobi,Nairobi,Amoxicillin,respiratory,109,0.75
2023-08-07,Nairobi,Nairobi,Amoxicillin,respiratory,66,0.75
2023-08-14,Nairobi,Nairobi,Amoxicillin,respiratory,93,0.75
2023-08-21,Nairobi,Nairobi,Amoxicillin,respiratory,77,0.75
2023-08-28,Nairobi,Nairobi,Amoxicillin,respiratory,82,0.75
2023-09-04,Nairobi,Nairobi,Amoxicillin,respiratory,57,0.75
2023-09-11,Nairobi,Nairobi,Amoxicillin,respiratory,63,0.75
2023-09-18,Nairobi,Nairobi,Amoxicillin,respiratory,79,0.75
2023-09-25,Nairobi,Nairobi,Amoxicillin,respiratory,209,0.75
2023-10-02,Nairobi,Nairobi,Amoxicillin,respiratory,193,0.75
2023-10-09,Nairobi,Nairobi,Amoxicillin,respiratory,175,0.75
2023-10-16,Nairobi,Nairobi,Amoxicillin,respiratory,208,0.75
2023-10-23,Nairobi,Nairobi,Amoxicillin,respiratory,197,0.75
2023-10-30,Nairobi,Nairobi,Amoxicillin,respiratory,175,0.75
2023-11-06,Nairobi,Nairobi,Amoxicillin,respiratory,59,0.75
2023-11-13,Nairobi,Nairobi,Amoxicillin,respiratory,70,0.75
2023-11-20,Nairobi,Nairobi,Amoxicillin,respiratory,79,0.75
2023-11-27,Nairobi,Nairobi,Amoxicillin,respiratory,118,0.75
2023-12-04,Nairobi,Nairobi,Amoxicillin,respiratory,123,0.75
2023-12-11,Nairobi,Nairobi,Amoxicillin,respiratory,128,0.75
2023-12-18,Nairobi,Nairobi,Amoxicillin,respiratory,110,0.75
2023-12-25,Nairobi,Nairobi,Amoxicillin,respiratory,100,0.75
2024-01-01,Nairobi,Nairobi,Amoxicillin,respiratory,64,0.75
2024-01-08,Nairobi,Nairobi,Amoxicillin,respiratory,235,0.75
2024-01-15,Nairobi,Nairobi,Amoxicillin,respiratory,148,0.75
2024-01-22,Nairobi,Nairobi,Amoxicillin,respiratory,188,0.75
2024-01-29,Nairobi,Nairobi,Amoxicillin,respiratory,176,0.75
2024-02-05,Nairobi,Nairobi,Amoxicillin,respiratory,298,0.75
2024-02-12,Nairobi,Nairobi,Amoxicillin,respiratory,266,0.75
2024-02-19,Nairobi,Nairobi,Amoxicillin,respiratory,78,0.75
2024-02-26,Nairobi,Nairobi,Amoxicillin,respiratory,114,0.75
2024-03-04,Nairobi,Nairobi,Amoxicillin,respiratory,106,0.75
2024-03-11,Nairobi,Nairobi,Amoxicillin,respiratory,101,0.75
2024-03-18,Nairobi,Nairobi,Amoxicillin,respiratory,93,0.75
2024-03-25,Nairobi,Nairobi,Amoxicillin,respiratory,83,0.75
2024-04-01,Nairobi,Nairobi,Amoxicillin,respiratory,89,0.75
2024-04-08,Nairobi,Nairobi,Amoxicillin,respiratory,68,0.75
2024-04-15,Nairobi,Nairobi,Amoxicillin,respiratory,64,0.75
2024-04-22,Nairobi,Nairobi,Amoxicillin,respiratory,55,0.75
2024-04-29,Nairobi,Nairobi,Amoxicillin,respiratory,64,0.75
2024-05-06,Nairobi,Nairobi,Amoxicillin,respiratory,69,0.75
2024-05-13,Nairobi,Nairobi,Amoxicillin,respiratory,69,0.75
2024-05-20,Nairobi,Nairobi,Amoxicillin,respiratory,68,0.75
2024-05-27,Nairobi,Nairobi,Amoxicillin,respiratory,57,0.75
2024-06-03,Nairobi,Nairobi,Amoxicillin,respiratory,42,0.75
2024-06-10,Nairobi,Nairobi,Amoxicillin,respiratory,84,0.75
2024-06-17,Nairobi,Nairobi,Amoxicillin,respiratory,53,0.75
2024-06-24,Nairobi,Nairobi,Amoxicillin,respiratory,57,0.75
2024-07-01,Nairobi,Nairobi,Amoxicillin,respiratory,95,0.75
2024-07-08,Nairobi,Nairobi,Amoxicillin,respiratory,77,0.75
2024-07-15,Nairobi,Nairobi,Amoxicillin,respiratory,97,0.75
2024-07-22,Nairobi,Nairobi,Amoxicillin,respiratory,363,0.75
2024-07-29,Nairobi,Nairobi,Amoxicillin,respiratory,416,0.75
2024-08-05,Nairobi,Nairobi,Amoxicillin,respiratory,327,0.75
2024-08-12,Nairobi,Nairobi,Amoxicillin,respiratory,260,0.75
2024-08-19,Nairobi,Nairobi,Amoxicillin,respiratory,238,0.75
2024-08-26,Nairobi,Nairobi,Amoxicillin,respiratory,144,0.75
2024-09-02,Nairobi,Nairobi,Amoxicillin,respiratory,62,0.75
2024-09-09,Nairobi,Nairobi,Amoxicillin,respiratory,62,0.75
2024-09-16,Nairobi,Nairobi,Amoxicillin,respiratory,68,0.75
2024-09-23,Nairobi,Nairobi,Amoxicillin,respiratory,85,0.75
2024-09-30,Nairobi,Nairobi,Amoxicillin,respiratory,140,0.75
2024-10-07,Nairobi,Nairobi,Amoxicillin,respiratory,185,0.75
2024-10-14,Nairobi,Nairobi,Amoxicillin,respiratory,143,0.75
2024-10-21,Nairobi,Nairobi,Amoxicillin,respiratory,182,0.75
2024-10-28,Nairobi,Nairobi,Amoxicillin,respiratory,171,0.75
2024-11-04,Nairobi,Nairobi,Amoxicillin,respiratory,153,0.75
2024-11-11,Nairobi,Nairobi,Amoxicillin,respiratory,91,0.75
2024-11-18,Nairobi,Nairobi,Amoxicillin,respiratory,97,0.75
2024-11-25,Nairobi,Nairobi,Amoxicillin,respiratory,116,0.75
2024-12-02,Nairobi,Nairobi,Amoxicillin,respiratory,101,0.75
2024-12-09,Nairobi,Nairobi,Amoxicillin,respiratory,111,0.75
2024-12-16,Nairobi,Nairobi,Amoxicillin,respiratory,136,0.75
2024-12-23,Nairobi,Nairobi,Amoxicillin,respiratory,103,0.75
2024-12-30,Nairobi,Nairobi,Amoxicillin,respiratory,74,0.75
2023-01-02,Nairobi,Nairobi,Piriton,respiratory,71,0.5
2023-01-09,Nairobi,Nairobi,Piriton,respiratory,83,0.5
2023-01-16,Nairobi,Nairobi,Piriton,respiratory,57,0.5
2023-01-23,Nairobi,Nairobi,Piriton,respiratory,83,0.5
2023-01-30,Nairobi,Nairobi,Piriton,respiratory,69,0.5
2023-02-06,Nairobi,Nairobi,Piriton,respiratory,88,0.5
2023-02-13,Nairobi,Nairobi,Piriton,respiratory,117,0.5
2023-02-20,Nairobi,Nairobi,Piriton,respiratory,124,0.5
2023-02-27,Nairobi,Nairobi,Piriton,respiratory,150,0.5
2023-03-06,Nairobi,Nairobi,Piriton,respiratory,113,0.5
2023-03-13,Nairobi,Nairobi,Piriton,respiratory,128,0.5
2023-03-20,Nairobi,Nairobi,Piriton,respiratory,138,0.5
2023-03-27,Nairobi,Nairobi,Piriton,respiratory,116,0.5
2023-04-03,Nairobi,Nairobi,Piriton,respiratory,101,0.5
2023-04-10,Nairobi,Nairobi,Piriton,respiratory,91,0.5
2023-04-17,Nairobi,Nairobi,Piriton,respiratory,73,0.5
2023-04-24,Nairobi,Nairobi,Piriton,respiratory,71,0.5
2023-05-01,Nairobi,Nairobi,Piriton,respiratory,222,0.5
2023-05-08,Nairobi,Nairobi,Piriton,respiratory,200,0.5
2023-05-15,Nairobi,Nairobi,Piriton,respiratory,239,0.5
2023-05-22,Nairobi,Nairobi,Piriton,respiratory,216,0.5
2023-05-29,Nairobi,Nairobi,Piriton,respiratory,185,0.5
2023-06-05,Nairobi,Nairobi,Piriton,respiratory,215,0.5
2023-06-12,Nairobi,Nairobi,Piriton,respiratory,67,0.5
2023-06-19,Nairobi,Nairobi,Piriton,respiratory,89,0.5
2023-06-26,Nairobi,Nairobi,Piriton,respiratory,75,0.5
2023-07-03,Nairobi,Nairobi,Piriton,respiratory,130,0.5
2023-07-10,Nairobi,Nairobi,Piriton,respiratory,128,0.5
2023-07-17,Nairobi,Nairobi,Piriton,respiratory,127,0.5
2023-07-24,Nairobi,Nairobi,Piriton,respiratory,148,0.5
2023-07-31,Nairobi,Nairobi,Piriton,respiratory,140,0.5
2023-08-07,Nairobi,Nairobi,Piriton,respiratory,147,0.5
2023-08-14,Nairobi,Nairobi,Piriton,respiratory,132,0.5
2023-08-21,Nairobi,Nairobi,Piriton,respiratory,100,0.5
2023-08-28,Nairobi,Nairobi,Piriton,respiratory,68,0.5
2023-09-04,Nairobi,Nairobi,Piriton,respiratory,72,0.5
2023-09-11,Nairobi,Nairobi,Piriton,respiratory,177,0.5
2023-09-18,Nairobi,Nairobi,Piriton,respiratory,208,0.5
2023-09-25,Nairobi,Nairobi,Piriton,respiratory,167,0.5
2023-10-02,Nairobi,Nairobi,Piriton,respiratory,169,0.5
2023-10-09,Nairobi,Nairobi,Piriton,respiratory,229,0.5
2023-10-16,Nairobi,Nairobi,Piriton,respiratory,176,0.5
2023-10-23,Nairobi,Nairobi,Piriton,respiratory,71,0.5
2023-10-30,Nairobi,Nairobi,Piriton,respiratory,87,0.5
2023-11-06,Nairobi,Nairobi,Piriton,respiratory,77,0.5
2023-11-13,Nairobi,Nairobi,Piriton,respiratory,75,0.5
2023-11-20,Nairobi,Nairobi,Piriton,respiratory,127,0.5
2023-11-27,Nairobi,Nairobi,Piriton,respiratory,108,0.5
2023-12-04,Nairobi,Nairobi,Piriton,respiratory,131,0.5
2023-12-11,Nairobi,Nairobi,Piriton,respiratory,131,0.5
2023-12-18,Nairobi,Nairobi,Piriton,respiratory,134,0.5
2023-12-25,Nairobi,Nairobi,Piriton,respiratory,82,0.5
2024-01-01,Nairobi,Nairobi,Piriton,respiratory,74,0.5
2024-01-08,Nairobi,Nairobi,Piriton,respiratory,91,0.5
2024-01-15,Nairobi,Nairobi,Piriton,respiratory,93,0.5
2024-01-22,Nairobi,Nairobi,Piriton,respiratory,66,0.5
2024-01-29,Nairobi,Nairobi,Piriton,respiratory,89,0.5
2024-02-05,Nairobi,Nairobi,Piriton,respiratory,84,0.5
2024-02-12,Nairobi,Nairobi,Piriton,respiratory,104,0.5
2024-02-19,Nairobi,Nairobi,Piriton,respiratory,116,0.5
2024-02-26,Nairobi,Nairobi,Piriton,respiratory,132,0.5
2024-03-04,Nairobi,Nairobi,Piriton,respiratory,153,0.5
2024-03-11,Nairobi,Nairobi,Piriton,respiratory,135,0.5
2024-03-18,Nairobi,Nairobi,Piriton,respiratory,120,0.5
2024-03-25,Nairobi,Nairobi,Piriton,respiratory,126,0.5
2024-04-01,Nairobi,Nairobi,Piriton,respiratory,83,0.5
2024-04-08,Nairobi,Nairobi,Piriton,respiratory,77,0.5
2024-04-15,Nairobi,Nairobi,Piriton,respiratory,90,0.5
2024-04-22,Nairobi,Nairobi,Piriton,respiratory,84,0.5
2024-04-29,Nairobi,Nairobi,Piriton,respiratory,73,0.5
2024-05-06,Nairobi,Nairobi,Piriton,respiratory,60,0.5
2024-05-13,Nairobi,Nairobi,Piriton,respiratory,82,0.5
2024-05-20,Nairobi,Nairobi,Piriton,respiratory,60,0.5
2024-05-27,Nairobi,Nairobi,Piriton,respiratory,76,0.5
2024-06-03,Nairobi,Nairobi,Piriton,respiratory,92,0.5
2024-06-10,Nairobi,Nairobi,Piriton,respiratory,85,0.5
2024-06-17,Nairobi,Nairobi,Piriton,respiratory,54,0.5
2024-06-24,Nairobi,Nairobi,Piriton,respiratory,98,0.5
2024-07-01,Nairobi,Nairobi,Piriton,respiratory,105,0.5
2024-07-08,Nairobi,Nairobi,Piriton,respiratory,99,0.5
2024-07-15,Nairobi,Nairobi,Piriton,respiratory,136,0.5
2024-07-22,Nairobi,Nairobi,Piriton,respiratory,123,0.5
2024-07-29,Nairobi,Nairobi,Piriton,respiratory,120,0.5
2024-08-05,Nairobi,Nairobi,Piriton,respiratory,124,0.5
2024-08-12,Nairobi,Nairobi,Piriton,respiratory,100,0.5
2024-08-19,Nairobi,Nairobi,Piriton,respiratory,96,0.5
2024-08-26,Nairobi,Nairobi,Piriton,respiratory,71,0.5
2024-09-02,Nairobi,Nairobi,Piriton,respiratory,72,0.5
2024-09-09,Nairobi,Nairobi,Piriton,respiratory,90,0.5
2024-09-16,Nairobi,Nairobi,Piriton,respiratory,91,0.5
2024-09-23,Nairobi,Nairobi,Piriton,respiratory,58,0.5
2024-09-30,Nairobi,Nairobi,Piriton,respiratory,87,0.5
2024-10-07,Nairobi,Nairobi,Piriton,respiratory,94,0.5
2024-10-14,Nairobi,Nairobi,Piriton,respiratory,96,0.5
2024-10-21,Nairobi,Nairobi,Piriton,respiratory,84,0.5
2024-10-28,Nairobi,Nairobi,Piriton,respiratory,66,0.5
2024-11-04,Nairobi,Nairobi,Piriton,respiratory,85,0.5
2024-11-11,Nairobi,Nairobi,Piriton,respiratory,83,0.5
2024-11-18,Nairobi,Nairobi,Piriton,respiratory,104,0.5
2024-11-25,Nairobi,Nairobi,Piriton,respiratory,129,0.5
2024-12-02,Nairobi,Nairobi,Piriton,respiratory,114,0.5
2024-12-09,Nairobi,Nairobi,Piriton,respiratory,110,0.5
2024-12-16,Nairobi,Nairobi,Piriton,respiratory,139,0.5
2024-12-23,Nairobi,Nairobi,Piriton,respiratory,156,0.5
2024-12-30,Nairobi,Nairobi,Piriton,respiratory,93,0.5
2023-01-02,Machakos,Machakos,Coartem,malaria,29,0.95
2023-01-09,Machakos,Machakos,Coartem,malaria,41,0.95
2023-01-16,Machakos,Machakos,Coartem,malaria,33,0.95
2023-01-23,Machakos,Machakos,Coartem,malaria,52,0.95
2023-01-30,Machakos,Machakos,Coartem,malaria,37,0.95
2023-02-06,Machakos,Machakos,Coartem,malaria,46,0.95
2023-02-13,Machakos,Machakos,Coartem,malaria,36,0.95
2023-02-20,Machakos,Machakos,Coartem,malaria,40,0.95
2023-02-27,Machakos,Machakos,Coartem,malaria,31,0.95
2023-03-06,Machakos,Machakos,Coartem,malaria,18,0.95
2023-03-13,Machakos,Machakos,Coartem,malaria,33,0.95
2023-03-20,Machakos,Machakos,Coartem,malaria,34,0.95
2023-03-27,Machakos,Machakos,Coartem,malaria,47,0.95
2023-04-03,Machakos,Machakos,Coartem,malaria,45,0.95
2023-04-10,Machakos,Machakos,Coartem,malaria,48,0.95
2023-04-17,Machakos,Machakos,Coartem,malaria,38,0.95
2023-04-24,Machakos,Machakos,Coartem,malaria,38,0.95
2023-05-01,Machakos,Machakos,Coartem,malaria,34,0.95
2023-05-08,Machakos,Machakos,Coartem,malaria,35,0.95
2023-05-15,Machakos,Machakos,Coartem,malaria,30,0.95
2023-05-22,Machakos,Machakos,Coartem,malaria,27,0.95
2023-05-29,Machakos,Machakos,Coartem,malaria,119,0.95
2023-06-05,Machakos,Machakos,Coartem,malaria,78,0.95
2023-06-12,Machakos,Machakos,Coartem,malaria,102,0.95
2023-06-19,Machakos,Machakos,Coartem,malaria,109,0.95
2023-06-26,Machakos,Machakos,Coartem,malaria,99,0.95
2023-07-03,Machakos,Machakos,Coartem,malaria,88,0.95
2023-07-10,Machakos,Machakos,Coartem,malaria,39,0.95
2023-07-17,Machakos,Machakos,Coartem,malaria,30,0.95
2023-07-24,Machakos,Machakos,Coartem,malaria,25,0.95
2023-07-31,Machakos,Machakos,Coartem,malaria,34,0.95
2023-08-07,Machakos,Machakos,Coartem,malaria,38,0.95
2023-08-14,Machakos,Machakos,Coartem,malaria,46,0.95
2023-08-21,Machakos,Machakos,Coartem,malaria,44,0.95
2023-08-28,Machakos,Machakos,Coartem,malaria,37,0.95
2023-09-04,Machakos,Machakos,Coartem,malaria,52,0.95
2023-09-11,Machakos,Machakos,Coartem,malaria,38,0.95
2023-09-18,Machakos,Machakos,Coartem,malaria,32,0.95
2023-09-25,Machakos,Machakos,Coartem,malaria,30,0.95
2023-10-02,Machakos,Machakos,Coartem,malaria,21,0.95
2023-10-09,Machakos,Machakos,Coartem,malaria,29,0.95
2023-10-16,Machakos,Machakos,Coartem,malaria,39,0.95
2023-10-23,Machakos,Machakos,Coartem,malaria,44,0.95
2023-10-30,Machakos,Machakos,Coartem,malaria,39,0.95
2023-11-06,Machakos,Machakos,Coartem,malaria,42,0.95
2023-11-13,Machakos,Machakos,Coartem,malaria,52,0.95
2023-11-20,Machakos,Machakos,Coartem,malaria,45,0.95
2023-11-27,Machakos,Machakos,Coartem,malaria,48,0.95
2023-12-04,Machakos,Machakos,Coartem,malaria,36,0.95
2023-12-11,Machakos,Machakos,Coartem,malaria,28,0.95
2023-12-18,Machakos,Machakos,Coartem,malaria,24,0.95
2023-12-25,Machakos,Machakos,Coartem,malaria,41,0.95
2024-01-01,Machakos,Machakos,Coartem,malaria,30,0.95
2024-01-08,Machakos,Machakos,Coartem,malaria,34,0.95
2024-01-15,Machakos,Machakos,Coartem,malaria,43,0.95
2024-01-22,Machakos,Machakos,Coartem,malaria,51,0.95
2024-01-29,Machakos,Machakos,Coartem,malaria,49,0.95
2024-02-05,Machakos,Machakos,Coartem,malaria,105,0.95
2024-02-12,Machakos,Machakos,Coartem,malaria,126,0.95
2024-02-19,Machakos,Machakos,Coartem,malaria,90,0.95
2024-02-26,Machakos,Machakos,Coartem,malaria,86,0.95
2024-03-04,Machakos,Machakos,Coartem,malaria,62,0.95
2024-03-11,Machakos,Machakos,Coartem,malaria,81,0.95
2024-03-18,Machakos,Machakos,Coartem,malaria,41,0.95
2024-03-25,Machakos,Machakos,Coartem,malaria,35,0.95
2024-04-01,Machakos,Machakos,Coartem,malaria,58,0.95
2024-04-08,Machakos,Machakos,Coartem,malaria,33,0.95
2024-04-15,Machakos,Machakos,Coartem,malaria,41,0.95
2024-04-22,Machakos,Machakos,Coartem,malaria,44,0.95
2024-04-29,Machakos,Machakos,Coartem,malaria,40,0.95
2024-05-06,Machakos,Machakos,Coartem,malaria,30,0.95
2024-05-13,Machakos,Machakos,Coartem,malaria,24,0.95
2024-05-20,Machakos,Machakos,Coartem,malaria,33,0.95
2024-05-27,Machakos,Machakos,Coartem,malaria,35,0.95
2024-06-03,Machakos,Machakos,Coartem,malaria,50,0.95
2024-06-10,Machakos,Machakos,Coartem,malaria,50,0.95
2024-06-17,Machakos,Machakos,Coartem,malaria,52,0.95
2024-06-24,Machakos,Machakos,Coartem,malaria,38,0.95
2024-07-01,Machakos,Machakos,Coartem,malaria,41,0.95
2024-07-08,Machakos,Machakos,Coartem,malaria,35,0.95
2024-07-15,Machakos,Machakos,Coartem,malaria,26,0.95
2024-07-22,Machakos,Machakos,Coartem,malaria,25,0.95
2024-07-29,Machakos,Machakos,Coartem,malaria,28,0.95
2024-08-05,Machakos,Machakos,Coartem,malaria,40,0.95
2024-08-12,Machakos,Machakos,Coartem,malaria,35,0.95
2024-08-19,Machakos,Machakos,Coartem,malaria,56,0.95
2024-08-26,Machakos,Machakos,Coartem,malaria,114,0.95
2024-09-02,Machakos,Machakos,Coartem,malaria,133,0.95
2024-09-09,Machakos,Machakos,Coartem,malaria,134,0.95
2024-09-16,Machakos,Machakos,Coartem,malaria,97,0.95
2024-09-23,Machakos,Machakos,Coartem,malaria,100,0.95
2024-09-30,Machakos,Machakos,Coartem,malaria,57,0.95
2024-10-07,Machakos,Machakos,Coartem,malaria,37,0.95
2024-10-14,Machakos,Machakos,Coartem,malaria,37,0.95
2024-10-21,Machakos,Machakos,Coartem,malaria,38,0.95
2024-10-28,Machakos,Machakos,Coartem,malaria,43,0.95
2024-11-04,Machakos,Machakos,Coartem,malaria,51,0.95
2024-11-11,Machakos,Machakos,Coartem,malaria,41,0.95
2024-11-18,Machakos,Machakos,Coartem,malaria,37,0.95
2024-11-25,Machakos,Machakos,Coartem,malaria,35,0.95
2024-12-02,Machakos,Machakos,Coartem,malaria,25,0.95
2024-12-09,Machakos,Machakos,Coartem,malaria,31,0.95
2024-12-16,Machakos,Machakos,Coartem,malaria,28,0.95
2024-12-23,Machakos,Machakos,Coartem,malaria,41,0.95
2024-12-30,Machakos,Machakos,Coartem,malaria,32,0.95
2023-01-02,Machakos,Machakos,Panadol,malaria,98,0.4
2023-01-09,Machakos,Machakos,Panadol,malaria,138,0.4
2023-01-16,Machakos,Machakos,Panadol,malaria,194,0.4
2023-01-23,Machakos,Machakos,Panadol,malaria,173,0.4
2023-01-30,Machakos,Machakos,Panadol,malaria,145,0.4
2023-02-06,Machakos,Machakos,Panadol,malaria,191,0.4
2023-02-13,Machakos,Machakos,Panadol,malaria,164,0.4
2023-02-20,Machakos,Machakos,Panadol,malaria,114,0.4
2023-02-27,Machakos,Machakos,Panadol,malaria,87,0.4
2023-03-06,Machakos,Machakos,Panadol,malaria,77,0.4
2023-03-13,Machakos,Machakos,Panadol,malaria,129,0.4
2023-03-20,Machakos,Machakos,Panadol,malaria,131,0.4
2023-03-27,Machakos,Machakos,Panadol,malaria,157,0.4
2023-04-03,Machakos,Machakos,Panadol,malaria,133,0.4
2023-04-10,Machakos,Machakos,Panadol,malaria,193,0.4
2023-04-17,Machakos,Machakos,Panadol,malaria,117,0.4
2023-04-24,Machakos,Machakos,Panadol,malaria,140,0.4
2023-05-01,Machakos,Machakos,Panadol,malaria,146,0.4
2023-05-08,Machakos,Machakos,Panadol,malaria,96,0.4
2023-05-15,Machakos,Machakos,Panadol,malaria,98,0.4
2023-05-22,Machakos,Machakos,Panadol,malaria,100,0.4
2023-05-29,Machakos,Machakos,Panadol,malaria,112,0.4
2023-06-05,Machakos,Machakos,Panadol,malaria,186,0.4
2023-06-12,Machakos,Machakos,Panadol,malaria,171,0.4
2023-06-19,Machakos,Machakos,Panadol,malaria,184,0.4
2023-06-26,Machakos,Machakos,Panadol,malaria,193,0.4
2023-07-03,Machakos,Machakos,Panadol,malaria,94,0.4
2023-07-10,Machakos,Machakos,Panadol,malaria,151,0.4
2023-07-17,Machakos,Machakos,Panadol,malaria,102,0.4
2023-07-24,Machakos,Machakos,Panadol,malaria,82,0.4
2023-07-31,Machakos,Machakos,Panadol,malaria,123,0.4
2023-08-07,Machakos,Machakos,Panadol,malaria,130,0.4
2023-08-14,Machakos,Machakos,Panadol,malaria,169,0.4
2023-08-21,Machakos,Machakos,Panadol,malaria,166,0.4
2023-08-28,Machakos,Machakos,Panadol,malaria,175,0.4
2023-09-04,Machakos,Machakos,Panadol,malaria,155,0.4
2023-09-11,Machakos,Machakos,Panadol,malaria,131,0.4
2023-09-18,Machakos,Machakos,Panadol,malaria,122,0.4
2023-09-25,Machakos,Machakos,Panadol,malaria,113,0.4
2023-10-02,Machakos,Machakos,Panadol,malaria,115,0.4
2023-10-09,Machakos,Machakos,Panadol,malaria,140,0.4
2023-10-16,Machakos,Machakos,Panadol,malaria,124,0.4
2023-10-23,Machakos,Machakos,Panadol,malaria,157,0.4
2023-10-30,Machakos,Machakos,Panadol,malaria,412,0.4
2023-11-06,Machakos,Machakos,Panadol,malaria,449,0.4
2023-11-13,Machakos,Machakos,Panadol,malaria,447,0.4
2023-11-20,Machakos,Machakos,Panadol,malaria,433,0.4
2023-11-27,Machakos,Machakos,Panadol,malaria,200,0.4
2023-12-04,Machakos,Machakos,Panadol,malaria,313,0.4
2023-12-11,Machakos,Machakos,Panadol,malaria,85,0.4
2023-12-18,Machakos,Machakos,Panadol,malaria,103,0.4
2023-12-25,Machakos,Machakos,Panadol,malaria,154,0.4
2024-01-01,Machakos,Machakos,Panadol,malaria,140,0.4
2024-01-08,Machakos,Machakos,Panadol,malaria,152,0.4
2024-01-15,Machakos,Machakos,Panadol,malaria,143,0.4
2024-01-22,Machakos,Machakos,Panadol,malaria,140,0.4
2024-01-29,Machakos,Machakos,Panadol,malaria,94,0.4
2024-02-05,Machakos,Machakos,Panadol,malaria,172,0.4
2024-02-12,Machakos,Machakos,Panadol,malaria,169,0.4
2024-02-19,Machakos,Machakos,Panadol,malaria,136,0.4
2024-02-26,Machakos,Machakos,Panadol,malaria,131,0.4
2024-03-04,Machakos,Machakos,Panadol,malaria,72,0.4
2024-03-11,Machakos,Machakos,Panadol,malaria,112,0.4
2024-03-18,Machakos,Machakos,Panadol,malaria,132,0.4
2024-03-25,Machakos,Machakos,Panadol,malaria,153,0.4
2024-04-01,Machakos,Machakos,Panadol,malaria,196,0.4
2024-04-08,Machakos,Machakos,Panadol,malaria,168,0.4
2024-04-15,Machakos,Machakos,Panadol,malaria,160,0.4
2024-04-22,Machakos,Machakos,Panadol,malaria,309,0.4
2024-04-29,Machakos,Machakos,Panadol,malaria,382,0.4
2024-05-06,Machakos,Machakos,Panadol,malaria,209,0.4
2024-05-13,Machakos,Machakos,Panadol,malaria,191,0.4
2024-05-20,Machakos,Machakos,Panadol,malaria,334,0.4
2024-05-27,Machakos,Machakos,Panadol,malaria,341,0.4
2024-06-03,Machakos,Machakos,Panadol,malaria,155,0.4
2024-06-10,Machakos,Machakos,Panadol,malaria,168,0.4
2024-06-17,Machakos,Machakos,Panadol,malaria,147,0.4
2024-06-24,Machakos,Machakos,Panadol,malaria,165,0.4
2024-07-01,Machakos,Machakos,Panadol,malaria,147,0.4
2024-07-08,Machakos,Machakos,Panadol,malaria,141,0.4
2024-07-15,Machakos,Machakos,Panadol,malaria,89,0.4
2024-07-22,Machakos,Machakos,Panadol,malaria,95,0.4
2024-07-29,Machakos,Machakos,Panadol,malaria,133,0.4
2024-08-05,Machakos,Machakos,Panadol,malaria,133,0.4
2024-08-12,Machakos,Machakos,Panadol,malaria,171,0.4
2024-08-19,Machakos,Machakos,Panadol,malaria,175,0.4
2024-08-26,Machakos,Machakos,Panadol,malaria,155,0.4
2024-09-02,Machakos,Machakos,Panadol,malaria,141,0.4
2024-09-09,Machakos,Machakos,Panadol,malaria,134,0.4
2024-09-16,Machakos,Machakos,Panadol,malaria,144,0.4
2024-09-23,Machakos,Machakos,Panadol,malaria,114,0.4
2024-09-30,Machakos,Machakos,Panadol,malaria,107,0.4
2024-10-07,Machakos,Machakos,Panadol,malaria,129,0.4
2024-10-14,Machakos,Machakos,Panadol,malaria,154,0.4
2024-10-21,Machakos,Machakos,Panadol,malaria,162,0.4
2024-10-28,Machakos,Machakos,Panadol,malaria,342,0.4
2024-11-04,Machakos,Machakos,Panadol,malaria,429,0.4
2024-11-11,Machakos,Machakos,Panadol,malaria,404,0.4
2024-11-18,Machakos,Machakos,Panadol,malaria,309,0.4
2024-11-25,Machakos,Machakos,Panadol,malaria,389,0.4
2024-12-02,Machakos,Machakos,Panadol,malaria,321,0.4
2024-12-09,Machakos,Machakos,Panadol,malaria,75,0.4
2024-12-16,Machakos,Machakos,Panadol,malaria,104,0.4
2024-12-23,Machakos,Machakos,Panadol,malaria,126,0.4
2024-12-30,Machakos,Machakos,Panadol,malaria,126,0.4
2023-01-02,Machakos,Machakos,Flagyl,gi,65,0.85
2023-01-09,Machakos,Machakos,Flagyl,gi,123,0.85
2023-01-16,Machakos,Machakos,Flagyl,gi,120,0.85
2023-01-23,Machakos,Machakos,Flagyl,gi,122,0.85
2023-01-30,Machakos,Machakos,Flagyl,gi,129,0.85
2023-02-06,Machakos,Machakos,Flagyl,gi,182,0.85
2023-02-13,Machakos,Machakos,Flagyl,gi,131,0.85
2023-02-20,Machakos,Machakos,Flagyl,gi,89,0.85
2023-02-27,Machakos,Machakos,Flagyl,gi,69,0.85
2023-03-06,Machakos,Machakos,Flagyl,gi,90,0.85
2023-03-13,Machakos,Machakos,Flagyl,gi,197,0.85
2023-03-20,Machakos,Machakos,Flagyl,gi,217,0.85
2023-03-27,Machakos,Machakos,Flagyl,gi,193,0.85
2023-04-03,Machakos,Machakos,Flagyl,gi,244,0.85
2023-04-10,Machakos,Machakos,Flagyl,gi,211,0.85
2023-04-17,Machakos,Machakos,Flagyl,gi,255,0.85
2023-04-24,Machakos,Machakos,Flagyl,gi,133,0.85
2023-05-01,Machakos,Machakos,Flagyl,gi,97,0.85
2023-05-08,Machakos,Machakos,Flagyl,gi,108,0.85
2023-05-15,Machakos,Machakos,Flagyl,gi,79,0.85
2023-05-22,Machakos,Machakos,Flagyl,gi,99,0.85
2023-05-29,Machakos,Machakos,Flagyl,gi,85,0.85
2023-06-05,Machakos,Machakos,Flagyl,gi,120,0.85
2023-06-12,Machakos,Machakos,Flagyl,gi,110,0.85
2023-06-19,Machakos,Machakos,Flagyl,gi,134,0.85
2023-06-26,Machakos,Machakos,Flagyl,gi,149,0.85
2023-07-03,Machakos,Machakos,Flagyl,gi,121,0.85
2023-07-10,Machakos,Machakos,Flagyl,gi,91,0.85
2023-07-17,Machakos,Machakos,Flagyl,gi,101,0.85
2023-07-24,Machakos,Machakos,Flagyl,gi,83,0.85
2023-07-31,Machakos,Machakos,Flagyl,gi,121,0.85
2023-08-07,Machakos,Machakos,Flagyl,gi,110,0.85
2023-08-14,Machakos,Machakos,Flagyl,gi,106,0.85
2023-08-21,Machakos,Machakos,Flagyl,gi,137,0.85
2023-08-28,Machakos,Machakos,Flagyl,gi,122,0.85
2023-09-04,Machakos,Machakos,Flagyl,gi,124,0.85
2023-09-11,Machakos,Machakos,Flagyl,gi,100,0.85
2023-09-18,Machakos,Machakos,Flagyl,gi,104,0.85
2023-09-25,Machakos,Machakos,Flagyl,gi,93,0.85
2023-10-02,Machakos,Machakos,Flagyl,gi,76,0.85
2023-10-09,Machakos,Machakos,Flagyl,gi,84,0.85
2023-10-16,Machakos,Machakos,Flagyl,gi,110,0.85
2023-10-23,Machakos,Machakos,Flagyl,gi,100,0.85
2023-10-30,Machakos,Machakos,Flagyl,gi,101,0.85
2023-11-06,Machakos,Machakos,Flagyl,gi,138,0.85
2023-11-13,Machakos,Machakos,Flagyl,gi,134,0.85
2023-11-20,Machakos,Machakos,Flagyl,gi,93,0.85
2023-11-27,Machakos,Machakos,Flagyl,gi,77,0.85
2023-12-04,Machakos,Machakos,Flagyl,gi,78,0.85
2023-12-11,Machakos,Machakos,Flagyl,gi,76,0.85
2023-12-18,Machakos,Machakos,Flagyl,gi,108,0.85
2023-12-25,Machakos,Machakos,Flagyl,gi,103,0.85
2024-01-01,Machakos,Machakos,Flagyl,gi,82,0.85
2024-01-08,Machakos,Machakos,Flagyl,gi,108,0.85
2024-01-15,Machakos,Machakos,Flagyl,gi,114,0.85
2024-01-22,Machakos,Machakos,Flagyl,gi,97,0.85
2024-01-29,Machakos,Machakos,Flagyl,gi,99,0.85
2024-02-05,Machakos,Machakos,Flagyl,gi,98,0.85
2024-02-12,Machakos,Machakos,Flagyl,gi,159,0.85
2024-02-19,Machakos,Machakos,Flagyl,gi,119,0.85
2024-02-26,Machakos,Machakos,Flagyl,gi,84,0.85
2024-03-04,Machakos,Machakos,Flagyl,gi,91,0.85
2024-03-11,Machakos,Machakos,Flagyl,gi,85,0.85
2024-03-18,Machakos,Machakos,Flagyl,gi,123,0.85
2024-03-25,Machakos,Machakos,Flagyl,gi,117,0.85
2024-04-01,Machakos,Machakos,Flagyl,gi,110,0.85
2024-04-08,Machakos,Machakos,Flagyl,gi,138,0.85
2024-04-15,Machakos,Machakos,Flagyl,gi,125,0.85
2024-04-22,Machakos,Machakos,Flagyl,gi,253,0.85
2024-04-29,Machakos,Machakos,Flagyl,gi,225,0.85
2024-05-06,Machakos,Machakos,Flagyl,gi,197,0.85
2024-05-13,Machakos,Machakos,Flagyl,gi,180,0.85
2024-05-20,Machakos,Machakos,Flagyl,gi,265,0.85
2024-05-27,Machakos,Machakos,Flagyl,gi,258,0.85
2024-06-03,Machakos,Machakos,Flagyl,gi,120,0.85
2024-06-10,Machakos,Machakos,Flagyl,gi,117,0.85
2024-06-17,Machakos,Machakos,Flagyl,gi,121,0.85
2024-06-24,Machakos,Machakos,Flagyl,gi,99,0.85
2024-07-01,Machakos,Machakos,Flagyl,gi,127,0.85
2024-07-08,Machakos,Machakos,Flagyl,gi,89,0.85
2024-07-15,Machakos,Machakos,Flagyl,gi,87,0.85
2024-07-22,Machakos,Machakos,Flagyl,gi,86,0.85
2024-07-29,Machakos,Machakos,Flagyl,gi,89,0.85
2024-08-05,Machakos,Machakos,Flagyl,gi,98,0.85
2024-08-12,Machakos,Machakos,Flagyl,gi,95,0.85
2024-08-19,Machakos,Machakos,Flagyl,gi,456,0.85
2024-08-26,Machakos,Machakos,Flagyl,gi,344,0.85
2024-09-02,Machakos,Machakos,Flagyl,gi,352,0.85
2024-09-09,Machakos,Machakos,Flagyl,gi,267,0.85
2024-09-16,Machakos,Machakos,Flagyl,gi,331,0.85
2024-09-23,Machakos,Machakos,Flagyl,gi,277,0.85
2024-09-30,Machakos,Machakos,Flagyl,gi,80,0.85
2024-10-07,Machakos,Machakos,Flagyl,gi,76,0.85
2024-10-14,Machakos,Machakos,Flagyl,gi,117,0.85
2024-10-21,Machakos,Machakos,Flagyl,gi,84,0.85
2024-10-28,Machakos,Machakos,Flagyl,gi,121,0.85
2024-11-04,Machakos,Machakos,Flagyl,gi,127,0.85
2024-11-11,Machakos,Machakos,Flagyl,gi,124,0.85
2024-11-18,Machakos,Machakos,Flagyl,gi,119,0.85
2024-11-25,Machakos,Machakos,Flagyl,gi,118,0.85
2024-12-02,Machakos,Machakos,Flagyl,gi,111,0.85
2024-12-09,Machakos,Machakos,Flagyl,gi,76,0.85
2024-12-16,Machakos,Machakos,Flagyl,gi,79,0.85
2024-12-23,Machakos,Machakos,Flagyl,gi,114,0.85
2024-12-30,Machakos,Machakos,Flagyl,gi,89,0.85
2023-01-02,Machakos,Machakos,ORS,gi,183,0.8
2023-01-09,Machakos,Machakos,ORS,gi,174,0.8
2023-01-16,Machakos,Machakos,ORS,gi,200,0.8
2023-01-23,Machakos,Machakos,ORS,gi,207,0.8
2023-01-30,Machakos,Machakos,ORS,gi,233,0.8
2023-02-06,Machakos,Machakos,ORS,gi,232,0.8
2023-02-13,Machakos,Machakos,ORS,gi,163,0.8
2023-02-20,Machakos,Machakos,ORS,gi,199,0.8
2023-02-27,Machakos,Machakos,ORS,gi,127,0.8
2023-03-06,Machakos,Machakos,ORS,gi,141,0.8
2023-03-13,Machakos,Machakos,ORS,gi,168,0.8
2023-03-20,Machakos,Machakos,ORS,gi,125,0.8
2023-03-27,Machakos,Machakos,ORS,gi,196,0.8
2023-04-03,Machakos,Machakos,ORS,gi,190,0.8
2023-04-10,Machakos,Machakos,ORS,gi,184,0.8
2023-04-17,Machakos,Machakos,ORS,gi,246,0.8
2023-04-24,Machakos,Machakos,ORS,gi,174,0.8
2023-05-01,Machakos,Machakos,ORS,gi,155,0.8
2023-05-08,Machakos,Machakos,ORS,gi,156,0.8
2023-05-15,Machakos,Machakos,ORS,gi,143,0.8
2023-05-22,Machakos,Machakos,ORS,gi,151,0.8
2023-05-29,Machakos,Machakos,ORS,gi,207,0.8
2023-06-05,Machakos,Machakos,ORS,gi,208,0.8
2023-06-12,Machakos,Machakos,ORS,gi,428,0.8
2023-06-19,Machakos,Machakos,ORS,gi,596,0.8
2023-06-26,Machakos,Machakos,ORS,gi,581,0.8
2023-07-03,Machakos,Machakos,ORS,gi,644,0.8
2023-07-10,Machakos,Machakos,ORS,gi,332,0.8
2023-07-17,Machakos,Machakos,ORS,gi,663,0.8
2023-07-24,Machakos,Machakos,ORS,gi,140,0.8
2023-07-31,Machakos,Machakos,ORS,gi,158,0.8
2023-08-07,Machakos,Machakos,ORS,gi,207,0.8
2023-08-14,Machakos,Machakos,ORS,gi,261,0.8
2023-08-21,Machakos,Machakos,ORS,gi,231,0.8
2023-08-28,Machakos,Machakos,ORS,gi,238,0.8
2023-09-04,Machakos,Machakos,ORS,gi,360,0.8
2023-09-11,Machakos,Machakos,ORS,gi,327,0.8
2023-09-18,Machakos,Machakos,ORS,gi,283,0.8
2023-09-25,Machakos,Machakos,ORS,gi,234,0.8
2023-10-02,Machakos,Machakos,ORS,gi,202,0.8
2023-10-09,Machakos,Machakos,ORS,gi,213,0.8
2023-10-16,Machakos,Machakos,ORS,gi,174,0.8
2023-10-23,Machakos,Machakos,ORS,gi,144,0.8
2023-10-30,Machakos,Machakos,ORS,gi,210,0.8
2023-11-06,Machakos,Machakos,ORS,gi,207,0.8
2023-11-13,Machakos,Machakos,ORS,gi,209,0.8
2023-11-20,Machakos,Machakos,ORS,gi,178,0.8
2023-11-27,Machakos,Machakos,ORS,gi,257,0.8
2023-12-04,Machakos,Machakos,ORS,gi,186,0.8
2023-12-11,Machakos,Machakos,ORS,gi,106,0.8
2023-12-18,Machakos,Machakos,ORS,gi,159,0.8
2023-12-25,Machakos,Machakos,ORS,gi,160,0.8
2024-01-01,Machakos,Machakos,ORS,gi,131,0.8
2024-01-08,Machakos,Machakos,ORS,gi,141,0.8
2024-01-15,Machakos,Machakos,ORS,gi,206,0.8
2024-01-22,Machakos,Machakos,ORS,gi,183,0.8
2024-01-29,Machakos,Machakos,ORS,gi,238,0.8
2024-02-05,Machakos,Machakos,ORS,gi,235,0.8
2024-02-12,Machakos,Machakos,ORS,gi,233,0.8
2024-02-19,Machakos,Machakos,ORS,gi,153,0.8
2024-02-26,Machakos,Machakos,ORS,gi,165,0.8
2024-03-04,Machakos,Machakos,ORS,gi,142,0.8
2024-03-11,Machakos,Machakos,ORS,gi,143,0.8
2024-03-18,Machakos,Machakos,ORS,gi,155,0.8
2024-03-25,Machakos,Machakos,ORS,gi,240,0.8
2024-04-01,Machakos,Machakos,ORS,gi,211,0.8
2024-04-08,Machakos,Machakos,ORS,gi,228,0.8
2024-04-15,Machakos,Machakos,ORS,gi,179,0.8
2024-04-22,Machakos,Machakos,ORS,gi,158,0.8
2024-04-29,Machakos,Machakos,ORS,gi,161,0.8
2024-05-06,Machakos,Machakos,ORS,gi,151,0.8
2024-05-13,Machakos,Machakos,ORS,gi,109,0.8
2024-05-20,Machakos,Machakos,ORS,gi,154,0.8
2024-05-27,Machakos,Machakos,ORS,gi,131,0.8
2024-06-03,Machakos,Machakos,ORS,gi,161,0.8
2024-06-10,Machakos,Machakos,ORS,gi,225,0.8
2024-06-17,Machakos,Machakos,ORS,gi,227,0.8
2024-06-24,Machakos,Machakos,ORS,gi,192,0.8
2024-07-01,Machakos,Machakos,ORS,gi,164,0.8
2024-07-08,Machakos,Machakos,ORS,gi,149,0.8
2024-07-15,Machakos,Machakos,ORS,gi,145,0.8
2024-07-22,Machakos,Machakos,ORS,gi,143,0.8
2024-07-29,Machakos,Machakos,ORS,gi,176,0.8
2024-08-05,Machakos,Machakos,ORS,gi,163,0.8
2024-08-12,Machakos,Machakos,ORS,gi,160,0.8
2024-08-19,Machakos,Machakos,ORS,gi,212,0.8
2024-08-26,Machakos,Machakos,ORS,gi,182,0.8
2024-09-02,Machakos,Machakos,ORS,gi,188,0.8
2024-09-09,Machakos,Machakos,ORS,gi,231,0.8
2024-09-16,Machakos,Machakos,ORS,gi,198,0.8
2024-09-23,Machakos,Machakos,ORS,gi,158,0.8
2024-09-30,Machakos,Machakos,ORS,gi,105,0.8
2024-10-07,Machakos,Machakos,ORS,gi,159,0.8
2024-10-14,Machakos,Machakos,ORS,gi,204,0.8
2024-10-21,Machakos,Machakos,ORS,gi,374,0.8
2024-10-28,Machakos,Machakos,ORS,gi,950,0.8
2024-11-04,Machakos,Machakos,ORS,gi,960,0.8
2024-11-11,Machakos,Machakos,ORS,gi,987,0.8
2024-11-18,Machakos,Machakos,ORS,gi,781,0.8
2024-11-25,Machakos,Machakos,ORS,gi,740,0.8
2024-12-02,Machakos,Machakos,ORS,gi,352,0.8
2024-12-09,Machakos,Machakos,ORS,gi,139,0.8
2024-12-16,Machakos,Machakos,ORS,gi,143,0.8
2024-12-23,Machakos,Machakos,ORS,gi,164,0.8
2024-12-30,Machakos,Machakos,ORS,gi,160,0.8
2023-01-02,Machakos,Machakos,Imodium,gi,79,0.7
2023-01-09,Machakos,Machakos,Imodium,gi,85,0.7
2023-01-16,Machakos,Machakos,Imodium,gi,82,0.7
2023-01-23,Machakos,Machakos,Imodium,gi,88,0.7
2023-01-30,Machakos,Machakos,Imodium,gi,91,0.7
2023-02-06,Machakos,Machakos,Imodium,gi,94,0.7
2023-02-13,Machakos,Machakos,Imodium,gi,92,0.7
2023-02-20,Machakos,Machakos,Imodium,gi,79,0.7
2023-02-27,Machakos,Machakos,Imodium,gi,66,0.7
2023-03-06,Machakos,Machakos,Imodium,gi,53,0.7
2023-03-13,Machakos,Machakos,Imodium,gi,55,0.7
2023-03-20,Machakos,Machakos,Imodium,gi,94,0.7
2023-03-27,Machakos,Machakos,Imodium,gi,116,0.7
2023-04-03,Machakos,Machakos,Imodium,gi,108,0.7
2023-04-10,Machakos,Machakos,Imodium,gi,76,0.7
2023-04-17,Machakos,Machakos,Imodium,gi,103,0.7
2023-04-24,Machakos,Machakos,Imodium,gi,100,0.7
2023-05-01,Machakos,Machakos,Imodium,gi,74,0.7
2023-05-08,Machakos,Machakos,Imodium,gi,193,0.7
2023-05-15,Machakos,Machakos,Imodium,gi,141,0.7
2023-05-22,Machakos,Machakos,Imodium,gi,221,0.7
2023-05-29,Machakos,Machakos,Imodium,gi,216,0.7
2023-06-05,Machakos,Machakos,Imodium,gi,194,0.7
2023-06-12,Machakos,Machakos,Imodium,gi,262,0.7
2023-06-19,Machakos,Machakos,Imodium,gi,108,0.7
2023-06-26,Machakos,Machakos,Imodium,gi,95,0.7
2023-07-03,Machakos,Machakos,Imodium,gi,93,0.7
2023-07-10,Machakos,Machakos,Imodium,gi,78,0.7
2023-07-17,Machakos,Machakos,Imodium,gi,58,0.7
2023-07-24,Machakos,Machakos,Imodium,gi,57,0.7
2023-07-31,Machakos,Machakos,Imodium,gi,75,0.7
2023-08-07,Machakos,Machakos,Imodium,gi,78,0.7
2023-08-14,Machakos,Machakos,Imodium,gi,97,0.7
2023-08-21,Machakos,Machakos,Imodium,gi,86,0.7
2023-08-28,Machakos,Machakos,Imodium,gi,89,0.7
2023-09-04,Machakos,Machakos,Imodium,gi,103,0.7
2023-09-11,Machakos,Machakos,Imodium,gi,90,0.7
2023-09-18,Machakos,Machakos,Imodium,gi,74,0.7
2023-09-25,Machakos,Machakos,Imodium,gi,150,0.7
2023-10-02,Machakos,Machakos,Imodium,gi,99,0.7
2023-10-09,Machakos,Machakos,Imodium,gi,116,0.7
2023-10-16,Machakos,Machakos,Imodium,gi,86,0.7
2023-10-23,Machakos,Machakos,Imodium,gi,150,0.7
2023-10-30,Machakos,Machakos,Imodium,gi,206,0.7
2023-11-06,Machakos,Machakos,Imodium,gi,65,0.7
2023-11-13,Machakos,Machakos,Imodium,gi,79,0.7
2023-11-20,Machakos,Machakos,Imodium,gi,93,0.7
2023-11-27,Machakos,Machakos,Imodium,gi,52,0.7
2023-12-04,Machakos,Machakos,Imodium,gi,64,0.7
2023-12-11,Machakos,Machakos,Imodium,gi,69,0.7
2023-12-18,Machakos,Machakos,Imodium,gi,91,0.7
2023-12-25,Machakos,Machakos,Imodium,gi,83,0.7
2024-01-01,Machakos,Machakos,Imodium,gi,60,0.7
2024-01-08,Machakos,Machakos,Imodium,gi,68,0.7
2024-01-15,Machakos,Machakos,Imodium,gi,89,0.7
2024-01-22,Machakos,Machakos,Imodium,gi,96,0.7
2024-01-29,Machakos,Machakos,Imodium,gi,120,0.7
2024-02-05,Machakos,Machakos,Imodium,gi,105,0.7
2024-02-12,Machakos,Machakos,Imodium,gi,88,0.7
2024-02-19,Machakos,Machakos,Imodium,gi,75,0.7
2024-02-26,Machakos,Machakos,Imodium,gi,101,0.7
2024-03-04,Machakos,Machakos,Imodium,gi,64,0.7
2024-03-11,Machakos,Machakos,Imodium,gi,62,0.7
2024-03-18,Machakos,Machakos,Imodium,gi,76,0.7
2024-03-25,Machakos,Machakos,Imodium,gi,75,0.7
2024-04-01,Machakos,Machakos,Imodium,gi,59,0.7
2024-04-08,Machakos,Machakos,Imodium,gi,98,0.7
2024-04-15,Machakos,Machakos,Imodium,gi,116,0.7
2024-04-22,Machakos,Machakos,Imodium,gi,66,0.7
2024-04-29,Machakos,Machakos,Imodium,gi,80,0.7
2024-05-06,Machakos,Machakos,Imodium,gi,62,0.7
2024-05-13,Machakos,Machakos,Imodium,gi,63,0.7
2024-05-20,Machakos,Machakos,Imodium,gi,68,0.7
2024-05-27,Machakos,Machakos,Imodium,gi,141,0.7
2024-06-03,Machakos,Machakos,Imodium,gi,166,0.7
2024-06-10,Machakos,Machakos,Imodium,gi,180,0.7
2024-06-17,Machakos,Machakos,Imodium,gi,252,0.7
2024-06-24,Machakos,Machakos,Imodium,gi,246,0.7
2024-07-01,Machakos,Machakos,Imodium,gi,186,0.7
2024-07-08,Machakos,Machakos,Imodium,gi,199,0.7
2024-07-15,Machakos,Machakos,Imodium,gi,143,0.7
2024-07-22,Machakos,Machakos,Imodium,gi,118,0.7
2024-07-29,Machakos,Machakos,Imodium,gi,149,0.7
2024-08-05,Machakos,Machakos,Imodium,gi,175,0.7
2024-08-12,Machakos,Machakos,Imodium,gi,169,0.7
2024-08-19,Machakos,Machakos,Imodium,gi,92,0.7
2024-08-26,Machakos,Machakos,Imodium,gi,105,0.7
2024-09-02,Machakos,Machakos,Imodium,gi,94,0.7
2024-09-09,Machakos,Machakos,Imodium,gi,87,0.7
2024-09-16,Machakos,Machakos,Imodium,gi,85,0.7
2024-09-23,Machakos,Machakos,Imodium,gi,76,0.7
2024-09-30,Machakos,Machakos,Imodium,gi,58,0.7
2024-10-07,Machakos,Machakos,Imodium,gi,64,0.7
2024-10-14,Machakos,Machakos,Imodium,gi,81,0.7
2024-10-21,Machakos,Machakos,Imodium,gi,66,0.7
2024-10-28,Machakos,Machakos,Imodium,gi,89,0.7
2024-11-04,Machakos,Machakos,Imodium,gi,59,0.7
2024-11-11,Machakos,Machakos,Imodium,gi,69,0.7
2024-11-18,Machakos,Machakos,Imodium,gi,63,0.7
2024-11-25,Machakos,Machakos,Imodium,gi,92,0.7
2024-12-02,Machakos,Machakos,Imodium,gi,69,0.7
2024-12-09,Machakos,Machakos,Imodium,gi,47,0.7
2024-12-16,Machakos,Machakos,Imodium,gi,74,0.7
2024-12-23,Machakos,Machakos,Imodium,gi,91,0.7
2024-12-30,Machakos,Machakos,Imodium,gi,75,0.7
2023-01-02,Machakos,Machakos,Septrin,respiratory,66,0.8
2023-01-09,Machakos,Machakos,Septrin,respiratory,63,0.8
2023-01-16,Machakos,Machakos,Septrin,respiratory,68,0.8
2023-01-23,Machakos,Machakos,Septrin,respiratory,65,0.8
2023-01-30,Machakos,Machakos,Septrin,respiratory,51,0.8
2023-02-06,Machakos,Machakos,Septrin,respiratory,93,0.8
2023-02-13,Machakos,Machakos,Septrin,respiratory,125,0.8
2023-02-20,Machakos,Machakos,Septrin,respiratory,92,0.8
2023-02-27,Machakos,Machakos,Septrin,respiratory,129,0.8
2023-03-06,Machakos,Machakos,Septrin,respiratory,100,0.8
2023-03-13,Machakos,Machakos,Septrin,respiratory,115,0.8
2023-03-20,Machakos,Machakos,Septrin,respiratory,130,0.8
2023-03-27,Machakos,Machakos,Septrin,respiratory,88,0.8
2023-04-03,Machakos,Machakos,Septrin,respiratory,82,0.8
2023-04-10,Machakos,Machakos,Septrin,respiratory,49,0.8
2023-04-17,Machakos,Machakos,Septrin,respiratory,61,0.8
2023-04-24,Machakos,Machakos,Septrin,respiratory,48,0.8
2023-05-01,Machakos,Machakos,Septrin,respiratory,72,0.8
2023-05-08,Machakos,Machakos,Septrin,respiratory,76,0.8
2023-05-15,Machakos,Machakos,Septrin,respiratory,65,0.8
2023-05-22,Machakos,Machakos,Septrin,respiratory,70,0.8
2023-05-29,Machakos,Machakos,Septrin,respiratory,64,0.8
2023-06-05,Machakos,Machakos,Septrin,respiratory,75,0.8
2023-06-12,Machakos,Machakos,Septrin,respiratory,69,0.8
2023-06-19,Machakos,Machakos,Septrin,respiratory,47,0.8
2023-06-26,Machakos,Machakos,Septrin,respiratory,94,0.8
2023-07-03,Machakos,Machakos,Septrin,respiratory,90,0.8
2023-07-10,Machakos,Machakos,Septrin,respiratory,86,0.8
2023-07-17,Machakos,Machakos,Septrin,respiratory,105,0.8
2023-07-24,Machakos,Machakos,Septrin,respiratory,82,0.8
2023-07-31,Machakos,Machakos,Septrin,respiratory,91,0.8
2023-08-07,Machakos,Machakos,Septrin,respiratory,108,0.8
2023-08-14,Machakos,Machakos,Septrin,respiratory,99,0.8
2023-08-21,Machakos,Machakos,Septrin,respiratory,86,0.8
2023-08-28,Machakos,Machakos,Septrin,respiratory,68,0.8
2023-09-04,Machakos,Machakos,Septrin,respiratory,60,0.8
2023-09-11,Machakos,Machakos,Septrin,respiratory,67,0.8
2023-09-18,Machakos,Machakos,Septrin,respiratory,63,0.8
2023-09-25,Machakos,Machakos,Septrin,respiratory,51,0.8
2023-10-02,Machakos,Machakos,Septrin,respiratory,60,0.8
2023-10-09,Machakos,Machakos,Septrin,respiratory,77,0.8
2023-10-16,Machakos,Machakos,Septrin,respiratory,84,0.8
2023-10-23,Machakos,Machakos,Septrin,respiratory,74,0.8
2023-10-30,Machakos,Machakos,Septrin,respiratory,83,0.8
2023-11-06,Machakos,Machakos,Septrin,respiratory,68,0.8
2023-11-13,Machakos,Machakos,Septrin,respiratory,104,0.8
2023-11-20,Machakos,Machakos,Septrin,respiratory,125,0.8
2023-11-27,Machakos,Machakos,Septrin,respiratory,78,0.8
2023-12-04,Machakos,Machakos,Septrin,respiratory,116,0.8
2023-12-11,Machakos,Machakos,Septrin,respiratory,116,0.8
2023-12-18,Machakos,Machakos,Septrin,respiratory,105,0.8
2023-12-25,Machakos,Machakos,Septrin,respiratory,114,0.8
2024-01-01,Machakos,Machakos,Septrin,respiratory,68,0.8
2024-01-08,Machakos,Machakos,Septrin,respiratory,154,0.8
2024-01-15,Machakos,Machakos,Septrin,respiratory,172,0.8
2024-01-22,Machakos,Machakos,Septrin,respiratory,204,0.8
2024-01-29,Machakos,Machakos,Septrin,respiratory,178,0.8
2024-02-05,Machakos,Machakos,Septrin,respiratory,230,0.8
2024-02-12,Machakos,Machakos,Septrin,respiratory,234,0.8
2024-02-19,Machakos,Machakos,Septrin,respiratory,113,0.8
2024-02-26,Machakos,Machakos,Septrin,respiratory,92,0.8
2024-03-04,Machakos,Machakos,Septrin,respiratory,106,0.8
2024-03-11,Machakos,Machakos,Septrin,respiratory,111,0.8
2024-03-18,Machakos,Machakos,Septrin,respiratory,85,0.8
2024-03-25,Machakos,Machakos,Septrin,respiratory,83,0.8
2024-04-01,Machakos,Machakos,Septrin,respiratory,86,0.8
2024-04-08,Machakos,Machakos,Septrin,respiratory,69,0.8
2024-04-15,Machakos,Machakos,Septrin,respiratory,76,0.8
2024-04-22,Machakos,Machakos,Septrin,respiratory,61,0.8
2024-04-29,Machakos,Machakos,Septrin,respiratory,68,0.8
2024-05-06,Machakos,Machakos,Septrin,respiratory,61,0.8
2024-05-13,Machakos,Machakos,Septrin,respiratory,75,0.8
2024-05-20,Machakos,Machakos,Septrin,respiratory,80,0.8
2024-05-27,Machakos,Machakos,Septrin,respiratory,72,0.8
2024-06-03,Machakos,Machakos,Septrin,respiratory,78,0.8
2024-06-10,Machakos,Machakos,Septrin,respiratory,68,0.8
2024-06-17,Machakos,Machakos,Septrin,respiratory,76,0.8
2024-06-24,Machakos,Machakos,Septrin,respiratory,83,0.8
2024-07-01,Machakos,Machakos,Septrin,respiratory,81,0.8
2024-07-08,Machakos,Machakos,Septrin,respiratory,110,0.8
2024-07-15,Machakos,Machakos,Septrin,respiratory,96,0.8
2024-07-22,Machakos,Machakos,Septrin,respiratory,155,0.8
2024-07-29,Machakos,Machakos,Septrin,respiratory,107,0.8
2024-08-05,Machakos,Machakos,Septrin,respiratory,116,0.8
2024-08-12,Machakos,Machakos,Septrin,respiratory,241,0.8
2024-08-19,Machakos,Machakos,Septrin,respiratory,169,0.8
2024-08-26,Machakos,Machakos,Septrin,respiratory,122,0.8
2024-09-02,Machakos,Machakos,Septrin,respiratory,190,0.8
2024-09-09,Machakos,Machakos,Septrin,respiratory,210,0.8
2024-09-16,Machakos,Machakos,Septrin,respiratory,152,0.8
2024-09-23,Machakos,Machakos,Septrin,respiratory,124,0.8
2024-09-30,Machakos,Machakos,Septrin,respiratory,157,0.8
2024-10-07,Machakos,Machakos,Septrin,respiratory,142,0.8
2024-10-14,Machakos,Machakos,Septrin,respiratory,149,0.8
2024-10-21,Machakos,Machakos,Septrin,respiratory,180,0.8
2024-10-28,Machakos,Machakos,Septrin,respiratory,164,0.8
2024-11-04,Machakos,Machakos,Septrin,respiratory,59,0.8
2024-11-11,Machakos,Machakos,Septrin,respiratory,89,0.8
2024-11-18,Machakos,Machakos,Septrin,respiratory,105,0.8
2024-11-25,Machakos,Machakos,Septrin,respiratory,100,0.8
2024-12-02,Machakos,Machakos,Septrin,respiratory,115,0.8
2024-12-09,Machakos,Machakos,Septrin,respiratory,124,0.8
2024-12-16,Machakos,Machakos,Septrin,respiratory,120,0.8
2024-12-23,Machakos,Machakos,Septrin,respiratory,106,0.8
2024-12-30,Machakos,Machakos,Septrin,respiratory,82,0.8
2023-01-02,Machakos,Machakos,Amoxicillin,respiratory,54,0.75
2023-01-09,Machakos,Machakos,Amoxicillin,respiratory,45,0.75
2023-01-16,Machakos,Machakos,Amoxicillin,respiratory,46,0.75
2023-01-23,Machakos,Machakos,Amoxicillin,respiratory,57,0.75
2023-01-30,Machakos,Machakos,Amoxicillin,respiratory,51,0.75
2023-02-06,Machakos,Machakos,Amoxicillin,respiratory,71,0.75
2023-02-13,Machakos,Machakos,Amoxicillin,respiratory,78,0.75
2023-02-20,Machakos,Machakos,Amoxicillin,respiratory,64,0.75
2023-02-27,Machakos,Machakos,Amoxicillin,respiratory,81,0.75
2023-03-06,Machakos,Machakos,Amoxicillin,respiratory,97,0.75
2023-03-13,Machakos,Machakos,Amoxicillin,respiratory,67,0.75
2023-03-20,Machakos,Machakos,Amoxicillin,respiratory,82,0.75
2023-03-27,Machakos,Machakos,Amoxicillin,respiratory,194,0.75
2023-04-03,Machakos,Machakos,Amoxicillin,respiratory,124,0.75
2023-04-10,Machakos,Machakos,Amoxicillin,respiratory,346,0.75
2023-04-17,Machakos,Machakos,Amoxicillin,respiratory,298,0.75
2023-04-24,Machakos,Machakos,Amoxicillin,respiratory,281,0.75
2023-05-01,Machakos,Machakos,Amoxicillin,respiratory,341,0.75
2023-05-08,Machakos,Machakos,Amoxicillin,respiratory,86,0.75
2023-05-15,Machakos,Machakos,Amoxicillin,respiratory,109,0.75
2023-05-22,Machakos,Machakos,Amoxicillin,respiratory,68,0.75
2023-05-29,Machakos,Machakos,Amoxicillin,respiratory,54,0.75
2023-06-05,Machakos,Machakos,Amoxicillin,respiratory,43,0.75
2023-06-12,Machakos,Machakos,Amoxicillin,respiratory,60,0.75
2023-06-19,Machakos,Machakos,Amoxicillin,respiratory,42,0.75
2023-06-26,Machakos,Machakos,Amoxicillin,respiratory,55,0.75
2023-07-03,Machakos,Machakos,Amoxicillin,respiratory,58,0.75
2023-07-10,Machakos,Machakos,Amoxicillin,respiratory,81,0.75
2023-07-17,Machakos,Machakos,Amoxicillin,respiratory,99,0.75
2023-07-24,Machakos,Machakos,Amoxicillin,respiratory,72,0.75
2023-07-31,Machakos,Machakos,Amoxicillin,respiratory,57,0.75
2023-08-07,Machakos,Machakos,Amoxicillin,respiratory,90,0.75
2023-08-14,Machakos,Machakos,Amoxicillin,respiratory,86,0.75
2023-08-21,Machakos,Machakos,Amoxicillin,respiratory,83,0.75
2023-08-28,Machakos,Machakos,Amoxicillin,respiratory,104,0.75
2023-09-04,Machakos,Machakos,Amoxicillin,respiratory,100,0.75
2023-09-11,Machakos,Machakos,Amoxicillin,respiratory,86,0.75
2023-09-18,Machakos,Machakos,Amoxicillin,respiratory,77,0.75
2023-09-25,Machakos,Machakos,Amoxicillin,respiratory,112,0.75
2023-10-02,Machakos,Machakos,Amoxicillin,respiratory,51,0.75
2023-10-09,Machakos,Machakos,Amoxicillin,respiratory,51,0.75
2023-10-16,Machakos,Machakos,Amoxicillin,respiratory,45,0.75
2023-10-23,Machakos,Machakos,Amoxicillin,respiratory,44,0.75
2023-10-30,Machakos,Machakos,Amoxicillin,respiratory,31,0.75
2023-11-06,Machakos,Machakos,Amoxicillin,respiratory,48,0.75
2023-11-13,Machakos,Machakos,Amoxicillin,respiratory,73,0.75
2023-11-20,Machakos,Machakos,Amoxicillin,respiratory,61,0.75
2023-11-27,Machakos,Machakos,Amoxicillin,respiratory,60,0.75
2023-12-04,Machakos,Machakos,Amoxicillin,respiratory,88,0.75
2023-12-11,Machakos,Machakos,Amoxicillin,respiratory,92,0.75
2023-12-18,Machakos,Machakos,Amoxicillin,respiratory,75,0.75
2023-12-25,Machakos,Machakos,Amoxicillin,respiratory,73,0.75
2024-01-01,Machakos,Machakos,Amoxicillin,respiratory,51,0.75
2024-01-08,Machakos,Machakos,Amoxicillin,respiratory,48,0.75
2024-01-15,Machakos,Machakos,Amoxicillin,respiratory,57,0.75
2024-01-22,Machakos,Machakos,Amoxicillin,respiratory,68,0.75
2024-01-29,Machakos,Machakos,Amoxicillin,respiratory,37,0.75
2024-02-05,Machakos,Machakos,Amoxicillin,respiratory,71,0.75
2024-02-12,Machakos,Machakos,Amoxicillin,respiratory,71,0.75
2024-02-19,Machakos,Machakos,Amoxicillin,respiratory,94,0.75
2024-02-26,Machakos,Machakos,Amoxicillin,respiratory,91,0.75
2024-03-04,Machakos,Machakos,Amoxicillin,respiratory,85,0.75
2024-03-11,Machakos,Machakos,Amoxicillin,respiratory,92,0.75
2024-03-18,Machakos,Machakos,Amoxicillin,respiratory,73,0.75
2024-03-25,Machakos,Machakos,Amoxicillin,respiratory,62,0.75
2024-04-01,Machakos,Machakos,Amoxicillin,respiratory,68,0.75
2024-04-08,Machakos,Machakos,Amoxicillin,respiratory,43,0.75
2024-04-15,Machakos,Machakos,Amoxicillin,respiratory,54,0.75
2024-04-22,Machakos,Machakos,Amoxicillin,respiratory,50,0.75
2024-04-29,Machakos,Machakos,Amoxicillin,respiratory,32,0.75
2024-05-06,Machakos,Machakos,Amoxicillin,respiratory,45,0.75
2024-05-13,Machakos,Machakos,Amoxicillin,respiratory,52,0.75
2024-05-20,Machakos,Machakos,Amoxicillin,respiratory,46,0.75
2024-05-27,Machakos,Machakos,Amoxicillin,respiratory,31,0.75
2024-06-03,Machakos,Machakos,Amoxicillin,respiratory,59,0.75
2024-06-10,Machakos,Machakos,Amoxicillin,respiratory,51,0.75
2024-06-17,Machakos,Machakos,Amoxicillin,respiratory,53,0.75
2024-06-24,Machakos,Machakos,Amoxicillin,respiratory,56,0.75
2024-07-01,Machakos,Machakos,Amoxicillin,respiratory,75,0.75
2024-07-08,Machakos,Machakos,Amoxicillin,respiratory,99,0.75
2024-07-15,Machakos,Machakos,Amoxicillin,respiratory,73,0.75
2024-07-22,Machakos,Machakos,Amoxicillin,respiratory,105,0.75
2024-07-29,Machakos,Machakos,Amoxicillin,respiratory,87,0.75
2024-08-05,Machakos,Machakos,Amoxicillin,respiratory,67,0.75
2024-08-12,Machakos,Machakos,Amoxicillin,respiratory,93,0.75
2024-08-19,Machakos,Machakos,Amoxicillin,respiratory,64,0.75
2024-08-26,Machakos,Machakos,Amoxicillin,respiratory,55,0.75
2024-09-02,Machakos,Machakos,Amoxicillin,respiratory,48,0.75
2024-09-09,Machakos,Machakos,Amoxicillin,respiratory,44,0.75
2024-09-16,Machakos,Machakos,Amoxicillin,respiratory,51,0.75
2024-09-23,Machakos,Machakos,Amoxicillin,respiratory,61,0.75
2024-09-30,Machakos,Machakos,Amoxicillin,respiratory,47,0.75
2024-10-07,Machakos,Machakos,Amoxicillin,respiratory,49,0.75
2024-10-14,Machakos,Machakos,Amoxicillin,respiratory,60,0.75
2024-10-21,Machakos,Machakos,Amoxicillin,respiratory,47,0.75
2024-10-28,Machakos,Machakos,Amoxicillin,respiratory,53,0.75
2024-11-04,Machakos,Machakos,Amoxicillin,respiratory,56,0.75
2024-11-11,Machakos,Machakos,Amoxicillin,respiratory,58,0.75
2024-11-18,Machakos,Machakos,Amoxicillin,respiratory,73,0.75
2024-11-25,Machakos,Machakos,Amoxicillin,respiratory,85,0.75
2024-12-02,Machakos,Machakos,Amoxicillin,respiratory,77,0.75
2024-12-09,Machakos,Machakos,Amoxicillin,respiratory,94,0.75
2024-12-16,Machakos,Machakos,Amoxicillin,respiratory,76,0.75
2024-12-23,Machakos,Machakos,Amoxicillin,respiratory,70,0.75
2024-12-30,Machakos,Machakos,Amoxicillin,respiratory,38,0.75
2023-01-02,Machakos,Machakos,Piriton,respiratory,156,0.5
2023-01-09,Machakos,Machakos,Piriton,respiratory,201,0.5
2023-01-16,Machakos,Machakos,Piriton,respiratory,157,0.5
2023-01-23,Machakos,Machakos,Piriton,respiratory,158,0.5
2023-01-30,Machakos,Machakos,Piriton,respiratory,164,0.5
2023-02-06,Machakos,Machakos,Piriton,respiratory,201,0.5
2023-02-13,Machakos,Machakos,Piriton,respiratory,91,0.5
2023-02-20,Machakos,Machakos,Piriton,respiratory,82,0.5
2023-02-27,Machakos,Machakos,Piriton,respiratory,110,0.5
2023-03-06,Machakos,Machakos,Piriton,respiratory,112,0.5
2023-03-13,Machakos,Machakos,Piriton,respiratory,256,0.5
2023-03-20,Machakos,Machakos,Piriton,respiratory,295,0.5
2023-03-27,Machakos,Machakos,Piriton,respiratory,246,0.5
2023-04-03,Machakos,Machakos,Piriton,respiratory,206,0.5
2023-04-10,Machakos,Machakos,Piriton,respiratory,147,0.5
2023-04-17,Machakos,Machakos,Piriton,respiratory,154,0.5
2023-04-24,Machakos,Machakos,Piriton,respiratory,63,0.5
2023-05-01,Machakos,Machakos,Piriton,respiratory,59,0.5
2023-05-08,Machakos,Machakos,Piriton,respiratory,55,0.5
2023-05-15,Machakos,Machakos,Piriton,respiratory,37,0.5
2023-05-22,Machakos,Machakos,Piriton,respiratory,65,0.5
2023-05-29,Machakos,Machakos,Piriton,respiratory,68,0.5
2023-06-05,Machakos,Machakos,Piriton,respiratory,48,0.5
2023-06-12,Machakos,Machakos,Piriton,respiratory,64,0.5
2023-06-19,Machakos,Machakos,Piriton,respiratory,53,0.5
2023-06-26,Machakos,Machakos,Piriton,respiratory,67,0.5
2023-07-03,Machakos,Machakos,Piriton,respiratory,99,0.5
2023-07-10,Machakos,Machakos,Piriton,respiratory,78,0.5
2023-07-17,Machakos,Machakos,Piriton,respiratory,83,0.5
2023-07-24,Machakos,Machakos,Piriton,respiratory,126,0.5
2023-07-31,Machakos,Machakos,Piriton,respiratory,95,0.5
2023-08-07,Machakos,Machakos,Piriton,respiratory,109,0.5
2023-08-14,Machakos,Machakos,Piriton,respiratory,63,0.5
2023-08-21,Machakos,Machakos,Piriton,respiratory,55,0.5
2023-08-28,Machakos,Machakos,Piriton,respiratory,50,0.5
2023-09-04,Machakos,Machakos,Piriton,respiratory,54,0.5
2023-09-11,Machakos,Machakos,Piriton,respiratory,46,0.5
2023-09-18,Machakos,Machakos,Piriton,respiratory,62,0.5
2023-09-25,Machakos,Machakos,Piriton,respiratory,62,0.5
2023-10-02,Machakos,Machakos,Piriton,respiratory,51,0.5
2023-10-09,Machakos,Machakos,Piriton,respiratory,51,0.5
2023-10-16,Machakos,Machakos,Piriton,respiratory,52,0.5
2023-10-23,Machakos,Machakos,Piriton,respiratory,48,0.5
2023-10-30,Machakos,Machakos,Piriton,respiratory,33,0.5
2023-11-06,Machakos,Machakos,Piriton,respiratory,58,0.5
2023-11-13,Machakos,Machakos,Piriton,respiratory,67,0.5
2023-11-20,Machakos,Machakos,Piriton,respiratory,79,0.5
2023-11-27,Machakos,Machakos,Piriton,respiratory,78,0.5
2023-12-04,Machakos,Machakos,Piriton,respiratory,109,0.5
2023-12-11,Machakos,Machakos,Piriton,respiratory,136,0.5
2023-12-18,Machakos,Machakos,Piriton,respiratory,85,0.5
2023-12-25,Machakos,Machakos,Piriton,respiratory,111,0.5
2024-01-01,Machakos,Machakos,Piriton,respiratory,62,0.5
2024-01-08,Machakos,Machakos,Piriton,respiratory,59,0.5
2024-01-15,Machakos,Machakos,Piriton,respiratory,55,0.5
2024-01-22,Machakos,Machakos,Piriton,respiratory,58,0.5
2024-01-29,Machakos,Machakos,Piriton,respiratory,69,0.5
2024-02-05,Machakos,Machakos,Piriton,respiratory,59,0.5
2024-02-12,Machakos,Machakos,Piriton,respiratory,79,0.5
2024-02-19,Machakos,Machakos,Piriton,respiratory,109,0.5
2024-02-26,Machakos,Machakos,Piriton,respiratory,112,0.5
2024-03-04,Machakos,Machakos,Piriton,respiratory,83,0.5
2024-03-11,Machakos,Machakos,Piriton,respiratory,95,0.5
2024-03-18,Machakos,Machakos,Piriton,respiratory,102,0.5
2024-03-25,Machakos,Machakos,Piriton,respiratory,91,0.5
2024-04-01,Machakos,Machakos,Piriton,respiratory,82,0.5
2024-04-08,Machakos,Machakos,Piriton,respiratory,62,0.5
2024-04-15,Machakos,Machakos,Piriton,respiratory,63,0.5
2024-04-22,Machakos,Machakos,Piriton,respiratory,62,0.5
2024-04-29,Machakos,Machakos,Piriton,respiratory,72,0.5
2024-05-06,Machakos,Machakos,Piriton,respiratory,55,0.5
2024-05-13,Machakos,Machakos,Piriton,respiratory,59,0.5
2024-05-20,Machakos,Machakos,Piriton,respiratory,50,0.5
2024-05-27,Machakos,Machakos,Piriton,respiratory,48,0.5
2024-06-03,Machakos,Machakos,Piriton,respiratory,61,0.5
2024-06-10,Machakos,Machakos,Piriton,respiratory,52,0.5
2024-06-17,Machakos,Machakos,Piriton,respiratory,58,0.5
2024-06-24,Machakos,Machakos,Piriton,respiratory,88,0.5
2024-07-01,Machakos,Machakos,Piriton,respiratory,102,0.5
2024-07-08,Machakos,Machakos,Piriton,respiratory,122,0.5
2024-07-15,Machakos,Machakos,Piriton,respiratory,121,0.5
2024-07-22,Machakos,Machakos,Piriton,respiratory,135,0.5
2024-07-29,Machakos,Machakos,Piriton,respiratory,104,0.5
2024-08-05,Machakos,Machakos,Piriton,respiratory,79,0.5
2024-08-12,Machakos,Machakos,Piriton,respiratory,70,0.5
2024-08-19,Machakos,Machakos,Piriton,respiratory,86,0.5
2024-08-26,Machakos,Machakos,Piriton,respiratory,59,0.5
2024-09-02,Machakos,Machakos,Piriton,respiratory,60,0.5
2024-09-09,Machakos,Machakos,Piriton,respiratory,54,0.5
2024-09-16,Machakos,Machakos,Piriton,respiratory,55,0.5
2024-09-23,Machakos,Machakos,Piriton,respiratory,62,0.5
2024-09-30,Machakos,Machakos,Piriton,respiratory,49,0.5
2024-10-07,Machakos,Machakos,Piriton,respiratory,61,0.5
2024-10-14,Machakos,Machakos,Piriton,respiratory,130,0.5
2024-10-21,Machakos,Machakos,Piriton,respiratory,72,0.5
2024-10-28,Machakos,Machakos,Piriton,respiratory,82,0.5
2024-11-04,Machakos,Machakos,Piriton,respiratory,117,0.5
2024-11-11,Machakos,Machakos,Piriton,respiratory,156,0.5
2024-11-18,Machakos,Machakos,Piriton,respiratory,139,0.5
2024-11-25,Machakos,Machakos,Piriton,respiratory,64,0.5
2024-12-02,Machakos,Machakos,Piriton,respiratory,118,0.5
2024-12-09,Machakos,Machakos,Piriton,respiratory,87,0.5
2024-12-16,Machakos,Machakos,Piriton,respiratory,92,0.5
2024-12-23,Machakos,Machakos,Piriton,respiratory,96,0.5
2024-12-30,Machakos,Machakos,Piriton,respiratory,53,0.5
2023-01-02,Emali,Makueni,Coartem,malaria,23,0.95
2023-01-09,Emali,Makueni,Coartem,malaria,34,0.95
2023-01-16,Emali,Makueni,Coartem,malaria,53,0.95
2023-01-23,Emali,Makueni,Coartem,malaria,58,0.95
2023-01-30,Emali,Makueni,Coartem,malaria,39,0.95
2023-02-06,Emali,Makueni,Coartem,malaria,46,0.95
2023-02-13,Emali,Makueni,Coartem,malaria,56,0.95
2023-02-20,Emali,Makueni,Coartem,malaria,38,0.95
2023-02-27,Emali,Makueni,Coartem,malaria,35,0.95
2023-03-06,Emali,Makueni,Coartem,malaria,34,0.95
2023-03-13,Emali,Makueni,Coartem,malaria,34,0.95
2023-03-20,Emali,Makueni,Coartem,malaria,40,0.95
2023-03-27,Emali,Makueni,Coartem,malaria,119,0.95
2023-04-03,Emali,Makueni,Coartem,malaria,168,0.95
2023-04-10,Emali,Makueni,Coartem,malaria,143,0.95
2023-04-17,Emali,Makueni,Coartem,malaria,132,0.95
2023-04-24,Emali,Makueni,Coartem,malaria,275,0.95
2023-05-01,Emali,Makueni,Coartem,malaria,286,0.95
2023-05-08,Emali,Makueni,Coartem,malaria,96,0.95
2023-05-15,Emali,Makueni,Coartem,malaria,57,0.95
2023-05-22,Emali,Makueni,Coartem,malaria,96,0.95
2023-05-29,Emali,Makueni,Coartem,malaria,102,0.95
2023-06-05,Emali,Makueni,Coartem,malaria,49,0.95
2023-06-12,Emali,Makueni,Coartem,malaria,45,0.95
2023-06-19,Emali,Makueni,Coartem,malaria,50,0.95
2023-06-26,Emali,Makueni,Coartem,malaria,44,0.95
2023-07-03,Emali,Makueni,Coartem,malaria,41,0.95
2023-07-10,Emali,Makueni,Coartem,malaria,277,0.95
2023-07-17,Emali,Makueni,Coartem,malaria,207,0.95
2023-07-24,Emali,Makueni,Coartem,malaria,138,0.95
2023-07-31,Emali,Makueni,Coartem,malaria,291,0.95
2023-08-07,Emali,Makueni,Coartem,malaria,218,0.95
2023-08-14,Emali,Makueni,Coartem,malaria,345,0.95
2023-08-21,Emali,Makueni,Coartem,malaria,40,0.95
2023-08-28,Emali,Makueni,Coartem,malaria,57,0.95
2023-09-04,Emali,Makueni,Coartem,malaria,50,0.95
2023-09-11,Emali,Makueni,Coartem,malaria,44,0.95
2023-09-18,Emali,Makueni,Coartem,malaria,44,0.95
2023-09-25,Emali,Makueni,Coartem,malaria,36,0.95
2023-10-02,Emali,Makueni,Coartem,malaria,25,0.95
2023-10-09,Emali,Makueni,Coartem,malaria,31,0.95
2023-10-16,Emali,Makueni,Coartem,malaria,33,0.95
2023-10-23,Emali,Makueni,Coartem,malaria,51,0.95
2023-10-30,Emali,Makueni,Coartem,malaria,42,0.95
2023-11-06,Emali,Makueni,Coartem,malaria,53,0.95
2023-11-13,Emali,Makueni,Coartem,malaria,57,0.95
2023-11-20,Emali,Makueni,Coartem,malaria,50,0.95
2023-11-27,Emali,Makueni,Coartem,malaria,38,0.95
2023-12-04,Emali,Makueni,Coartem,malaria,41,0.95
2023-12-11,Emali,Makueni,Coartem,malaria,26,0.95
2023-12-18,Emali,Makueni,Coartem,malaria,29,0.95
2023-12-25,Emali,Makueni,Coartem,malaria,41,0.95
2024-01-01,Emali,Makueni,Coartem,malaria,39,0.95
2024-01-08,Emali,Makueni,Coartem,malaria,38,0.95
2024-01-15,Emali,Makueni,Coartem,malaria,55,0.95
2024-01-22,Emali,Makueni,Coartem,malaria,46,0.95
2024-01-29,Emali,Makueni,Coartem,malaria,48,0.95
2024-02-05,Emali,Makueni,Coartem,malaria,44,0.95
2024-02-12,Emali,Makueni,Coartem,malaria,53,0.95
2024-02-19,Emali,Makueni,Coartem,malaria,42,0.95
2024-02-26,Emali,Makueni,Coartem,malaria,31,0.95
2024-03-04,Emali,Makueni,Coartem,malaria,26,0.95
2024-03-11,Emali,Makueni,Coartem,malaria,19,0.95
2024-03-18,Emali,Makueni,Coartem,malaria,48,0.95
2024-03-25,Emali,Makueni,Coartem,malaria,47,0.95
2024-04-01,Emali,Makueni,Coartem,malaria,33,0.95
2024-04-08,Emali,Makueni,Coartem,malaria,42,0.95
2024-04-15,Emali,Makueni,Coartem,malaria,49,0.95
2024-04-22,Emali,Makueni,Coartem,malaria,39,0.95
2024-04-29,Emali,Makueni,Coartem,malaria,48,0.95
2024-05-06,Emali,Makueni,Coartem,malaria,38,0.95
2024-05-13,Emali,Makueni,Coartem,malaria,30,0.95
2024-05-20,Emali,Makueni,Coartem,malaria,22,0.95
2024-05-27,Emali,Makueni,Coartem,malaria,39,0.95
2024-06-03,Emali,Makueni,Coartem,malaria,43,0.95
2024-06-10,Emali,Makueni,Coartem,malaria,45,0.95
2024-06-17,Emali,Makueni,Coartem,malaria,50,0.95
2024-06-24,Emali,Makueni,Coartem,malaria,43,0.95
2024-07-01,Emali,Makueni,Coartem,malaria,50,0.95
2024-07-08,Emali,Makueni,Coartem,malaria,48,0.95
2024-07-15,Emali,Makueni,Coartem,malaria,39,0.95
2024-07-22,Emali,Makueni,Coartem,malaria,27,0.95
2024-07-29,Emali,Makueni,Coartem,malaria,47,0.95
2024-08-05,Emali,Makueni,Coartem,malaria,50,0.95
2024-08-12,Emali,Makueni,Coartem,malaria,48,0.95
2024-08-19,Emali,Makueni,Coartem,malaria,48,0.95
2024-08-26,Emali,Makueni,Coartem,malaria,64,0.95
2024-09-02,Emali,Makueni,Coartem,malaria,60,0.95
2024-09-09,Emali,Makueni,Coartem,malaria,38,0.95
2024-09-16,Emali,Makueni,Coartem,malaria,50,0.95
2024-09-23,Emali,Makueni,Coartem,malaria,35,0.95
2024-09-30,Emali,Makueni,Coartem,malaria,24,0.95
2024-10-07,Emali,Makueni,Coartem,malaria,25,0.95
2024-10-14,Emali,Makueni,Coartem,malaria,41,0.95
2024-10-21,Emali,Makueni,Coartem,malaria,48,0.95
2024-10-28,Emali,Makueni,Coartem,malaria,64,0.95
2024-11-04,Emali,Makueni,Coartem,malaria,61,0.95
2024-11-11,Emali,Makueni,Coartem,malaria,47,0.95
2024-11-18,Emali,Makueni,Coartem,malaria,51,0.95
2024-11-25,Emali,Makueni,Coartem,malaria,48,0.95
2024-12-02,Emali,Makueni,Coartem,malaria,36,0.95
2024-12-09,Emali,Makueni,Coartem,malaria,26,0.95
2024-12-16,Emali,Makueni,Coartem,malaria,33,0.95
2024-12-23,Emali,Makueni,Coartem,malaria,45,0.95
2024-12-30,Emali,Makueni,Coartem,malaria,38,0.95
2023-01-02,Emali,Makueni,Panadol,malaria,128,0.4
2023-01-09,Emali,Makueni,Panadol,malaria,134,0.4
2023-01-16,Emali,Makueni,Panadol,malaria,230,0.4
2023-01-23,Emali,Makueni,Panadol,malaria,169,0.4
2023-01-30,Emali,Makueni,Panadol,malaria,156,0.4
2023-02-06,Emali,Makueni,Panadol,malaria,136,0.4
2023-02-13,Emali,Makueni,Panadol,malaria,184,0.4
2023-02-20,Emali,Makueni,Panadol,malaria,272,0.4
2023-02-27,Emali,Makueni,Panadol,malaria,271,0.4
2023-03-06,Emali,Makueni,Panadol,malaria,200,0.4
2023-03-13,Emali,Makueni,Panadol,malaria,245,0.4
2023-03-20,Emali,Makueni,Panadol,malaria,813,0.4
2023-03-27,Emali,Makueni,Panadol,malaria,1118,0.4
2023-04-03,Emali,Makueni,Panadol,malaria,753,0.4
2023-04-10,Emali,Makueni,Panadol,malaria,694,0.4
2023-04-17,Emali,Makueni,Panadol,malaria,548,0.4
2023-04-24,Emali,Makueni,Panadol,malaria,612,0.4
2023-05-01,Emali,Makueni,Panadol,malaria,151,0.4
2023-05-08,Emali,Makueni,Panadol,malaria,112,0.4
2023-05-15,Emali,Makueni,Panadol,malaria,91,0.4
2023-05-22,Emali,Makueni,Panadol,malaria,127,0.4
2023-05-29,Emali,Makueni,Panadol,malaria,163,0.4
2023-06-05,Emali,Makueni,Panadol,malaria,238,0.4
2023-06-12,Emali,Makueni,Panadol,malaria,169,0.4
2023-06-19,Emali,Makueni,Panadol,malaria,239,0.4
2023-06-26,Emali,Makueni,Panadol,malaria,186,0.4
2023-07-03,Emali,Makueni,Panadol,malaria,127,0.4
2023-07-10,Emali,Makueni,Panadol,malaria,148,0.4
2023-07-17,Emali,Makueni,Panadol,malaria,158,0.4
2023-07-24,Emali,Makueni,Panadol,malaria,110,0.4
2023-07-31,Emali,Makueni,Panadol,malaria,142,0.4
2023-08-07,Emali,Makueni,Panadol,malaria,193,0.4
2023-08-14,Emali,Makueni,Panadol,malaria,153,0.4
2023-08-21,Emali,Makueni,Panadol,malaria,164,0.4
2023-08-28,Emali,Makueni,Panadol,malaria,132,0.4
2023-09-04,Emali,Makueni,Panadol,malaria,221,0.4
2023-09-11,Emali,Makueni,Panadol,malaria,197,0.4
2023-09-18,Emali,Makueni,Panadol,malaria,178,0.4
2023-09-25,Emali,Makueni,Panadol,malaria,110,0.4
2023-10-02,Emali,Makueni,Panadol,malaria,80,0.4
2023-10-09,Emali,Makueni,Panadol,malaria,108,0.4
2023-10-16,Emali,Makueni,Panadol,malaria,138,0.4
2023-10-23,Emali,Makueni,Panadol,malaria,224,0.4
2023-10-30,Emali,Makueni,Panadol,malaria,224,0.4
2023-11-06,Emali,Makueni,Panadol,malaria,186,0.4
2023-11-13,Emali,Makueni,Panadol,malaria,204,0.4
2023-11-20,Emali,Makueni,Panadol,malaria,163,0.4
2023-11-27,Emali,Makueni,Panadol,malaria,169,0.4
2023-12-04,Emali,Makueni,Panadol,malaria,111,0.4
2023-12-11,Emali,Makueni,Panadol,malaria,117,0.4
2023-12-18,Emali,Makueni,Panadol,malaria,117,0.4
2023-12-25,Emali,Makueni,Panadol,malaria,180,0.4
2024-01-01,Emali,Makueni,Panadol,malaria,126,0.4
2024-01-08,Emali,Makueni,Panadol,malaria,142,0.4
2024-01-15,Emali,Makueni,Panadol,malaria,225,0.4
2024-01-22,Emali,Makueni,Panadol,malaria,200,0.4
2024-01-29,Emali,Makueni,Panadol,malaria,190,0.4
2024-02-05,Emali,Makueni,Panadol,malaria,217,0.4
2024-02-12,Emali,Makueni,Panadol,malaria,145,0.4
2024-02-19,Emali,Makueni,Panadol,malaria,187,0.4
2024-02-26,Emali,Makueni,Panadol,malaria,131,0.4
2024-03-04,Emali,Makueni,Panadol,malaria,114,0.4
2024-03-11,Emali,Makueni,Panadol,malaria,103,0.4
2024-03-18,Emali,Makueni,Panadol,malaria,151,0.4
2024-03-25,Emali,Makueni,Panadol,malaria,182,0.4
2024-04-01,Emali,Makueni,Panadol,malaria,225,0.4
2024-04-08,Emali,Makueni,Panadol,malaria,220,0.4
2024-04-15,Emali,Makueni,Panadol,malaria,183,0.4
2024-04-22,Emali,Makueni,Panadol,malaria,190,0.4
2024-04-29,Emali,Makueni,Panadol,malaria,191,0.4
2024-05-06,Emali,Makueni,Panadol,malaria,130,0.4
2024-05-13,Emali,Makueni,Panadol,malaria,100,0.4
2024-05-20,Emali,Makueni,Panadol,malaria,96,0.4
2024-05-27,Emali,Makueni,Panadol,malaria,154,0.4
2024-06-03,Emali,Makueni,Panadol,malaria,134,0.4
2024-06-10,Emali,Makueni,Panadol,malaria,192,0.4
2024-06-17,Emali,Makueni,Panadol,malaria,229,0.4
2024-06-24,Emali,Makueni,Panadol,malaria,133,0.4
2024-07-01,Emali,Makueni,Panadol,malaria,215,0.4
2024-07-08,Emali,Makueni,Panadol,malaria,153,0.4
2024-07-15,Emali,Makueni,Panadol,malaria,315,0.4
2024-07-22,Emali,Makueni,Panadol,malaria,229,0.4
2024-07-29,Emali,Makueni,Panadol,malaria,235,0.4
2024-08-05,Emali,Makueni,Panadol,malaria,334,0.4
2024-08-12,Emali,Makueni,Panadol,malaria,562,0.4
2024-08-19,Emali,Makueni,Panadol,malaria,384,0.4
2024-08-26,Emali,Makueni,Panadol,malaria,152,0.4
2024-09-02,Emali,Makueni,Panadol,malaria,199,0.4
2024-09-09,Emali,Makueni,Panadol,malaria,179,0.4
2024-09-16,Emali,Makueni,Panadol,malaria,153,0.4
2024-09-23,Emali,Makueni,Panadol,malaria,134,0.4
2024-09-30,Emali,Makueni,Panadol,malaria,115,0.4
2024-10-07,Emali,Makueni,Panadol,malaria,122,0.4
2024-10-14,Emali,Makueni,Panadol,malaria,165,0.4
2024-10-21,Emali,Makueni,Panadol,malaria,209,0.4
2024-10-28,Emali,Makueni,Panadol,malaria,166,0.4
2024-11-04,Emali,Makueni,Panadol,malaria,130,0.4
2024-11-11,Emali,Makueni,Panadol,malaria,214,0.4
2024-11-18,Emali,Makueni,Panadol,malaria,250,0.4
2024-11-25,Emali,Makueni,Panadol,malaria,160,0.4
2024-12-02,Emali,Makueni,Panadol,malaria,138,0.4
2024-12-09,Emali,Makueni,Panadol,malaria,100,0.4
2024-12-16,Emali,Makueni,Panadol,malaria,166,0.4
2024-12-23,Emali,Makueni,Panadol,malaria,159,0.4
2024-12-30,Emali,Makueni,Panadol,malaria,130,0.4
2023-01-02,Emali,Makueni,Flagyl,gi,97,0.85
2023-01-09,Emali,Makueni,Flagyl,gi,104,0.85
2023-01-16,Emali,Makueni,Flagyl,gi,176,0.85
2023-01-23,Emali,Makueni,Flagyl,gi,138,0.85
2023-01-30,Emali,Makueni,Flagyl,gi,155,0.85
2023-02-06,Emali,Makueni,Flagyl,gi,142,0.85
2023-02-13,Emali,Makueni,Flagyl,gi,116,0.85
2023-02-20,Emali,Makueni,Flagyl,gi,134,0.85
2023-02-27,Emali,Makueni,Flagyl,gi,112,0.85
2023-03-06,Emali,Makueni,Flagyl,gi,81,0.85
2023-03-13,Emali,Makueni,Flagyl,gi,114,0.85
2023-03-20,Emali,Makueni,Flagyl,gi,112,0.85
2023-03-27,Emali,Makueni,Flagyl,gi,112,0.85
2023-04-03,Emali,Makueni,Flagyl,gi,116,0.85
2023-04-10,Emali,Makueni,Flagyl,gi,150,0.85
2023-04-17,Emali,Makueni,Flagyl,gi,133,0.85
2023-04-24,Emali,Makueni,Flagyl,gi,164,0.85
2023-05-01,Emali,Makueni,Flagyl,gi,121,0.85
2023-05-08,Emali,Makueni,Flagyl,gi,94,0.85
2023-05-15,Emali,Makueni,Flagyl,gi,92,0.85
2023-05-22,Emali,Makueni,Flagyl,gi,86,0.85
2023-05-29,Emali,Makueni,Flagyl,gi,120,0.85
2023-06-05,Emali,Makueni,Flagyl,gi,140,0.85
2023-06-12,Emali,Makueni,Flagyl,gi,146,0.85
2023-06-19,Emali,Makueni,Flagyl,gi,172,0.85
2023-06-26,Emali,Makueni,Flagyl,gi,196,0.85
2023-07-03,Emali,Makueni,Flagyl,gi,147,0.85
2023-07-10,Emali,Makueni,Flagyl,gi,143,0.85
2023-07-17,Emali,Makueni,Flagyl,gi,147,0.85
2023-07-24,Emali,Makueni,Flagyl,gi,76,0.85
2023-07-31,Emali,Makueni,Flagyl,gi,109,0.85
2023-08-07,Emali,Makueni,Flagyl,gi,113,0.85
2023-08-14,Emali,Makueni,Flagyl,gi,151,0.85
2023-08-21,Emali,Makueni,Flagyl,gi,147,0.85
2023-08-28,Emali,Makueni,Flagyl,gi,126,0.85
2023-09-04,Emali,Makueni,Flagyl,gi,142,0.85
2023-09-11,Emali,Makueni,Flagyl,gi,155,0.85
2023-09-18,Emali,Makueni,Flagyl,gi,200,0.85
2023-09-25,Emali,Makueni,Flagyl,gi,192,0.85
2023-10-02,Emali,Makueni,Flagyl,gi,158,0.85
2023-10-09,Emali,Makueni,Flagyl,gi,228,0.85
2023-10-16,Emali,Makueni,Flagyl,gi,295,0.85
2023-10-23,Emali,Makueni,Flagyl,gi,191,0.85
2023-10-30,Emali,Makueni,Flagyl,gi,143,0.85
2023-11-06,Emali,Makueni,Flagyl,gi,124,0.85
2023-11-13,Emali,Makueni,Flagyl,gi,163,0.85
2023-11-20,Emali,Makueni,Flagyl,gi,129,0.85
2023-11-27,Emali,Makueni,Flagyl,gi,124,0.85
2023-12-04,Emali,Makueni,Flagyl,gi,107,0.85
2023-12-11,Emali,Makueni,Flagyl,gi,105,0.85
2023-12-18,Emali,Makueni,Flagyl,gi,139,0.85
2023-12-25,Emali,Makueni,Flagyl,gi,101,0.85
2024-01-01,Emali,Makueni,Flagyl,gi,91,0.85
2024-01-08,Emali,Makueni,Flagyl,gi,128,0.85
2024-01-15,Emali,Makueni,Flagyl,gi,117,0.85
2024-01-22,Emali,Makueni,Flagyl,gi,161,0.85
2024-01-29,Emali,Makueni,Flagyl,gi,168,0.85
2024-02-05,Emali,Makueni,Flagyl,gi,130,0.85
2024-02-12,Emali,Makueni,Flagyl,gi,118,0.85
2024-02-19,Emali,Makueni,Flagyl,gi,117,0.85
2024-02-26,Emali,Makueni,Flagyl,gi,108,0.85
2024-03-04,Emali,Makueni,Flagyl,gi,94,0.85
2024-03-11,Emali,Makueni,Flagyl,gi,71,0.85
2024-03-18,Emali,Makueni,Flagyl,gi,104,0.85
2024-03-25,Emali,Makueni,Flagyl,gi,126,0.85
2024-04-01,Emali,Makueni,Flagyl,gi,124,0.85
2024-04-08,Emali,Makueni,Flagyl,gi,82,0.85
2024-04-15,Emali,Makueni,Flagyl,gi,101,0.85
2024-04-22,Emali,Makueni,Flagyl,gi,108,0.85
2024-04-29,Emali,Makueni,Flagyl,gi,120,0.85
2024-05-06,Emali,Makueni,Flagyl,gi,100,0.85
2024-05-13,Emali,Makueni,Flagyl,gi,81,0.85
2024-05-20,Emali,Makueni,Flagyl,gi,119,0.85
2024-05-27,Emali,Makueni,Flagyl,gi,136,0.85
2024-06-03,Emali,Makueni,Flagyl,gi,137,0.85
2024-06-10,Emali,Makueni,Flagyl,gi,144,0.85
2024-06-17,Emali,Makueni,Flagyl,gi,125,0.85
2024-06-24,Emali,Makueni,Flagyl,gi,126,0.85
2024-07-01,Emali,Makueni,Flagyl,gi,99,0.85
2024-07-08,Emali,Makueni,Flagyl,gi,117,0.85
2024-07-15,Emali,Makueni,Flagyl,gi,119,0.85
2024-07-22,Emali,Makueni,Flagyl,gi,108,0.85
2024-07-29,Emali,Makueni,Flagyl,gi,103,0.85
2024-08-05,Emali,Makueni,Flagyl,gi,131,0.85
2024-08-12,Emali,Makueni,Flagyl,gi,76,0.85
2024-08-19,Emali,Makueni,Flagyl,gi,132,0.85
2024-08-26,Emali,Makueni,Flagyl,gi,134,0.85
2024-09-02,Emali,Makueni,Flagyl,gi,173,0.85
2024-09-09,Emali,Makueni,Flagyl,gi,142,0.85
2024-09-16,Emali,Makueni,Flagyl,gi,131,0.85
2024-09-23,Emali,Makueni,Flagyl,gi,114,0.85
2024-09-30,Emali,Makueni,Flagyl,gi,91,0.85
2024-10-07,Emali,Makueni,Flagyl,gi,219,0.85
2024-10-14,Emali,Makueni,Flagyl,gi,133,0.85
2024-10-21,Emali,Makueni,Flagyl,gi,228,0.85
2024-10-28,Emali,Makueni,Flagyl,gi,276,0.85
2024-11-04,Emali,Makueni,Flagyl,gi,172,0.85
2024-11-11,Emali,Makueni,Flagyl,gi,266,0.85
2024-11-18,Emali,Makueni,Flagyl,gi,118,0.85
2024-11-25,Emali,Makueni,Flagyl,gi,124,0.85
2024-12-02,Emali,Makueni,Flagyl,gi,94,0.85
2024-12-09,Emali,Makueni,Flagyl,gi,103,0.85
2024-12-16,Emali,Makueni,Flagyl,gi,102,0.85
2024-12-23,Emali,Makueni,Flagyl,gi,137,0.85
2024-12-30,Emali,Makueni,Flagyl,gi,114,0.85
2023-01-02,Emali,Makueni,ORS,gi,157,0.8
2023-01-09,Emali,Makueni,ORS,gi,734,0.8
2023-01-16,Emali,Makueni,ORS,gi,729,0.8
2023-01-23,Emali,Makueni,ORS,gi,970,0.8
2023-01-30,Emali,Makueni,ORS,gi,536,0.8
2023-02-06,Emali,Makueni,ORS,gi,634,0.8
2023-02-13,Emali,Makueni,ORS,gi,557,0.8
2023-02-20,Emali,Makueni,ORS,gi,240,0.8
2023-02-27,Emali,Makueni,ORS,gi,172,0.8
2023-03-06,Emali,Makueni,ORS,gi,154,0.8
2023-03-13,Emali,Makueni,ORS,gi,195,0.8
2023-03-20,Emali,Makueni,ORS,gi,159,0.8
2023-03-27,Emali,Makueni,ORS,gi,202,0.8
2023-04-03,Emali,Makueni,ORS,gi,271,0.8
2023-04-10,Emali,Makueni,ORS,gi,220,0.8
2023-04-17,Emali,Makueni,ORS,gi,175,0.8
2023-04-24,Emali,Makueni,ORS,gi,193,0.8
2023-05-01,Emali,Makueni,ORS,gi,194,0.8
2023-05-08,Emali,Makueni,ORS,gi,182,0.8
2023-05-15,Emali,Makueni,ORS,gi,148,0.8
2023-05-22,Emali,Makueni,ORS,gi,161,0.8
2023-05-29,Emali,Makueni,ORS,gi,231,0.8
2023-06-05,Emali,Makueni,ORS,gi,218,0.8
2023-06-12,Emali,Makueni,ORS,gi,243,0.8
2023-06-19,Emali,Makueni,ORS,gi,220,0.8
2023-06-26,Emali,Makueni,ORS,gi,289,0.8
2023-07-03,Emali,Makueni,ORS,gi,210,0.8
2023-07-10,Emali,Makueni,ORS,gi,205,0.8
2023-07-17,Emali,Makueni,ORS,gi,205,0.8
2023-07-24,Emali,Makueni,ORS,gi,156,0.8
2023-07-31,Emali,Makueni,ORS,gi,185,0.8
2023-08-07,Emali,Makueni,ORS,gi,143,0.8
2023-08-14,Emali,Makueni,ORS,gi,246,0.8
2023-08-21,Emali,Makueni,ORS,gi,238,0.8
2023-08-28,Emali,Makueni,ORS,gi,259,0.8
2023-09-04,Emali,Makueni,ORS,gi,242,0.8
2023-09-11,Emali,Makueni,ORS,gi,204,0.8
2023-09-18,Emali,Makueni,ORS,gi,230,0.8
2023-09-25,Emali,Makueni,ORS,gi,183,0.8
2023-10-02,Emali,Makueni,ORS,gi,121,0.8
2023-10-09,Emali,Makueni,ORS,gi,213,0.8
2023-10-16,Emali,Makueni,ORS,gi,159,0.8
2023-10-23,Emali,Makueni,ORS,gi,253,0.8
2023-10-30,Emali,Makueni,ORS,gi,288,0.8
2023-11-06,Emali,Makueni,ORS,gi,200,0.8
2023-11-13,Emali,Makueni,ORS,gi,231,0.8
2023-11-20,Emali,Makueni,ORS,gi,216,0.8
2023-11-27,Emali,Makueni,ORS,gi,198,0.8
2023-12-04,Emali,Makueni,ORS,gi,227,0.8
2023-12-11,Emali,Makueni,ORS,gi,125,0.8
2023-12-18,Emali,Makueni,ORS,gi,170,0.8
2023-12-25,Emali,Makueni,ORS,gi,249,0.8
2024-01-01,Emali,Makueni,ORS,gi,169,0.8
2024-01-08,Emali,Makueni,ORS,gi,174,0.8
2024-01-15,Emali,Makueni,ORS,gi,232,0.8
2024-01-22,Emali,Makueni,ORS,gi,264,0.8
2024-01-29,Emali,Makueni,ORS,gi,226,0.8
2024-02-05,Emali,Makueni,ORS,gi,716,0.8
2024-02-12,Emali,Makueni,ORS,gi,496,0.8
2024-02-19,Emali,Makueni,ORS,gi,457,0.8
2024-02-26,Emali,Makueni,ORS,gi,466,0.8
2024-03-04,Emali,Makueni,ORS,gi,458,0.8
2024-03-11,Emali,Makueni,ORS,gi,556,0.8
2024-03-18,Emali,Makueni,ORS,gi,273,0.8
2024-03-25,Emali,Makueni,ORS,gi,404,0.8
2024-04-01,Emali,Makueni,ORS,gi,395,0.8
2024-04-08,Emali,Makueni,ORS,gi,341,0.8
2024-04-15,Emali,Makueni,ORS,gi,308,0.8
2024-04-22,Emali,Makueni,ORS,gi,377,0.8
2024-04-29,Emali,Makueni,ORS,gi,242,0.8
2024-05-06,Emali,Makueni,ORS,gi,179,0.8
2024-05-13,Emali,Makueni,ORS,gi,129,0.8
2024-05-20,Emali,Makueni,ORS,gi,128,0.8
2024-05-27,Emali,Makueni,ORS,gi,249,0.8
2024-06-03,Emali,Makueni,ORS,gi,258,0.8
2024-06-10,Emali,Makueni,ORS,gi,246,0.8
2024-06-17,Emali,Makueni,ORS,gi,293,0.8
2024-06-24,Emali,Makueni,ORS,gi,244,0.8
2024-07-01,Emali,Makueni,ORS,gi,205,0.8
2024-07-08,Emali,Makueni,ORS,gi,220,0.8
2024-07-15,Emali,Makueni,ORS,gi,156,0.8
2024-07-22,Emali,Makueni,ORS,gi,128,0.8
2024-07-29,Emali,Makueni,ORS,gi,198,0.8
2024-08-05,Emali,Makueni,ORS,gi,229,0.8
2024-08-12,Emali,Makueni,ORS,gi,180,0.8
2024-08-19,Emali,Makueni,ORS,gi,192,0.8
2024-08-26,Emali,Makueni,ORS,gi,224,0.8
2024-09-02,Emali,Makueni,ORS,gi,210,0.8
2024-09-09,Emali,Makueni,ORS,gi,239,0.8
2024-09-16,Emali,Makueni,ORS,gi,204,0.8
2024-09-23,Emali,Makueni,ORS,gi,209,0.8
2024-09-30,Emali,Makueni,ORS,gi,157,0.8
2024-10-07,Emali,Makueni,ORS,gi,161,0.8
2024-10-14,Emali,Makueni,ORS,gi,145,0.8
2024-10-21,Emali,Makueni,ORS,gi,229,0.8
2024-10-28,Emali,Makueni,ORS,gi,175,0.8
2024-11-04,Emali,Makueni,ORS,gi,216,0.8
2024-11-11,Emali,Makueni,ORS,gi,210,0.8
2024-11-18,Emali,Makueni,ORS,gi,206,0.8
2024-11-25,Emali,Makueni,ORS,gi,163,0.8
2024-12-02,Emali,Makueni,ORS,gi,158,0.8
2024-12-09,Emali,Makueni,ORS,gi,176,0.8
2024-12-16,Emali,Makueni,ORS,gi,208,0.8
2024-12-23,Emali,Makueni,ORS,gi,250,0.8
2024-12-30,Emali,Makueni,ORS,gi,178,0.8
2023-01-02,Emali,Makueni,Imodium,gi,96,0.7
2023-01-09,Emali,Makueni,Imodium,gi,79,0.7
2023-01-16,Emali,Makueni,Imodium,gi,121,0.7
2023-01-23,Emali,Makueni,Imodium,gi,139,0.7
2023-01-30,Emali,Makueni,Imodium,gi,121,0.7
2023-02-06,Emali,Makueni,Imodium,gi,115,0.7
2023-02-13,Emali,Makueni,Imodium,gi,83,0.7
2023-02-20,Emali,Makueni,Imodium,gi,106,0.7
2023-02-27,Emali,Makueni,Imodium,gi,68,0.7
2023-03-06,Emali,Makueni,Imodium,gi,71,0.7
2023-03-13,Emali,Makueni,Imodium,gi,86,0.7
2023-03-20,Emali,Makueni,Imodium,gi,46,0.7
2023-03-27,Emali,Makueni,Imodium,gi,106,0.7
2023-04-03,Emali,Makueni,Imodium,gi,148,0.7
2023-04-10,Emali,Makueni,Imodium,gi,74,0.7
2023-04-17,Emali,Makueni,Imodium,gi,105,0.7
2023-04-24,Emali,Makueni,Imodium,gi,71,0.7
2023-05-01,Emali,Makueni,Imodium,gi,79,0.7
2023-05-08,Emali,Makueni,Imodium,gi,57,0.7
2023-05-15,Emali,Makueni,Imodium,gi,69,0.7
2023-05-22,Emali,Makueni,Imodium,gi,90,0.7
2023-05-29,Emali,Makueni,Imodium,gi,97,0.7
2023-06-05,Emali,Makueni,Imodium,gi,86,0.7
2023-06-12,Emali,Makueni,Imodium,gi,96,0.7
2023-06-19,Emali,Makueni,Imodium,gi,112,0.7
2023-06-26,Emali,Makueni,Imodium,gi,92,0.7
2023-07-03,Emali,Makueni,Imodium,gi,80,0.7
2023-07-10,Emali,Makueni,Imodium,gi,88,0.7
2023-07-17,Emali,Makueni,Imodium,gi,69,0.7
2023-07-24,Emali,Makueni,Imodium,gi,72,0.7
2023-07-31,Emali,Makueni,Imodium,gi,96,0.7
2023-08-07,Emali,Makueni,Imodium,gi,127,0.7
2023-08-14,Emali,Makueni,Imodium,gi,105,0.7
2023-08-21,Emali,Makueni,Imodium,gi,116,0.7
2023-08-28,Emali,Makueni,Imodium,gi,98,0.7
2023-09-04,Emali,Makueni,Imodium,gi,97,0.7
2023-09-11,Emali,Makueni,Imodium,gi,120,0.7
2023-09-18,Emali,Makueni,Imodium,gi,88,0.7
2023-09-25,Emali,Makueni,Imodium,gi,81,0.7
2023-10-02,Emali,Makueni,Imodium,gi,80,0.7
2023-10-09,Emali,Makueni,Imodium,gi,77,0.7
2023-10-16,Emali,Makueni,Imodium,gi,112,0.7
2023-10-23,Emali,Makueni,Imodium,gi,109,0.7
2023-10-30,Emali,Makueni,Imodium,gi,113,0.7
2023-11-06,Emali,Makueni,Imodium,gi,97,0.7
2023-11-13,Emali,Makueni,Imodium,gi,114,0.7
2023-11-20,Emali,Makueni,Imodium,gi,94,0.7
2023-11-27,Emali,Makueni,Imodium,gi,98,0.7
2023-12-04,Emali,Makueni,Imodium,gi,79,0.7
2023-12-11,Emali,Makueni,Imodium,gi,77,0.7
2023-12-18,Emali,Makueni,Imodium,gi,80,0.7
2023-12-25,Emali,Makueni,Imodium,gi,119,0.7
2024-01-01,Emali,Makueni,Imodium,gi,77,0.7
2024-01-08,Emali,Makueni,Imodium,gi,84,0.7
2024-01-15,Emali,Makueni,Imodium,gi,105,0.7
2024-01-22,Emali,Makueni,Imodium,gi,123,0.7
2024-01-29,Emali,Makueni,Imodium,gi,125,0.7
2024-02-05,Emali,Makueni,Imodium,gi,109,0.7
2024-02-12,Emali,Makueni,Imodium,gi,105,0.7
2024-02-19,Emali,Makueni,Imodium,gi,96,0.7
2024-02-26,Emali,Makueni,Imodium,gi,67,0.7
2024-03-04,Emali,Makueni,Imodium,gi,78,0.7
2024-03-11,Emali,Makueni,Imodium,gi,65,0.7
2024-03-18,Emali,Makueni,Imodium,gi,77,0.7
2024-03-25,Emali,Makueni,Imodium,gi,101,0.7
2024-04-01,Emali,Makueni,Imodium,gi,101,0.7
2024-04-08,Emali,Makueni,Imodium,gi,121,0.7
2024-04-15,Emali,Makueni,Imodium,gi,113,0.7
2024-04-22,Emali,Makueni,Imodium,gi,102,0.7
2024-04-29,Emali,Makueni,Imodium,gi,76,0.7
2024-05-06,Emali,Makueni,Imodium,gi,80,0.7
2024-05-13,Emali,Makueni,Imodium,gi,67,0.7
2024-05-20,Emali,Makueni,Imodium,gi,83,0.7
2024-05-27,Emali,Makueni,Imodium,gi,85,0.7
2024-06-03,Emali,Makueni,Imodium,gi,222,0.7
2024-06-10,Emali,Makueni,Imodium,gi,206,0.7
2024-06-17,Emali,Makueni,Imodium,gi,236,0.7
2024-06-24,Emali,Makueni,Imodium,gi,244,0.7
2024-07-01,Emali,Makueni,Imodium,gi,189,0.7
2024-07-08,Emali,Makueni,Imodium,gi,166,0.7
2024-07-15,Emali,Makueni,Imodium,gi,86,0.7
2024-07-22,Emali,Makueni,Imodium,gi,54,0.7
2024-07-29,Emali,Makueni,Imodium,gi,93,0.7
2024-08-05,Emali,Makueni,Imodium,gi,91,0.7
2024-08-12,Emali,Makueni,Imodium,gi,99,0.7
2024-08-19,Emali,Makueni,Imodium,gi,115,0.7
2024-08-26,Emali,Makueni,Imodium,gi,293,0.7
2024-09-02,Emali,Makueni,Imodium,gi,268,0.7
2024-09-09,Emali,Makueni,Imodium,gi,287,0.7
2024-09-16,Emali,Makueni,Imodium,gi,208,0.7
2024-09-23,Emali,Makueni,Imodium,gi,224,0.7
2024-09-30,Emali,Makueni,Imodium,gi,143,0.7
2024-10-07,Emali,Makueni,Imodium,gi,86,0.7
2024-10-14,Emali,Makueni,Imodium,gi,87,0.7
2024-10-21,Emali,Makueni,Imodium,gi,81,0.7
2024-10-28,Emali,Makueni,Imodium,gi,110,0.7
2024-11-04,Emali,Makueni,Imodium,gi,107,0.7
2024-11-11,Emali,Makueni,Imodium,gi,81,0.7
2024-11-18,Emali,Makueni,Imodium,gi,68,0.7
2024-11-25,Emali,Makueni,Imodium,gi,89,0.7
2024-12-02,Emali,Makueni,Imodium,gi,99,0.7
2024-12-09,Emali,Makueni,Imodium,gi,71,0.7
2024-12-16,Emali,Makueni,Imodium,gi,72,0.7
2024-12-23,Emali,Makueni,Imodium,gi,106,0.7
2024-12-30,Emali,Makueni,Imodium,gi,91,0.7
2023-01-02,Emali,Makueni,Septrin,respiratory,54,0.8
2023-01-09,Emali,Makueni,Septrin,respiratory,34,0.8
2023-01-16,Emali,Makueni,Septrin,respiratory,41,0.8
2023-01-23,Emali,Makueni,Septrin,respiratory,52,0.8
2023-01-30,Emali,Makueni,Septrin,respiratory,42,0.8
2023-02-06,Emali,Makueni,Septrin,respiratory,54,0.8
2023-02-13,Emali,Makueni,Septrin,respiratory,52,0.8
2023-02-20,Emali,Makueni,Septrin,respiratory,65,0.8
2023-02-27,Emali,Makueni,Septrin,respiratory,75,0.8
2023-03-06,Emali,Makueni,Septrin,respiratory,82,0.8
2023-03-13,Emali,Makueni,Septrin,respiratory,70,0.8
2023-03-20,Emali,Makueni,Septrin,respiratory,65,0.8
2023-03-27,Emali,Makueni,Septrin,respiratory,72,0.8
2023-04-03,Emali,Makueni,Septrin,respiratory,57,0.8
2023-04-10,Emali,Makueni,Septrin,respiratory,48,0.8
2023-04-17,Emali,Makueni,Septrin,respiratory,55,0.8
2023-04-24,Emali,Makueni,Septrin,respiratory,42,0.8
2023-05-01,Emali,Makueni,Septrin,respiratory,45,0.8
2023-05-08,Emali,Makueni,Septrin,respiratory,49,0.8
2023-05-15,Emali,Makueni,Septrin,respiratory,39,0.8
2023-05-22,Emali,Makueni,Septrin,respiratory,47,0.8
2023-05-29,Emali,Makueni,Septrin,respiratory,45,0.8
2023-06-05,Emali,Makueni,Septrin,respiratory,64,0.8
2023-06-12,Emali,Makueni,Septrin,respiratory,135,0.8
2023-06-19,Emali,Makueni,Septrin,respiratory,156,0.8
2023-06-26,Emali,Makueni,Septrin,respiratory,182,0.8
2023-07-03,Emali,Makueni,Septrin,respiratory,155,0.8
2023-07-10,Emali,Makueni,Septrin,respiratory,160,0.8
2023-07-17,Emali,Makueni,Septrin,respiratory,230,0.8
2023-07-24,Emali,Makueni,Septrin,respiratory,91,0.8
2023-07-31,Emali,Makueni,Septrin,respiratory,78,0.8
2023-08-07,Emali,Makueni,Septrin,respiratory,71,0.8
2023-08-14,Emali,Makueni,Septrin,respiratory,61,0.8
2023-08-21,Emali,Makueni,Septrin,respiratory,44,0.8
2023-08-28,Emali,Makueni,Septrin,respiratory,39,0.8
2023-09-04,Emali,Makueni,Septrin,respiratory,34,0.8
2023-09-11,Emali,Makueni,Septrin,respiratory,38,0.8
2023-09-18,Emali,Makueni,Septrin,respiratory,41,0.8
2023-09-25,Emali,Makueni,Septrin,respiratory,50,0.8
2023-10-02,Emali,Makueni,Septrin,respiratory,42,0.8
2023-10-09,Emali,Makueni,Septrin,respiratory,47,0.8
2023-10-16,Emali,Makueni,Septrin,respiratory,46,0.8
2023-10-23,Emali,Makueni,Septrin,respiratory,48,0.8
2023-10-30,Emali,Makueni,Septrin,respiratory,38,0.8
2023-11-06,Emali,Makueni,Septrin,respiratory,52,0.8
2023-11-13,Emali,Makueni,Septrin,respiratory,43,0.8
2023-11-20,Emali,Makueni,Septrin,respiratory,59,0.8
2023-11-27,Emali,Makueni,Septrin,respiratory,70,0.8
2023-12-04,Emali,Makueni,Septrin,respiratory,84,0.8
2023-12-11,Emali,Makueni,Septrin,respiratory,92,0.8
2023-12-18,Emali,Makueni,Septrin,respiratory,84,0.8
2023-12-25,Emali,Makueni,Septrin,respiratory,85,0.8
2024-01-01,Emali,Makueni,Septrin,respiratory,39,0.8
2024-01-08,Emali,Makueni,Septrin,respiratory,53,0.8
2024-01-15,Emali,Makueni,Septrin,respiratory,52,0.8
2024-01-22,Emali,Makueni,Septrin,respiratory,29,0.8
2024-01-29,Emali,Makueni,Septrin,respiratory,44,0.8
2024-02-05,Emali,Makueni,Septrin,respiratory,60,0.8
2024-02-12,Emali,Makueni,Septrin,respiratory,59,0.8
2024-02-19,Emali,Makueni,Septrin,respiratory,59,0.8
2024-02-26,Emali,Makueni,Septrin,respiratory,99,0.8
2024-03-04,Emali,Makueni,Septrin,respiratory,78,0.8
2024-03-11,Emali,Makueni,Septrin,respiratory,77,0.8
2024-03-18,Emali,Makueni,Septrin,respiratory,57,0.8
2024-03-25,Emali,Makueni,Septrin,respiratory,58,0.8
2024-04-01,Emali,Makueni,Septrin,respiratory,47,0.8
2024-04-08,Emali,Makueni,Septrin,respiratory,52,0.8
2024-04-15,Emali,Makueni,Septrin,respiratory,48,0.8
2024-04-22,Emali,Makueni,Septrin,respiratory,41,0.8
2024-04-29,Emali,Makueni,Septrin,respiratory,49,0.8
2024-05-06,Emali,Makueni,Septrin,respiratory,43,0.8
2024-05-13,Emali,Makueni,Septrin,respiratory,47,0.8
2024-05-20,Emali,Makueni,Septrin,respiratory,47,0.8
2024-05-27,Emali,Makueni,Septrin,respiratory,48,0.8
2024-06-03,Emali,Makueni,Septrin,respiratory,47,0.8
2024-06-10,Emali,Makueni,Septrin,respiratory,48,0.8
2024-06-17,Emali,Makueni,Septrin,respiratory,53,0.8
2024-06-24,Emali,Makueni,Septrin,respiratory,172,0.8
2024-07-01,Emali,Makueni,Septrin,respiratory,173,0.8
2024-07-08,Emali,Makueni,Septrin,respiratory,199,0.8
2024-07-15,Emali,Makueni,Septrin,respiratory,254,0.8
2024-07-22,Emali,Makueni,Septrin,respiratory,223,0.8
2024-07-29,Emali,Makueni,Septrin,respiratory,203,0.8
2024-08-05,Emali,Makueni,Septrin,respiratory,64,0.8
2024-08-12,Emali,Makueni,Septrin,respiratory,66,0.8
2024-08-19,Emali,Makueni,Septrin,respiratory,48,0.8
2024-08-26,Emali,Makueni,Septrin,respiratory,54,0.8
2024-09-02,Emali,Makueni,Septrin,respiratory,38,0.8
2024-09-09,Emali,Makueni,Septrin,respiratory,55,0.8
2024-09-16,Emali,Makueni,Septrin,respiratory,43,0.8
2024-09-23,Emali,Makueni,Septrin,respiratory,38,0.8
2024-09-30,Emali,Makueni,Septrin,respiratory,46,0.8
2024-10-07,Emali,Makueni,Septrin,respiratory,39,0.8
2024-10-14,Emali,Makueni,Septrin,respiratory,45,0.8
2024-10-21,Emali,Makueni,Septrin,respiratory,41,0.8
2024-10-28,Emali,Makueni,Septrin,respiratory,51,0.8
2024-11-04,Emali,Makueni,Septrin,respiratory,46,0.8
2024-11-11,Emali,Makueni,Septrin,respiratory,114,0.8
2024-11-18,Emali,Makueni,Septrin,respiratory,147,0.8
2024-11-25,Emali,Makueni,Septrin,respiratory,198,0.8
2024-12-02,Emali,Makueni,Septrin,respiratory,227,0.8
2024-12-09,Emali,Makueni,Septrin,respiratory,193,0.8
2024-12-16,Emali,Makueni,Septrin,respiratory,160,0.8
2024-12-23,Emali,Makueni,Septrin,respiratory,82,0.8
2024-12-30,Emali,Makueni,Septrin,respiratory,50,0.8
2023-01-02,Emali,Makueni,Amoxicillin,respiratory,35,0.75
2023-01-09,Emali,Makueni,Amoxicillin,respiratory,30,0.75
2023-01-16,Emali,Makueni,Amoxicillin,respiratory,34,0.75
2023-01-23,Emali,Makueni,Amoxicillin,respiratory,32,0.75
2023-01-30,Emali,Makueni,Amoxicillin,respiratory,37,0.75
2023-02-06,Emali,Makueni,Amoxicillin,respiratory,43,0.75
2023-02-13,Emali,Makueni,Amoxicillin,respiratory,39,0.75
2023-02-20,Emali,Makueni,Amoxicillin,respiratory,120,0.75
2023-02-27,Emali,Makueni,Amoxicillin,respiratory,152,0.75
2023-03-06,Emali,Makueni,Amoxicillin,respiratory,158,0.75
2023-03-13,Emali,Makueni,Amoxicillin,respiratory,172,0.75
2023-03-20,Emali,Makueni,Amoxicillin,respiratory,156,0.75
2023-03-27,Emali,Makueni,Amoxicillin,respiratory,159,0.75
2023-04-03,Emali,Makueni,Amoxicillin,respiratory,37,0.75
2023-04-10,Emali,Makueni,Amoxicillin,respiratory,30,0.75
2023-04-17,Emali,Makueni,Amoxicillin,respiratory,28,0.75
2023-04-24,Emali,Makueni,Amoxicillin,respiratory,37,0.75
2023-05-01,Emali,Makueni,Amoxicillin,respiratory,33,0.75
2023-05-08,Emali,Makueni,Amoxicillin,respiratory,24,0.75
2023-05-15,Emali,Makueni,Amoxicillin,respiratory,34,0.75
2023-05-22,Emali,Makueni,Amoxicillin,respiratory,34,0.75
2023-05-29,Emali,Makueni,Amoxicillin,respiratory,32,0.75
2023-06-05,Emali,Makueni,Amoxicillin,respiratory,34,0.75
2023-06-12,Emali,Makueni,Amoxicillin,respiratory,27,0.75
2023-06-19,Emali,Makueni,Amoxicillin,respiratory,41,0.75
2023-06-26,Emali,Makueni,Amoxicillin,respiratory,42,0.75
2023-07-03,Emali,Makueni,Amoxicillin,respiratory,34,0.75
2023-07-10,Emali,Makueni,Amoxicillin,respiratory,52,0.75
2023-07-17,Emali,Makueni,Amoxicillin,respiratory,58,0.75
2023-07-24,Emali,Makueni,Amoxicillin,respiratory,47,0.75
2023-07-31,Emali,Makueni,Amoxicillin,respiratory,59,0.75
2023-08-07,Emali,Makueni,Amoxicillin,respiratory,65,0.75
2023-08-14,Emali,Makueni,Amoxicillin,respiratory,42,0.75
2023-08-21,Emali,Makueni,Amoxicillin,respiratory,43,0.75
2023-08-28,Emali,Makueni,Amoxicillin,respiratory,34,0.75
2023-09-04,Emali,Makueni,Amoxicillin,respiratory,38,0.75
2023-09-11,Emali,Makueni,Amoxicillin,respiratory,32,0.75
2023-09-18,Emali,Makueni,Amoxicillin,respiratory,28,0.75
2023-09-25,Emali,Makueni,Amoxicillin,respiratory,37,0.75
2023-10-02,Emali,Makueni,Amoxicillin,respiratory,28,0.75
2023-10-09,Emali,Makueni,Amoxicillin,respiratory,42,0.75
2023-10-16,Emali,Makueni,Amoxicillin,respiratory,36,0.75
2023-10-23,Emali,Makueni,Amoxicillin,respiratory,30,0.75
2023-10-30,Emali,Makueni,Amoxicillin,respiratory,38,0.75
2023-11-06,Emali,Makueni,Amoxicillin,respiratory,33,0.75
2023-11-13,Emali,Makueni,Amoxicillin,respiratory,39,0.75
2023-11-20,Emali,Makueni,Amoxicillin,respiratory,42,0.75
2023-11-27,Emali,Makueni,Amoxicillin,respiratory,37,0.75
2023-12-04,Emali,Makueni,Amoxicillin,respiratory,60,0.75
2023-12-11,Emali,Makueni,Amoxicillin,respiratory,42,0.75
2023-12-18,Emali,Makueni,Amoxicillin,respiratory,48,0.75
2023-12-25,Emali,Makueni,Amoxicillin,respiratory,55,0.75
2024-01-01,Emali,Makueni,Amoxicillin,respiratory,31,0.75
2024-01-08,Emali,Makueni,Amoxicillin,respiratory,34,0.75
2024-01-15,Emali,Makueni,Amoxicillin,respiratory,27,0.75
2024-01-22,Emali,Makueni,Amoxicillin,respiratory,31,0.75
2024-01-29,Emali,Makueni,Amoxicillin,respiratory,34,0.75
2024-02-05,Emali,Makueni,Amoxicillin,respiratory,34,0.75
2024-02-12,Emali,Makueni,Amoxicillin,respiratory,58,0.75
2024-02-19,Emali,Makueni,Amoxicillin,respiratory,47,0.75
2024-02-26,Emali,Makueni,Amoxicillin,respiratory,66,0.75
2024-03-04,Emali,Makueni,Amoxicillin,respiratory,55,0.75
2024-03-11,Emali,Makueni,Amoxicillin,respiratory,42,0.75
2024-03-18,Emali,Makueni,Amoxicillin,respiratory,43,0.75
2024-03-25,Emali,Makueni,Amoxicillin,respiratory,48,0.75
2024-04-01,Emali,Makueni,Amoxicillin,respiratory,46,0.75
2024-04-08,Emali,Makueni,Amoxicillin,respiratory,42,0.75
2024-04-15,Emali,Makueni,Amoxicillin,respiratory,34,0.75
2024-04-22,Emali,Makueni,Amoxicillin,respiratory,27,0.75
2024-04-29,Emali,Makueni,Amoxicillin,respiratory,34,0.75
2024-05-06,Emali,Makueni,Amoxicillin,respiratory,29,0.75
2024-05-13,Emali,Makueni,Amoxicillin,respiratory,35,0.75
2024-05-20,Emali,Makueni,Amoxicillin,respiratory,28,0.75
2024-05-27,Emali,Makueni,Amoxicillin,respiratory,23,0.75
2024-06-03,Emali,Makueni,Amoxicillin,respiratory,40,0.75
2024-06-10,Emali,Makueni,Amoxicillin,respiratory,32,0.75
2024-06-17,Emali,Makueni,Amoxicillin,respiratory,33,0.75
2024-06-24,Emali,Makueni,Amoxicillin,respiratory,46,0.75
2024-07-01,Emali,Makueni,Amoxicillin,respiratory,60,0.75
2024-07-08,Emali,Makueni,Amoxicillin,respiratory,57,0.75
2024-07-15,Emali,Makueni,Amoxicillin,respiratory,106,0.75
2024-07-22,Emali,Makueni,Amoxicillin,respiratory,114,0.75
2024-07-29,Emali,Makueni,Amoxicillin,respiratory,100,0.75
2024-08-05,Emali,Makueni,Amoxicillin,respiratory,99,0.75
2024-08-12,Emali,Makueni,Amoxicillin,respiratory,91,0.75
2024-08-19,Emali,Makueni,Amoxicillin,respiratory,169,0.75
2024-08-26,Emali,Makueni,Amoxicillin,respiratory,83,0.75
2024-09-02,Emali,Makueni,Amoxicillin,respiratory,87,0.75
2024-09-09,Emali,Makueni,Amoxicillin,respiratory,89,0.75
2024-09-16,Emali,Makueni,Amoxicillin,respiratory,88,0.75
2024-09-23,Emali,Makueni,Amoxicillin,respiratory,66,0.75
2024-09-30,Emali,Makueni,Amoxicillin,respiratory,39,0.75
2024-10-07,Emali,Makueni,Amoxicillin,respiratory,39,0.75
2024-10-14,Emali,Makueni,Amoxicillin,respiratory,33,0.75
2024-10-21,Emali,Makueni,Amoxicillin,respiratory,35,0.75
2024-10-28,Emali,Makueni,Amoxicillin,respiratory,32,0.75
2024-11-04,Emali,Makueni,Amoxicillin,respiratory,37,0.75
2024-11-11,Emali,Makueni,Amoxicillin,respiratory,35,0.75
2024-11-18,Emali,Makueni,Amoxicillin,respiratory,56,0.75
2024-11-25,Emali,Makueni,Amoxicillin,respiratory,57,0.75
2024-12-02,Emali,Makueni,Amoxicillin,respiratory,61,0.75
2024-12-09,Emali,Makueni,Amoxicillin,respiratory,55,0.75
2024-12-16,Emali,Makueni,Amoxicillin,respiratory,43,0.75
2024-12-23,Emali,Makueni,Amoxicillin,respiratory,59,0.75
2024-12-30,Emali,Makueni,Amoxicillin,respiratory,26,0.75
2023-01-02,Emali,Makueni,Piriton,respiratory,44,0.5
2023-01-09,Emali,Makueni,Piriton,respiratory,40,0.5
2023-01-16,Emali,Makueni,Piriton,respiratory,42,0.5
2023-01-23,Emali,Makueni,Piriton,respiratory,33,0.5
2023-01-30,Emali,Makueni,Piriton,respiratory,42,0.5
2023-02-06,Emali,Makueni,Piriton,respiratory,53,0.5
2023-02-13,Emali,Makueni,Piriton,respiratory,50,0.5
2023-02-20,Emali,Makueni,Piriton,respiratory,79,0.5
2023-02-27,Emali,Makueni,Piriton,respiratory,60,0.5
2023-03-06,Emali,Makueni,Piriton,respiratory,56,0.5
2023-03-13,Emali,Makueni,Piriton,respiratory,50,0.5
2023-03-20,Emali,Makueni,Piriton,respiratory,72,0.5
2023-03-27,Emali,Makueni,Piriton,respiratory,55,0.5
2023-04-03,Emali,Makueni,Piriton,respiratory,44,0.5
2023-04-10,Emali,Makueni,Piriton,respiratory,30,0.5
2023-04-17,Emali,Makueni,Piriton,respiratory,37,0.5
2023-04-24,Emali,Makueni,Piriton,respiratory,53,0.5
2023-05-01,Emali,Makueni,Piriton,respiratory,26,0.5
2023-05-08,Emali,Makueni,Piriton,respiratory,71,0.5
2023-05-15,Emali,Makueni,Piriton,respiratory,100,0.5
2023-05-22,Emali,Makueni,Piriton,respiratory,237,0.5
2023-05-29,Emali,Makueni,Piriton,respiratory,182,0.5
2023-06-05,Emali,Makueni,Piriton,respiratory,206,0.5
2023-06-12,Emali,Makueni,Piriton,respiratory,213,0.5
2023-06-19,Emali,Makueni,Piriton,respiratory,101,0.5
2023-06-26,Emali,Makueni,Piriton,respiratory,152,0.5
2023-07-03,Emali,Makueni,Piriton,respiratory,58,0.5
2023-07-10,Emali,Makueni,Piriton,respiratory,71,0.5
2023-07-17,Emali,Makueni,Piriton,respiratory,67,0.5
2023-07-24,Emali,Makueni,Piriton,respiratory,46,0.5
2023-07-31,Emali,Makueni,Piriton,respiratory,53,0.5
2023-08-07,Emali,Makueni,Piriton,respiratory,52,0.5
2023-08-14,Emali,Makueni,Piriton,respiratory,53,0.5
2023-08-21,Emali,Makueni,Piriton,respiratory,62,0.5
2023-08-28,Emali,Makueni,Piriton,respiratory,41,0.5
2023-09-04,Emali,Makueni,Piriton,respiratory,38,0.5
2023-09-11,Emali,Makueni,Piriton,respiratory,46,0.5
2023-09-18,Emali,Makueni,Piriton,respiratory,31,0.5
2023-09-25,Emali,Makueni,Piriton,respiratory,36,0.5
2023-10-02,Emali,Makueni,Piriton,respiratory,35,0.5
2023-10-09,Emali,Makueni,Piriton,respiratory,41,0.5
2023-10-16,Emali,Makueni,Piriton,respiratory,44,0.5
2023-10-23,Emali,Makueni,Piriton,respiratory,42,0.5
2023-10-30,Emali,Makueni,Piriton,respiratory,42,0.5
2023-11-06,Emali,Makueni,Piriton,respiratory,37,0.5
2023-11-13,Emali,Makueni,Piriton,respiratory,343,0.5
2023-11-20,Emali,Makueni,Piriton,respiratory,332,0.5
2023-11-27,Emali,Makueni,Piriton,respiratory,464,0.5
2023-12-04,Emali,Makueni,Piriton,respiratory,414,0.5
2023-12-11,Emali,Makueni,Piriton,respiratory,380,0.5
2023-12-18,Emali,Makueni,Piriton,respiratory,450,0.5
2023-12-25,Emali,Makueni,Piriton,respiratory,44,0.5
2024-01-01,Emali,Makueni,Piriton,respiratory,48,0.5
2024-01-08,Emali,Makueni,Piriton,respiratory,44,0.5
2024-01-15,Emali,Makueni,Piriton,respiratory,41,0.5
2024-01-22,Emali,Makueni,Piriton,respiratory,30,0.5
2024-01-29,Emali,Makueni,Piriton,respiratory,35,0.5
2024-02-05,Emali,Makueni,Piriton,respiratory,48,0.5
2024-02-12,Emali,Makueni,Piriton,respiratory,53,0.5
2024-02-19,Emali,Makueni,Piriton,respiratory,46,0.5
2024-02-26,Emali,Makueni,Piriton,respiratory,52,0.5
2024-03-04,Emali,Makueni,Piriton,respiratory,63,0.5
2024-03-11,Emali,Makueni,Piriton,respiratory,52,0.5
2024-03-18,Emali,Makueni,Piriton,respiratory,74,0.5
2024-03-25,Emali,Makueni,Piriton,respiratory,59,0.5
2024-04-01,Emali,Makueni,Piriton,respiratory,42,0.5
2024-04-08,Emali,Makueni,Piriton,respiratory,46,0.5
2024-04-15,Emali,Makueni,Piriton,respiratory,45,0.5
2024-04-22,Emali,Makueni,Piriton,respiratory,41,0.5
2024-04-29,Emali,Makueni,Piriton,respiratory,39,0.5
2024-05-06,Emali,Makueni,Piriton,respiratory,37,0.5
2024-05-13,Emali,Makueni,Piriton,respiratory,36,0.5
2024-05-20,Emali,Makueni,Piriton,respiratory,31,0.5
2024-05-27,Emali,Makueni,Piriton,respiratory,48,0.5
2024-06-03,Emali,Makueni,Piriton,respiratory,36,0.5
2024-06-10,Emali,Makueni,Piriton,respiratory,39,0.5
2024-06-17,Emali,Makueni,Piriton,respiratory,34,0.5
2024-06-24,Emali,Makueni,Piriton,respiratory,46,0.5
2024-07-01,Emali,Makueni,Piriton,respiratory,79,0.5
2024-07-08,Emali,Makueni,Piriton,respiratory,54,0.5
2024-07-15,Emali,Makueni,Piriton,respiratory,79,0.5
2024-07-22,Emali,Makueni,Piriton,respiratory,66,0.5
2024-07-29,Emali,Makueni,Piriton,respiratory,72,0.5
2024-08-05,Emali,Makueni,Piriton,respiratory,72,0.5
2024-08-12,Emali,Makueni,Piriton,respiratory,57,0.5
2024-08-19,Emali,Makueni,Piriton,respiratory,45,0.5
2024-08-26,Emali,Makueni,Piriton,respiratory,38,0.5
2024-09-02,Emali,Makueni,Piriton,respiratory,38,0.5
2024-09-09,Emali,Makueni,Piriton,respiratory,50,0.5
2024-09-16,Emali,Makueni,Piriton,respiratory,30,0.5
2024-09-23,Emali,Makueni,Piriton,respiratory,29,0.5
2024-09-30,Emali,Makueni,Piriton,respiratory,29,0.5
2024-10-07,Emali,Makueni,Piriton,respiratory,34,0.5
2024-10-14,Emali,Makueni,Piriton,respiratory,43,0.5
2024-10-21,Emali,Makueni,Piriton,respiratory,43,0.5
2024-10-28,Emali,Makueni,Piriton,respiratory,35,0.5
2024-11-04,Emali,Makueni,Piriton,respiratory,39,0.5
2024-11-11,Emali,Makueni,Piriton,respiratory,39,0.5
2024-11-18,Emali,Makueni,Piriton,respiratory,47,0.5
2024-11-25,Emali,Makueni,Piriton,respiratory,66,0.5
2024-12-02,Emali,Makueni,Piriton,respiratory,75,0.5
2024-12-09,Emali,Makueni,Piriton,respiratory,62,0.5
2024-12-16,Emali,Makueni,Piriton,respiratory,81,0.5
2024-12-23,Emali,Makueni,Piriton,respiratory,70,0.5
2024-12-30,Emali,Makueni,Piriton,respiratory,48,0.5
2023-01-02,Voi,Taita-Taveta,Coartem,malaria,97,0.95
2023-01-09,Voi,Taita-Taveta,Coartem,malaria,77,0.95
2023-01-16,Voi,Taita-Taveta,Coartem,malaria,90,0.95
2023-01-23,Voi,Taita-Taveta,Coartem,malaria,121,0.95
2023-01-30,Voi,Taita-Taveta,Coartem,malaria,125,0.95
2023-02-06,Voi,Taita-Taveta,Coartem,malaria,104,0.95
2023-02-13,Voi,Taita-Taveta,Coartem,malaria,109,0.95
2023-02-20,Voi,Taita-Taveta,Coartem,malaria,99,0.95
2023-02-27,Voi,Taita-Taveta,Coartem,malaria,81,0.95
2023-03-06,Voi,Taita-Taveta,Coartem,malaria,56,0.95
2023-03-13,Voi,Taita-Taveta,Coartem,malaria,82,0.95
2023-03-20,Voi,Taita-Taveta,Coartem,malaria,111,0.95
2023-03-27,Voi,Taita-Taveta,Coartem,malaria,85,0.95
2023-04-03,Voi,Taita-Taveta,Coartem,malaria,97,0.95
2023-04-10,Voi,Taita-Taveta,Coartem,malaria,114,0.95
2023-04-17,Voi,Taita-Taveta,Coartem,malaria,94,0.95
2023-04-24,Voi,Taita-Taveta,Coartem,malaria,76,0.95
2023-05-01,Voi,Taita-Taveta,Coartem,malaria,107,0.95
2023-05-08,Voi,Taita-Taveta,Coartem,malaria,51,0.95
2023-05-15,Voi,Taita-Taveta,Coartem,malaria,56,0.95
2023-05-22,Voi,Taita-Taveta,Coartem,malaria,85,0.95
2023-05-29,Voi,Taita-Taveta,Coartem,malaria,95,0.95
2023-06-05,Voi,Taita-Taveta,Coartem,malaria,98,0.95
2023-06-12,Voi,Taita-Taveta,Coartem,malaria,93,0.95
2023-06-19,Voi,Taita-Taveta,Coartem,malaria,120,0.95
2023-06-26,Voi,Taita-Taveta,Coartem,malaria,95,0.95
2023-07-03,Voi,Taita-Taveta,Coartem,malaria,108,0.95
2023-07-10,Voi,Taita-Taveta,Coartem,malaria,94,0.95
2023-07-17,Voi,Taita-Taveta,Coartem,malaria,182,0.95
2023-07-24,Voi,Taita-Taveta,Coartem,malaria,126,0.95
2023-07-31,Voi,Taita-Taveta,Coartem,malaria,232,0.95
2023-08-07,Voi,Taita-Taveta,Coartem,malaria,224,0.95
2023-08-14,Voi,Taita-Taveta,Coartem,malaria,230,0.95
2023-08-21,Voi,Taita-Taveta,Coartem,malaria,268,0.95
2023-08-28,Voi,Taita-Taveta,Coartem,malaria,101,0.95
2023-09-04,Voi,Taita-Taveta,Coartem,malaria,105,0.95
2023-09-11,Voi,Taita-Taveta,Coartem,malaria,141,0.95
2023-09-18,Voi,Taita-Taveta,Coartem,malaria,81,0.95
2023-09-25,Voi,Taita-Taveta,Coartem,malaria,76,0.95
2023-10-02,Voi,Taita-Taveta,Coartem,malaria,56,0.95
2023-10-09,Voi,Taita-Taveta,Coartem,malaria,65,0.95
2023-10-16,Voi,Taita-Taveta,Coartem,malaria,98,0.95
2023-10-23,Voi,Taita-Taveta,Coartem,malaria,104,0.95
2023-10-30,Voi,Taita-Taveta,Coartem,malaria,127,0.95
2023-11-06,Voi,Taita-Taveta,Coartem,malaria,228,0.95
2023-11-13,Voi,Taita-Taveta,Coartem,malaria,225,0.95
2023-11-20,Voi,Taita-Taveta,Coartem,malaria,159,0.95
2023-11-27,Voi,Taita-Taveta,Coartem,malaria,179,0.95
2023-12-04,Voi,Taita-Taveta,Coartem,malaria,150,0.95
2023-12-11,Voi,Taita-Taveta,Coartem,malaria,91,0.95
2023-12-18,Voi,Taita-Taveta,Coartem,malaria,73,0.95
2023-12-25,Voi,Taita-Taveta,Coartem,malaria,72,0.95
2024-01-01,Voi,Taita-Taveta,Coartem,malaria,84,0.95
2024-01-08,Voi,Taita-Taveta,Coartem,malaria,101,0.95
2024-01-15,Voi,Taita-Taveta,Coartem,malaria,126,0.95
2024-01-22,Voi,Taita-Taveta,Coartem,malaria,108,0.95
2024-01-29,Voi,Taita-Taveta,Coartem,malaria,122,0.95
2024-02-05,Voi,Taita-Taveta,Coartem,malaria,128,0.95
2024-02-12,Voi,Taita-Taveta,Coartem,malaria,92,0.95
2024-02-19,Voi,Taita-Taveta,Coartem,malaria,79,0.95
2024-02-26,Voi,Taita-Taveta,Coartem,malaria,68,0.95
2024-03-04,Voi,Taita-Taveta,Coartem,malaria,57,0.95
2024-03-11,Voi,Taita-Taveta,Coartem,malaria,67,0.95
2024-03-18,Voi,Taita-Taveta,Coartem,malaria,82,0.95
2024-03-25,Voi,Taita-Taveta,Coartem,malaria,117,0.95
2024-04-01,Voi,Taita-Taveta,Coartem,malaria,110,0.95
2024-04-08,Voi,Taita-Taveta,Coartem,malaria,119,0.95
2024-04-15,Voi,Taita-Taveta,Coartem,malaria,102,0.95
2024-04-22,Voi,Taita-Taveta,Coartem,malaria,94,0.95
2024-04-29,Voi,Taita-Taveta,Coartem,malaria,96,0.95
2024-05-06,Voi,Taita-Taveta,Coartem,malaria,78,0.95
2024-05-13,Voi,Taita-Taveta,Coartem,malaria,67,0.95
2024-05-20,Voi,Taita-Taveta,Coartem,malaria,92,0.95
2024-05-27,Voi,Taita-Taveta,Coartem,malaria,82,0.95
2024-06-03,Voi,Taita-Taveta,Coartem,malaria,117,0.95
2024-06-10,Voi,Taita-Taveta,Coartem,malaria,93,0.95
2024-06-17,Voi,Taita-Taveta,Coartem,malaria,149,0.95
2024-06-24,Voi,Taita-Taveta,Coartem,malaria,98,0.95
2024-07-01,Voi,Taita-Taveta,Coartem,malaria,114,0.95
2024-07-08,Voi,Taita-Taveta,Coartem,malaria,77,0.95
2024-07-15,Voi,Taita-Taveta,Coartem,malaria,75,0.95
2024-07-22,Voi,Taita-Taveta,Coartem,malaria,74,0.95
2024-07-29,Voi,Taita-Taveta,Coartem,malaria,67,0.95
2024-08-05,Voi,Taita-Taveta,Coartem,malaria,122,0.95
2024-08-12,Voi,Taita-Taveta,Coartem,malaria,104,0.95
2024-08-19,Voi,Taita-Taveta,Coartem,malaria,128,0.95
2024-08-26,Voi,Taita-Taveta,Coartem,malaria,121,0.95
2024-09-02,Voi,Taita-Taveta,Coartem,malaria,119,0.95
2024-09-09,Voi,Taita-Taveta,Coartem,malaria,82,0.95
2024-09-16,Voi,Taita-Taveta,Coartem,malaria,85,0.95
2024-09-23,Voi,Taita-Taveta,Coartem,malaria,90,0.95
2024-09-30,Voi,Taita-Taveta,Coartem,malaria,57,0.95
2024-10-07,Voi,Taita-Taveta,Coartem,malaria,78,0.95
2024-10-14,Voi,Taita-Taveta,Coartem,malaria,70,0.95
2024-10-21,Voi,Taita-Taveta,Coartem,malaria,95,0.95
2024-10-28,Voi,Taita-Taveta,Coartem,malaria,130,0.95
2024-11-04,Voi,Taita-Taveta,Coartem,malaria,92,0.95
2024-11-11,Voi,Taita-Taveta,Coartem,malaria,123,0.95
2024-11-18,Voi,Taita-Taveta,Coartem,malaria,106,0.95
2024-11-25,Voi,Taita-Taveta,Coartem,malaria,88,0.95
2024-12-02,Voi,Taita-Taveta,Coartem,malaria,73,0.95
2024-12-09,Voi,Taita-Taveta,Coartem,malaria,56,0.95
2024-12-16,Voi,Taita-Taveta,Coartem,malaria,72,0.95
2024-12-23,Voi,Taita-Taveta,Coartem,malaria,105,0.95
2024-12-30,Voi,Taita-Taveta,Coartem,malaria,72,0.95
2023-01-02,Voi,Taita-Taveta,Panadol,malaria,366,0.4
2023-01-09,Voi,Taita-Taveta,Panadol,malaria,346,0.4
2023-01-16,Voi,Taita-Taveta,Panadol,malaria,393,0.4
2023-01-23,Voi,Taita-Taveta,Panadol,malaria,391,0.4
2023-01-30,Voi,Taita-Taveta,Panadol,malaria,509,0.4
2023-02-06,Voi,Taita-Taveta,Panadol,malaria,344,0.4
2023-02-13,Voi,Taita-Taveta,Panadol,malaria,347,0.4
2023-02-20,Voi,Taita-Taveta,Panadol,malaria,487,0.4
2023-02-27,Voi,Taita-Taveta,Panadol,malaria,243,0.4
2023-03-06,Voi,Taita-Taveta,Panadol,malaria,179,0.4
2023-03-13,Voi,Taita-Taveta,Panadol,malaria,319,0.4
2023-03-20,Voi,Taita-Taveta,Panadol,malaria,237,0.4
2023-03-27,Voi,Taita-Taveta,Panadol,malaria,375,0.4
2023-04-03,Voi,Taita-Taveta,Panadol,malaria,552,0.4
2023-04-10,Voi,Taita-Taveta,Panadol,malaria,328,0.4
2023-04-17,Voi,Taita-Taveta,Panadol,malaria,293,0.4
2023-04-24,Voi,Taita-Taveta,Panadol,malaria,301,0.4
2023-05-01,Voi,Taita-Taveta,Panadol,malaria,390,0.4
2023-05-08,Voi,Taita-Taveta,Panadol,malaria,336,0.4
2023-05-15,Voi,Taita-Taveta,Panadol,malaria,208,0.4
2023-05-22,Voi,Taita-Taveta,Panadol,malaria,317,0.4
2023-05-29,Voi,Taita-Taveta,Panadol,malaria,416,0.4
2023-06-05,Voi,Taita-Taveta,Panadol,malaria,493,0.4
2023-06-12,Voi,Taita-Taveta,Panadol,malaria,402,0.4
2023-06-19,Voi,Taita-Taveta,Panadol,malaria,280,0.4
2023-06-26,Voi,Taita-Taveta,Panadol,malaria,366,0.4
2023-07-03,Voi,Taita-Taveta,Panadol,malaria,364,0.4
2023-07-10,Voi,Taita-Taveta,Panadol,malaria,331,0.4
2023-07-17,Voi,Taita-Taveta,Panadol,malaria,279,0.4
2023-07-24,Voi,Taita-Taveta,Panadol,malaria,263,0.4
2023-07-31,Voi,Taita-Taveta,Panadol,malaria,343,0.4
2023-08-07,Voi,Taita-Taveta,Panadol,malaria,335,0.4
2023-08-14,Voi,Taita-Taveta,Panadol,malaria,453,0.4
2023-08-21,Voi,Taita-Taveta,Panadol,malaria,440,0.4
2023-08-28,Voi,Taita-Taveta,Panadol,malaria,432,0.4
2023-09-04,Voi,Taita-Taveta,Panadol,malaria,474,0.4
2023-09-11,Voi,Taita-Taveta,Panadol,malaria,393,0.4
2023-09-18,Voi,Taita-Taveta,Panadol,malaria,450,0.4
2023-09-25,Voi,Taita-Taveta,Panadol,malaria,226,0.4
2023-10-02,Voi,Taita-Taveta,Panadol,malaria,208,0.4
2023-10-09,Voi,Taita-Taveta,Panadol,malaria,282,0.4
2023-10-16,Voi,Taita-Taveta,Panadol,malaria,367,0.4
2023-10-23,Voi,Taita-Taveta,Panadol,malaria,463,0.4
2023-10-30,Voi,Taita-Taveta,Panadol,malaria,416,0.4
2023-11-06,Voi,Taita-Taveta,Panadol,malaria,336,0.4
2023-11-13,Voi,Taita-Taveta,Panadol,malaria,470,0.4
2023-11-20,Voi,Taita-Taveta,Panadol,malaria,881,0.4
2023-11-27,Voi,Taita-Taveta,Panadol,malaria,496,0.4
2023-12-04,Voi,Taita-Taveta,Panadol,malaria,585,0.4
2023-12-11,Voi,Taita-Taveta,Panadol,malaria,349,0.4
2023-12-18,Voi,Taita-Taveta,Panadol,malaria,527,0.4
2023-12-25,Voi,Taita-Taveta,Panadol,malaria,605,0.4
2024-01-01,Voi,Taita-Taveta,Panadol,malaria,322,0.4
2024-01-08,Voi,Taita-Taveta,Panadol,malaria,350,0.4
2024-01-15,Voi,Taita-Taveta,Panadol,malaria,314,0.4
2024-01-22,Voi,Taita-Taveta,Panadol,malaria,473,0.4
2024-01-29,Voi,Taita-Taveta,Panadol,malaria,336,0.4
2024-02-05,Voi,Taita-Taveta,Panadol,malaria,438,0.4
2024-02-12,Voi,Taita-Taveta,Panadol,malaria,341,0.4
2024-02-19,Voi,Taita-Taveta,Panadol,malaria,325,0.4
2024-02-26,Voi,Taita-Taveta,Panadol,malaria,309,0.4
2024-03-04,Voi,Taita-Taveta,Panadol,malaria,243,0.4
2024-03-11,Voi,Taita-Taveta,Panadol,malaria,345,0.4
2024-03-18,Voi,Taita-Taveta,Panadol,malaria,340,0.4
2024-03-25,Voi,Taita-Taveta,Panadol,malaria,1217,0.4
2024-04-01,Voi,Taita-Taveta,Panadol,malaria,1168,0.4
2024-04-08,Voi,Taita-Taveta,Panadol,malaria,1314,0.4
2024-04-15,Voi,Taita-Taveta,Panadol,malaria,1332,0.4
2024-04-22,Voi,Taita-Taveta,Panadol,malaria,1146,0.4
2024-04-29,Voi,Taita-Taveta,Panadol,malaria,751,0.4
2024-05-06,Voi,Taita-Taveta,Panadol,malaria,302,0.4
2024-05-13,Voi,Taita-Taveta,Panadol,malaria,237,0.4
2024-05-20,Voi,Taita-Taveta,Panadol,malaria,258,0.4
2024-05-27,Voi,Taita-Taveta,Panadol,malaria,278,0.4
2024-06-03,Voi,Taita-Taveta,Panadol,malaria,475,0.4
2024-06-10,Voi,Taita-Taveta,Panadol,malaria,448,0.4
2024-06-17,Voi,Taita-Taveta,Panadol,malaria,413,0.4
2024-06-24,Voi,Taita-Taveta,Panadol,malaria,346,0.4
2024-07-01,Voi,Taita-Taveta,Panadol,malaria,341,0.4
2024-07-08,Voi,Taita-Taveta,Panadol,malaria,411,0.4
2024-07-15,Voi,Taita-Taveta,Panadol,malaria,294,0.4
2024-07-22,Voi,Taita-Taveta,Panadol,malaria,206,0.4
2024-07-29,Voi,Taita-Taveta,Panadol,malaria,582,0.4
2024-08-05,Voi,Taita-Taveta,Panadol,malaria,568,0.4
2024-08-12,Voi,Taita-Taveta,Panadol,malaria,896,0.4
2024-08-19,Voi,Taita-Taveta,Panadol,malaria,945,0.4
2024-08-26,Voi,Taita-Taveta,Panadol,malaria,748,0.4
2024-09-02,Voi,Taita-Taveta,Panadol,malaria,711,0.4
2024-09-09,Voi,Taita-Taveta,Panadol,malaria,236,0.4
2024-09-16,Voi,Taita-Taveta,Panadol,malaria,268,0.4
2024-09-23,Voi,Taita-Taveta,Panadol,malaria,230,0.4
2024-09-30,Voi,Taita-Taveta,Panadol,malaria,230,0.4
2024-10-07,Voi,Taita-Taveta,Panadol,malaria,274,0.4
2024-10-14,Voi,Taita-Taveta,Panadol,malaria,275,0.4
2024-10-21,Voi,Taita-Taveta,Panadol,malaria,372,0.4
2024-10-28,Voi,Taita-Taveta,Panadol,malaria,449,0.4
2024-11-04,Voi,Taita-Taveta,Panadol,malaria,461,0.4
2024-11-11,Voi,Taita-Taveta,Panadol,malaria,299,0.4
2024-11-18,Voi,Taita-Taveta,Panadol,malaria,381,0.4
2024-11-25,Voi,Taita-Taveta,Panadol,malaria,273,0.4
2024-12-02,Voi,Taita-Taveta,Panadol,malaria,326,0.4
2024-12-09,Voi,Taita-Taveta,Panadol,malaria,251,0.4
2024-12-16,Voi,Taita-Taveta,Panadol,malaria,249,0.4
2024-12-23,Voi,Taita-Taveta,Panadol,malaria,304,0.4
2024-12-30,Voi,Taita-Taveta,Panadol,malaria,268,0.4
2023-01-02,Voi,Taita-Taveta,Flagyl,gi,77,0.85
2023-01-09,Voi,Taita-Taveta,Flagyl,gi,80,0.85
2023-01-16,Voi,Taita-Taveta,Flagyl,gi,115,0.85
2023-01-23,Voi,Taita-Taveta,Flagyl,gi,138,0.85
2023-01-30,Voi,Taita-Taveta,Flagyl,gi,126,0.85
2023-02-06,Voi,Taita-Taveta,Flagyl,gi,144,0.85
2023-02-13,Voi,Taita-Taveta,Flagyl,gi,130,0.85
2023-02-20,Voi,Taita-Taveta,Flagyl,gi,90,0.85
2023-02-27,Voi,Taita-Taveta,Flagyl,gi,93,0.85
2023-03-06,Voi,Taita-Taveta,Flagyl,gi,116,0.85
2023-03-13,Voi,Taita-Taveta,Flagyl,gi,161,0.85
2023-03-20,Voi,Taita-Taveta,Flagyl,gi,157,0.85
2023-03-27,Voi,Taita-Taveta,Flagyl,gi,154,0.85
2023-04-03,Voi,Taita-Taveta,Flagyl,gi,223,0.85
2023-04-10,Voi,Taita-Taveta,Flagyl,gi,197,0.85
2023-04-17,Voi,Taita-Taveta,Flagyl,gi,102,0.85
2023-04-24,Voi,Taita-Taveta,Flagyl,gi,307,0.85
2023-05-01,Voi,Taita-Taveta,Flagyl,gi,271,0.85
2023-05-08,Voi,Taita-Taveta,Flagyl,gi,225,0.85
2023-05-15,Voi,Taita-Taveta,Flagyl,gi,207,0.85
2023-05-22,Voi,Taita-Taveta,Flagyl,gi,279,0.85
2023-05-29,Voi,Taita-Taveta,Flagyl,gi,305,0.85
2023-06-05,Voi,Taita-Taveta,Flagyl,gi,100,0.85
2023-06-12,Voi,Taita-Taveta,Flagyl,gi,138,0.85
2023-06-19,Voi,Taita-Taveta,Flagyl,gi,80,0.85
2023-06-26,Voi,Taita-Taveta,Flagyl,gi,118,0.85
2023-07-03,Voi,Taita-Taveta,Flagyl,gi,105,0.85
2023-07-10,Voi,Taita-Taveta,Flagyl,gi,83,0.85
2023-07-17,Voi,Taita-Taveta,Flagyl,gi,90,0.85
2023-07-24,Voi,Taita-Taveta,Flagyl,gi,70,0.85
2023-07-31,Voi,Taita-Taveta,Flagyl,gi,101,0.85
2023-08-07,Voi,Taita-Taveta,Flagyl,gi,110,0.85
2023-08-14,Voi,Taita-Taveta,Flagyl,gi,138,0.85
2023-08-21,Voi,Taita-Taveta,Flagyl,gi,105,0.85
2023-08-28,Voi,Taita-Taveta,Flagyl,gi,139,0.85
2023-09-04,Voi,Taita-Taveta,Flagyl,gi,93,0.85
2023-09-11,Voi,Taita-Taveta,Flagyl,gi,189,0.85
2023-09-18,Voi,Taita-Taveta,Flagyl,gi,162,0.85
2023-09-25,Voi,Taita-Taveta,Flagyl,gi,167,0.85
2023-10-02,Voi,Taita-Taveta,Flagyl,gi,140,0.85
2023-10-09,Voi,Taita-Taveta,Flagyl,gi,132,0.85
2023-10-16,Voi,Taita-Taveta,Flagyl,gi,192,0.85
2023-10-23,Voi,Taita-Taveta,Flagyl,gi,101,0.85
2023-10-30,Voi,Taita-Taveta,Flagyl,gi,99,0.85
2023-11-06,Voi,Taita-Taveta,Flagyl,gi,115,0.85
2023-11-13,Voi,Taita-Taveta,Flagyl,gi,88,0.85
2023-11-20,Voi,Taita-Taveta,Flagyl,gi,122,0.85
2023-11-27,Voi,Taita-Taveta,Flagyl,gi,97,0.85
2023-12-04,Voi,Taita-Taveta,Flagyl,gi,85,0.85
2023-12-11,Voi,Taita-Taveta,Flagyl,gi,71,0.85
2023-12-18,Voi,Taita-Taveta,Flagyl,gi,106,0.85
2023-12-25,Voi,Taita-Taveta,Flagyl,gi,120,0.85
2024-01-01,Voi,Taita-Taveta,Flagyl,gi,103,0.85
2024-01-08,Voi,Taita-Taveta,Flagyl,gi,96,0.85
2024-01-15,Voi,Taita-Taveta,Flagyl,gi,89,0.85
2024-01-22,Voi,Taita-Taveta,Flagyl,gi,113,0.85
2024-01-29,Voi,Taita-Taveta,Flagyl,gi,121,0.85
2024-02-05,Voi,Taita-Taveta,Flagyl,gi,127,0.85
2024-02-12,Voi,Taita-Taveta,Flagyl,gi,112,0.85
2024-02-19,Voi,Taita-Taveta,Flagyl,gi,82,0.85
2024-02-26,Voi,Taita-Taveta,Flagyl,gi,78,0.85
2024-03-04,Voi,Taita-Taveta,Flagyl,gi,65,0.85
2024-03-11,Voi,Taita-Taveta,Flagyl,gi,92,0.85
2024-03-18,Voi,Taita-Taveta,Flagyl,gi,106,0.85
2024-03-25,Voi,Taita-Taveta,Flagyl,gi,118,0.85
2024-04-01,Voi,Taita-Taveta,Flagyl,gi,118,0.85
2024-04-08,Voi,Taita-Taveta,Flagyl,gi,80,0.85
2024-04-15,Voi,Taita-Taveta,Flagyl,gi,84,0.85
2024-04-22,Voi,Taita-Taveta,Flagyl,gi,105,0.85
2024-04-29,Voi,Taita-Taveta,Flagyl,gi,221,0.85
2024-05-06,Voi,Taita-Taveta,Flagyl,gi,226,0.85
2024-05-13,Voi,Taita-Taveta,Flagyl,gi,163,0.85
2024-05-20,Voi,Taita-Taveta,Flagyl,gi,163,0.85
2024-05-27,Voi,Taita-Taveta,Flagyl,gi,239,0.85
2024-06-03,Voi,Taita-Taveta,Flagyl,gi,238,0.85
2024-06-10,Voi,Taita-Taveta,Flagyl,gi,106,0.85
2024-06-17,Voi,Taita-Taveta,Flagyl,gi,87,0.85
2024-06-24,Voi,Taita-Taveta,Flagyl,gi,115,0.85
2024-07-01,Voi,Taita-Taveta,Flagyl,gi,111,0.85
2024-07-08,Voi,Taita-Taveta,Flagyl,gi,83,0.85
2024-07-15,Voi,Taita-Taveta,Flagyl,gi,95,0.85
2024-07-22,Voi,Taita-Taveta,Flagyl,gi,79,0.85
2024-07-29,Voi,Taita-Taveta,Flagyl,gi,86,0.85
2024-08-05,Voi,Taita-Taveta,Flagyl,gi,98,0.85
2024-08-12,Voi,Taita-Taveta,Flagyl,gi,122,0.85
2024-08-19,Voi,Taita-Taveta,Flagyl,gi,119,0.85
2024-08-26,Voi,Taita-Taveta,Flagyl,gi,103,0.85
2024-09-02,Voi,Taita-Taveta,Flagyl,gi,110,0.85
2024-09-09,Voi,Taita-Taveta,Flagyl,gi,116,0.85
2024-09-16,Voi,Taita-Taveta,Flagyl,gi,68,0.85
2024-09-23,Voi,Taita-Taveta,Flagyl,gi,73,0.85
2024-09-30,Voi,Taita-Taveta,Flagyl,gi,79,0.85
2024-10-07,Voi,Taita-Taveta,Flagyl,gi,101,0.85
2024-10-14,Voi,Taita-Taveta,Flagyl,gi,112,0.85
2024-10-21,Voi,Taita-Taveta,Flagyl,gi,121,0.85
2024-10-28,Voi,Taita-Taveta,Flagyl,gi,115,0.85
2024-11-04,Voi,Taita-Taveta,Flagyl,gi,97,0.85
2024-11-11,Voi,Taita-Taveta,Flagyl,gi,110,0.85
2024-11-18,Voi,Taita-Taveta,Flagyl,gi,75,0.85
2024-11-25,Voi,Taita-Taveta,Flagyl,gi,116,0.85
2024-12-02,Voi,Taita-Taveta,Flagyl,gi,75,0.85
2024-12-09,Voi,Taita-Taveta,Flagyl,gi,66,0.85
2024-12-16,Voi,Taita-Taveta,Flagyl,gi,99,0.85
2024-12-23,Voi,Taita-Taveta,Flagyl,gi,74,0.85
2024-12-30,Voi,Taita-Taveta,Flagyl,gi,70,0.85
2023-01-02,Voi,Taita-Taveta,ORS,gi,148,0.8
2023-01-09,Voi,Taita-Taveta,ORS,gi,180,0.8
2023-01-16,Voi,Taita-Taveta,ORS,gi,194,0.8
2023-01-23,Voi,Taita-Taveta,ORS,gi,187,0.8
2023-01-30,Voi,Taita-Taveta,ORS,gi,177,0.8
2023-02-06,Voi,Taita-Taveta,ORS,gi,218,0.8
2023-02-13,Voi,Taita-Taveta,ORS,gi,191,0.8
2023-02-20,Voi,Taita-Taveta,ORS,gi,129,0.8
2023-02-27,Voi,Taita-Taveta,ORS,gi,147,0.8
2023-03-06,Voi,Taita-Taveta,ORS,gi,99,0.8
2023-03-13,Voi,Taita-Taveta,ORS,gi,122,0.8
2023-03-20,Voi,Taita-Taveta,ORS,gi,146,0.8
2023-03-27,Voi,Taita-Taveta,ORS,gi,179,0.8
2023-04-03,Voi,Taita-Taveta,ORS,gi,199,0.8
2023-04-10,Voi,Taita-Taveta,ORS,gi,180,0.8
2023-04-17,Voi,Taita-Taveta,ORS,gi,178,0.8
2023-04-24,Voi,Taita-Taveta,ORS,gi,165,0.8
2023-05-01,Voi,Taita-Taveta,ORS,gi,188,0.8
2023-05-08,Voi,Taita-Taveta,ORS,gi,81,0.8
2023-05-15,Voi,Taita-Taveta,ORS,gi,114,0.8
2023-05-22,Voi,Taita-Taveta,ORS,gi,175,0.8
2023-05-29,Voi,Taita-Taveta,ORS,gi,175,0.8
2023-06-05,Voi,Taita-Taveta,ORS,gi,212,0.8
2023-06-12,Voi,Taita-Taveta,ORS,gi,131,0.8
2023-06-19,Voi,Taita-Taveta,ORS,gi,156,0.8
2023-06-26,Voi,Taita-Taveta,ORS,gi,203,0.8
2023-07-03,Voi,Taita-Taveta,ORS,gi,220,0.8
2023-07-10,Voi,Taita-Taveta,ORS,gi,135,0.8
2023-07-17,Voi,Taita-Taveta,ORS,gi,134,0.8
2023-07-24,Voi,Taita-Taveta,ORS,gi,127,0.8
2023-07-31,Voi,Taita-Taveta,ORS,gi,111,0.8
2023-08-07,Voi,Taita-Taveta,ORS,gi,175,0.8
2023-08-14,Voi,Taita-Taveta,ORS,gi,107,0.8
2023-08-21,Voi,Taita-Taveta,ORS,gi,202,0.8
2023-08-28,Voi,Taita-Taveta,ORS,gi,163,0.8
2023-09-04,Voi,Taita-Taveta,ORS,gi,176,0.8
2023-09-11,Voi,Taita-Taveta,ORS,gi,196,0.8
2023-09-18,Voi,Taita-Taveta,ORS,gi,173,0.8
2023-09-25,Voi,Taita-Taveta,ORS,gi,142,0.8
2023-10-02,Voi,Taita-Taveta,ORS,gi,137,0.8
2023-10-09,Voi,Taita-Taveta,ORS,gi,106,0.8
2023-10-16,Voi,Taita-Taveta,ORS,gi,167,0.8
2023-10-23,Voi,Taita-Taveta,ORS,gi,157,0.8
2023-10-30,Voi,Taita-Taveta,ORS,gi,214,0.8
2023-11-06,Voi,Taita-Taveta,ORS,gi,212,0.8
2023-11-13,Voi,Taita-Taveta,ORS,gi,209,0.8
2023-11-20,Voi,Taita-Taveta,ORS,gi,222,0.8
2023-11-27,Voi,Taita-Taveta,ORS,gi,190,0.8
2023-12-04,Voi,Taita-Taveta,ORS,gi,139,0.8
2023-12-11,Voi,Taita-Taveta,ORS,gi,120,0.8
2023-12-18,Voi,Taita-Taveta,ORS,gi,155,0.8
2023-12-25,Voi,Taita-Taveta,ORS,gi,166,0.8
2024-01-01,Voi,Taita-Taveta,ORS,gi,157,0.8
2024-01-08,Voi,Taita-Taveta,ORS,gi,108,0.8
2024-01-15,Voi,Taita-Taveta,ORS,gi,229,0.8
2024-01-22,Voi,Taita-Taveta,ORS,gi,190,0.8
2024-01-29,Voi,Taita-Taveta,ORS,gi,145,0.8
2024-02-05,Voi,Taita-Taveta,ORS,gi,163,0.8
2024-02-12,Voi,Taita-Taveta,ORS,gi,121,0.8
2024-02-19,Voi,Taita-Taveta,ORS,gi,136,0.8
2024-02-26,Voi,Taita-Taveta,ORS,gi,139,0.8
2024-03-04,Voi,Taita-Taveta,ORS,gi,147,0.8
2024-03-11,Voi,Taita-Taveta,ORS,gi,151,0.8
2024-03-18,Voi,Taita-Taveta,ORS,gi,168,0.8
2024-03-25,Voi,Taita-Taveta,ORS,gi,148,0.8
2024-04-01,Voi,Taita-Taveta,ORS,gi,165,0.8
2024-04-08,Voi,Taita-Taveta,ORS,gi,170,0.8
2024-04-15,Voi,Taita-Taveta,ORS,gi,169,0.8
2024-04-22,Voi,Taita-Taveta,ORS,gi,169,0.8
2024-04-29,Voi,Taita-Taveta,ORS,gi,156,0.8
2024-05-06,Voi,Taita-Taveta,ORS,gi,135,0.8
2024-05-13,Voi,Taita-Taveta,ORS,gi,108,0.8
2024-05-20,Voi,Taita-Taveta,ORS,gi,145,0.8
2024-05-27,Voi,Taita-Taveta,ORS,gi,155,0.8
2024-06-03,Voi,Taita-Taveta,ORS,gi,136,0.8
2024-06-10,Voi,Taita-Taveta,ORS,gi,189,0.8
2024-06-17,Voi,Taita-Taveta,ORS,gi,189,0.8
2024-06-24,Voi,Taita-Taveta,ORS,gi,144,0.8
2024-07-01,Voi,Taita-Taveta,ORS,gi,162,0.8
2024-07-08,Voi,Taita-Taveta,ORS,gi,177,0.8
2024-07-15,Voi,Taita-Taveta,ORS,gi,118,0.8
2024-07-22,Voi,Taita-Taveta,ORS,gi,98,0.8
2024-07-29,Voi,Taita-Taveta,ORS,gi,135,0.8
2024-08-05,Voi,Taita-Taveta,ORS,gi,177,0.8
2024-08-12,Voi,Taita-Taveta,ORS,gi,227,0.8
2024-08-19,Voi,Taita-Taveta,ORS,gi,207,0.8
2024-08-26,Voi,Taita-Taveta,ORS,gi,223,0.8
2024-09-02,Voi,Taita-Taveta,ORS,gi,198,0.8
2024-09-09,Voi,Taita-Taveta,ORS,gi,160,0.8
2024-09-16,Voi,Taita-Taveta,ORS,gi,561,0.8
2024-09-23,Voi,Taita-Taveta,ORS,gi,726,0.8
2024-09-30,Voi,Taita-Taveta,ORS,gi,656,0.8
2024-10-07,Voi,Taita-Taveta,ORS,gi,631,0.8
2024-10-14,Voi,Taita-Taveta,ORS,gi,898,0.8
2024-10-21,Voi,Taita-Taveta,ORS,gi,905,0.8
2024-10-28,Voi,Taita-Taveta,ORS,gi,320,0.8
2024-11-04,Voi,Taita-Taveta,ORS,gi,190,0.8
2024-11-11,Voi,Taita-Taveta,ORS,gi,181,0.8
2024-11-18,Voi,Taita-Taveta,ORS,gi,191,0.8
2024-11-25,Voi,Taita-Taveta,ORS,gi,152,0.8
2024-12-02,Voi,Taita-Taveta,ORS,gi,108,0.8
2024-12-09,Voi,Taita-Taveta,ORS,gi,86,0.8
2024-12-16,Voi,Taita-Taveta,ORS,gi,146,0.8
2024-12-23,Voi,Taita-Taveta,ORS,gi,151,0.8
2024-12-30,Voi,Taita-Taveta,ORS,gi,105,0.8
2023-01-02,Voi,Taita-Taveta,Imodium,gi,78,0.7
2023-01-09,Voi,Taita-Taveta,Imodium,gi,74,0.7
2023-01-16,Voi,Taita-Taveta,Imodium,gi,76,0.7
2023-01-23,Voi,Taita-Taveta,Imodium,gi,71,0.7
2023-01-30,Voi,Taita-Taveta,Imodium,gi,73,0.7
2023-02-06,Voi,Taita-Taveta,Imodium,gi,84,0.7
2023-02-13,Voi,Taita-Taveta,Imodium,gi,59,0.7
2023-02-20,Voi,Taita-Taveta,Imodium,gi,65,0.7
2023-02-27,Voi,Taita-Taveta,Imodium,gi,65,0.7
2023-03-06,Voi,Taita-Taveta,Imodium,gi,55,0.7
2023-03-13,Voi,Taita-Taveta,Imodium,gi,55,0.7
2023-03-20,Voi,Taita-Taveta,Imodium,gi,60,0.7
2023-03-27,Voi,Taita-Taveta,Imodium,gi,67,0.7
2023-04-03,Voi,Taita-Taveta,Imodium,gi,82,0.7
2023-04-10,Voi,Taita-Taveta,Imodium,gi,114,0.7
2023-04-17,Voi,Taita-Taveta,Imodium,gi,98,0.7
2023-04-24,Voi,Taita-Taveta,Imodium,gi,83,0.7
2023-05-01,Voi,Taita-Taveta,Imodium,gi,79,0.7
2023-05-08,Voi,Taita-Taveta,Imodium,gi,74,0.7
2023-05-15,Voi,Taita-Taveta,Imodium,gi,59,0.7
2023-05-22,Voi,Taita-Taveta,Imodium,gi,61,0.7
2023-05-29,Voi,Taita-Taveta,Imodium,gi,64,0.7
2023-06-05,Voi,Taita-Taveta,Imodium,gi,79,0.7
2023-06-12,Voi,Taita-Taveta,Imodium,gi,98,0.7
2023-06-19,Voi,Taita-Taveta,Imodium,gi,83,0.7
2023-06-26,Voi,Taita-Taveta,Imodium,gi,71,0.7
2023-07-03,Voi,Taita-Taveta,Imodium,gi,59,0.7
2023-07-10,Voi,Taita-Taveta,Imodium,gi,72,0.7
2023-07-17,Voi,Taita-Taveta,Imodium,gi,54,0.7
2023-07-24,Voi,Taita-Taveta,Imodium,gi,50,0.7
2023-07-31,Voi,Taita-Taveta,Imodium,gi,78,0.7
2023-08-07,Voi,Taita-Taveta,Imodium,gi,72,0.7
2023-08-14,Voi,Taita-Taveta,Imodium,gi,71,0.7
2023-08-21,Voi,Taita-Taveta,Imodium,gi,89,0.7
2023-08-28,Voi,Taita-Taveta,Imodium,gi,111,0.7
2023-09-04,Voi,Taita-Taveta,Imodium,gi,83,0.7
2023-09-11,Voi,Taita-Taveta,Imodium,gi,52,0.7
2023-09-18,Voi,Taita-Taveta,Imodium,gi,80,0.7
2023-09-25,Voi,Taita-Taveta,Imodium,gi,67,0.7
2023-10-02,Voi,Taita-Taveta,Imodium,gi,55,0.7
2023-10-09,Voi,Taita-Taveta,Imodium,gi,62,0.7
2023-10-16,Voi,Taita-Taveta,Imodium,gi,64,0.7
2023-10-23,Voi,Taita-Taveta,Imodium,gi,98,0.7
2023-10-30,Voi,Taita-Taveta,Imodium,gi,61,0.7
2023-11-06,Voi,Taita-Taveta,Imodium,gi,82,0.7
2023-11-13,Voi,Taita-Taveta,Imodium,gi,81,0.7
2023-11-20,Voi,Taita-Taveta,Imodium,gi,90,0.7
2023-11-27,Voi,Taita-Taveta,Imodium,gi,87,0.7
2023-12-04,Voi,Taita-Taveta,Imodium,gi,62,0.7
2023-12-11,Voi,Taita-Taveta,Imodium,gi,56,0.7
2023-12-18,Voi,Taita-Taveta,Imodium,gi,67,0.7
2023-12-25,Voi,Taita-Taveta,Imodium,gi,85,0.7
2024-01-01,Voi,Taita-Taveta,Imodium,gi,74,0.7
2024-01-08,Voi,Taita-Taveta,Imodium,gi,67,0.7
2024-01-15,Voi,Taita-Taveta,Imodium,gi,85,0.7
2024-01-22,Voi,Taita-Taveta,Imodium,gi,90,0.7
2024-01-29,Voi,Taita-Taveta,Imodium,gi,85,0.7
2024-02-05,Voi,Taita-Taveta,Imodium,gi,90,0.7
2024-02-12,Voi,Taita-Taveta,Imodium,gi,80,0.7
2024-02-19,Voi,Taita-Taveta,Imodium,gi,75,0.7
2024-02-26,Voi,Taita-Taveta,Imodium,gi,51,0.7
2024-03-04,Voi,Taita-Taveta,Imodium,gi,47,0.7
2024-03-11,Voi,Taita-Taveta,Imodium,gi,72,0.7
2024-03-18,Voi,Taita-Taveta,Imodium,gi,179,0.7
2024-03-25,Voi,Taita-Taveta,Imodium,gi,257,0.7
2024-04-01,Voi,Taita-Taveta,Imodium,gi,251,0.7
2024-04-08,Voi,Taita-Taveta,Imodium,gi,299,0.7
2024-04-15,Voi,Taita-Taveta,Imodium,gi,279,0.7
2024-04-22,Voi,Taita-Taveta,Imodium,gi,224,0.7
2024-04-29,Voi,Taita-Taveta,Imodium,gi,71,0.7
2024-05-06,Voi,Taita-Taveta,Imodium,gi,45,0.7
2024-05-13,Voi,Taita-Taveta,Imodium,gi,53,0.7
2024-05-20,Voi,Taita-Taveta,Imodium,gi,52,0.7
2024-05-27,Voi,Taita-Taveta,Imodium,gi,71,0.7
2024-06-03,Voi,Taita-Taveta,Imodium,gi,73,0.7
2024-06-10,Voi,Taita-Taveta,Imodium,gi,74,0.7
2024-06-17,Voi,Taita-Taveta,Imodium,gi,102,0.7
2024-06-24,Voi,Taita-Taveta,Imodium,gi,69,0.7
2024-07-01,Voi,Taita-Taveta,Imodium,gi,69,0.7
2024-07-08,Voi,Taita-Taveta,Imodium,gi,65,0.7
2024-07-15,Voi,Taita-Taveta,Imodium,gi,59,0.7
2024-07-22,Voi,Taita-Taveta,Imodium,gi,47,0.7
2024-07-29,Voi,Taita-Taveta,Imodium,gi,61,0.7
2024-08-05,Voi,Taita-Taveta,Imodium,gi,76,0.7
2024-08-12,Voi,Taita-Taveta,Imodium,gi,88,0.7
2024-08-19,Voi,Taita-Taveta,Imodium,gi,93,0.7
2024-08-26,Voi,Taita-Taveta,Imodium,gi,62,0.7
2024-09-02,Voi,Taita-Taveta,Imodium,gi,90,0.7
2024-09-09,Voi,Taita-Taveta,Imodium,gi,86,0.7
2024-09-16,Voi,Taita-Taveta,Imodium,gi,66,0.7
2024-09-23,Voi,Taita-Taveta,Imodium,gi,80,0.7
2024-09-30,Voi,Taita-Taveta,Imodium,gi,63,0.7
2024-10-07,Voi,Taita-Taveta,Imodium,gi,167,0.7
2024-10-14,Voi,Taita-Taveta,Imodium,gi,178,0.7
2024-10-21,Voi,Taita-Taveta,Imodium,gi,269,0.7
2024-10-28,Voi,Taita-Taveta,Imodium,gi,227,0.7
2024-11-04,Voi,Taita-Taveta,Imodium,gi,235,0.7
2024-11-11,Voi,Taita-Taveta,Imodium,gi,230,0.7
2024-11-18,Voi,Taita-Taveta,Imodium,gi,108,0.7
2024-11-25,Voi,Taita-Taveta,Imodium,gi,71,0.7
2024-12-02,Voi,Taita-Taveta,Imodium,gi,64,0.7
2024-12-09,Voi,Taita-Taveta,Imodium,gi,47,0.7
2024-12-16,Voi,Taita-Taveta,Imodium,gi,60,0.7
2024-12-23,Voi,Taita-Taveta,Imodium,gi,62,0.7
2024-12-30,Voi,Taita-Taveta,Imodium,gi,56,0.7
2023-01-02,Voi,Taita-Taveta,Septrin,respiratory,27,0.8
2023-01-09,Voi,Taita-Taveta,Septrin,respiratory,50,0.8
2023-01-16,Voi,Taita-Taveta,Septrin,respiratory,38,0.8
2023-01-23,Voi,Taita-Taveta,Septrin,respiratory,39,0.8
2023-01-30,Voi,Taita-Taveta,Septrin,respiratory,38,0.8
2023-02-06,Voi,Taita-Taveta,Septrin,respiratory,53,0.8
2023-02-13,Voi,Taita-Taveta,Septrin,respiratory,56,0.8
2023-02-20,Voi,Taita-Taveta,Septrin,respiratory,54,0.8
2023-02-27,Voi,Taita-Taveta,Septrin,respiratory,73,0.8
2023-03-06,Voi,Taita-Taveta,Septrin,respiratory,59,0.8
2023-03-13,Voi,Taita-Taveta,Septrin,respiratory,47,0.8
2023-03-20,Voi,Taita-Taveta,Septrin,respiratory,126,0.8
2023-03-27,Voi,Taita-Taveta,Septrin,respiratory,144,0.8
2023-04-03,Voi,Taita-Taveta,Septrin,respiratory,130,0.8
2023-04-10,Voi,Taita-Taveta,Septrin,respiratory,121,0.8
2023-04-17,Voi,Taita-Taveta,Septrin,respiratory,116,0.8
2023-04-24,Voi,Taita-Taveta,Septrin,respiratory,107,0.8
2023-05-01,Voi,Taita-Taveta,Septrin,respiratory,43,0.8
2023-05-08,Voi,Taita-Taveta,Septrin,respiratory,38,0.8
2023-05-15,Voi,Taita-Taveta,Septrin,respiratory,30,0.8
2023-05-22,Voi,Taita-Taveta,Septrin,respiratory,29,0.8
2023-05-29,Voi,Taita-Taveta,Septrin,respiratory,45,0.8
2023-06-05,Voi,Taita-Taveta,Septrin,respiratory,25,0.8
2023-06-12,Voi,Taita-Taveta,Septrin,respiratory,36,0.8
2023-06-19,Voi,Taita-Taveta,Septrin,respiratory,54,0.8
2023-06-26,Voi,Taita-Taveta,Septrin,respiratory,49,0.8
2023-07-03,Voi,Taita-Taveta,Septrin,respiratory,51,0.8
2023-07-10,Voi,Taita-Taveta,Septrin,respiratory,44,0.8
2023-07-17,Voi,Taita-Taveta,Septrin,respiratory,78,0.8
2023-07-24,Voi,Taita-Taveta,Septrin,respiratory,75,0.8
2023-07-31,Voi,Taita-Taveta,Septrin,respiratory,69,0.8
2023-08-07,Voi,Taita-Taveta,Septrin,respiratory,59,0.8
2023-08-14,Voi,Taita-Taveta,Septrin,respiratory,57,0.8
2023-08-21,Voi,Taita-Taveta,Septrin,respiratory,45,0.8
2023-08-28,Voi,Taita-Taveta,Septrin,respiratory,32,0.8
2023-09-04,Voi,Taita-Taveta,Septrin,respiratory,43,0.8
2023-09-11,Voi,Taita-Taveta,Septrin,respiratory,37,0.8
2023-09-18,Voi,Taita-Taveta,Septrin,respiratory,40,0.8
2023-09-25,Voi,Taita-Taveta,Septrin,respiratory,37,0.8
2023-10-02,Voi,Taita-Taveta,Septrin,respiratory,40,0.8
2023-10-09,Voi,Taita-Taveta,Septrin,respiratory,37,0.8
2023-10-16,Voi,Taita-Taveta,Septrin,respiratory,37,0.8
2023-10-23,Voi,Taita-Taveta,Septrin,respiratory,38,0.8
2023-10-30,Voi,Taita-Taveta,Septrin,respiratory,54,0.8
2023-11-06,Voi,Taita-Taveta,Septrin,respiratory,42,0.8
2023-11-13,Voi,Taita-Taveta,Septrin,respiratory,63,0.8
2023-11-20,Voi,Taita-Taveta,Septrin,respiratory,53,0.8
2023-11-27,Voi,Taita-Taveta,Septrin,respiratory,56,0.8
2023-12-04,Voi,Taita-Taveta,Septrin,respiratory,52,0.8
2023-12-11,Voi,Taita-Taveta,Septrin,respiratory,79,0.8
2023-12-18,Voi,Taita-Taveta,Septrin,respiratory,54,0.8
2023-12-25,Voi,Taita-Taveta,Septrin,respiratory,75,0.8
2024-01-01,Voi,Taita-Taveta,Septrin,respiratory,32,0.8
2024-01-08,Voi,Taita-Taveta,Septrin,respiratory,42,0.8
2024-01-15,Voi,Taita-Taveta,Septrin,respiratory,29,0.8
2024-01-22,Voi,Taita-Taveta,Septrin,respiratory,35,0.8
2024-01-29,Voi,Taita-Taveta,Septrin,respiratory,38,0.8
2024-02-05,Voi,Taita-Taveta,Septrin,respiratory,126,0.8
2024-02-12,Voi,Taita-Taveta,Septrin,respiratory,157,0.8
2024-02-19,Voi,Taita-Taveta,Septrin,respiratory,174,0.8
2024-02-26,Voi,Taita-Taveta,Septrin,respiratory,213,0.8
2024-03-04,Voi,Taita-Taveta,Septrin,respiratory,133,0.8
2024-03-11,Voi,Taita-Taveta,Septrin,respiratory,174,0.8
2024-03-18,Voi,Taita-Taveta,Septrin,respiratory,70,0.8
2024-03-25,Voi,Taita-Taveta,Septrin,respiratory,57,0.8
2024-04-01,Voi,Taita-Taveta,Septrin,respiratory,54,0.8
2024-04-08,Voi,Taita-Taveta,Septrin,respiratory,42,0.8
2024-04-15,Voi,Taita-Taveta,Septrin,respiratory,31,0.8
2024-04-22,Voi,Taita-Taveta,Septrin,respiratory,41,0.8
2024-04-29,Voi,Taita-Taveta,Septrin,respiratory,38,0.8
2024-05-06,Voi,Taita-Taveta,Septrin,respiratory,50,0.8
2024-05-13,Voi,Taita-Taveta,Septrin,respiratory,42,0.8
2024-05-20,Voi,Taita-Taveta,Septrin,respiratory,40,0.8
2024-05-27,Voi,Taita-Taveta,Septrin,respiratory,41,0.8
2024-06-03,Voi,Taita-Taveta,Septrin,respiratory,40,0.8
2024-06-10,Voi,Taita-Taveta,Septrin,respiratory,40,0.8
2024-06-17,Voi,Taita-Taveta,Septrin,respiratory,36,0.8
2024-06-24,Voi,Taita-Taveta,Septrin,respiratory,154,0.8
2024-07-01,Voi,Taita-Taveta,Septrin,respiratory,189,0.8
2024-07-08,Voi,Taita-Taveta,Septrin,respiratory,212,0.8
2024-07-15,Voi,Taita-Taveta,Septrin,respiratory,222,0.8
2024-07-22,Voi,Taita-Taveta,Septrin,respiratory,244,0.8
2024-07-29,Voi,Taita-Taveta,Septrin,respiratory,228,0.8
2024-08-05,Voi,Taita-Taveta,Septrin,respiratory,64,0.8
2024-08-12,Voi,Taita-Taveta,Septrin,respiratory,44,0.8
2024-08-19,Voi,Taita-Taveta,Septrin,respiratory,38,0.8
2024-08-26,Voi,Taita-Taveta,Septrin,respiratory,36,0.8
2024-09-02,Voi,Taita-Taveta,Septrin,respiratory,38,0.8
2024-09-09,Voi,Taita-Taveta,Septrin,respiratory,45,0.8
2024-09-16,Voi,Taita-Taveta,Septrin,respiratory,22,0.8
2024-09-23,Voi,Taita-Taveta,Septrin,respiratory,32,0.8
2024-09-30,Voi,Taita-Taveta,Septrin,respiratory,36,0.8
2024-10-07,Voi,Taita-Taveta,Septrin,respiratory,32,0.8
2024-10-14,Voi,Taita-Taveta,Septrin,respiratory,33,0.8
2024-10-21,Voi,Taita-Taveta,Septrin,respiratory,35,0.8
2024-10-28,Voi,Taita-Taveta,Septrin,respiratory,32,0.8
2024-11-04,Voi,Taita-Taveta,Septrin,respiratory,33,0.8
2024-11-11,Voi,Taita-Taveta,Septrin,respiratory,55,0.8
2024-11-18,Voi,Taita-Taveta,Septrin,respiratory,58,0.8
2024-11-25,Voi,Taita-Taveta,Septrin,respiratory,65,0.8
2024-12-02,Voi,Taita-Taveta,Septrin,respiratory,62,0.8
2024-12-09,Voi,Taita-Taveta,Septrin,respiratory,73,0.8
2024-12-16,Voi,Taita-Taveta,Septrin,respiratory,70,0.8
2024-12-23,Voi,Taita-Taveta,Septrin,respiratory,64,0.8
2024-12-30,Voi,Taita-Taveta,Septrin,respiratory,34,0.8
2023-01-02,Voi,Taita-Taveta,Amoxicillin,respiratory,28,0.75
2023-01-09,Voi,Taita-Taveta,Amoxicillin,respiratory,27,0.75
2023-01-16,Voi,Taita-Taveta,Amoxicillin,respiratory,24,0.75
2023-01-23,Voi,Taita-Taveta,Amoxicillin,respiratory,24,0.75
2023-01-30,Voi,Taita-Taveta,Amoxicillin,respiratory,25,0.75
2023-02-06,Voi,Taita-Taveta,Amoxicillin,respiratory,34,0.75
2023-02-13,Voi,Taita-Taveta,Amoxicillin,respiratory,44,0.75
2023-02-20,Voi,Taita-Taveta,Amoxicillin,respiratory,44,0.75
2023-02-27,Voi,Taita-Taveta,Amoxicillin,respiratory,46,0.75
2023-03-06,Voi,Taita-Taveta,Amoxicillin,respiratory,55,0.75
2023-03-13,Voi,Taita-Taveta,Amoxicillin,respiratory,46,0.75
2023-03-20,Voi,Taita-Taveta,Amoxicillin,respiratory,40,0.75
2023-03-27,Voi,Taita-Taveta,Amoxicillin,respiratory,33,0.75
2023-04-03,Voi,Taita-Taveta,Amoxicillin,respiratory,40,0.75
2023-04-10,Voi,Taita-Taveta,Amoxicillin,respiratory,26,0.75
2023-04-17,Voi,Taita-Taveta,Amoxicillin,respiratory,25,0.75
2023-04-24,Voi,Taita-Taveta,Amoxicillin,respiratory,25,0.75
2023-05-01,Voi,Taita-Taveta,Amoxicillin,respiratory,33,0.75
2023-05-08,Voi,Taita-Taveta,Amoxicillin,respiratory,25,0.75
2023-05-15,Voi,Taita-Taveta,Amoxicillin,respiratory,32,0.75
2023-05-22,Voi,Taita-Taveta,Amoxicillin,respiratory,27,0.75
2023-05-29,Voi,Taita-Taveta,Amoxicillin,respiratory,23,0.75
2023-06-05,Voi,Taita-Taveta,Amoxicillin,respiratory,26,0.75
2023-06-12,Voi,Taita-Taveta,Amoxicillin,respiratory,27,0.75
2023-06-19,Voi,Taita-Taveta,Amoxicillin,respiratory,27,0.75
2023-06-26,Voi,Taita-Taveta,Amoxicillin,respiratory,33,0.75
2023-07-03,Voi,Taita-Taveta,Amoxicillin,respiratory,37,0.75
2023-07-10,Voi,Taita-Taveta,Amoxicillin,respiratory,38,0.75
2023-07-17,Voi,Taita-Taveta,Amoxicillin,respiratory,46,0.75
2023-07-24,Voi,Taita-Taveta,Amoxicillin,respiratory,51,0.75
2023-07-31,Voi,Taita-Taveta,Amoxicillin,respiratory,36,0.75
2023-08-07,Voi,Taita-Taveta,Amoxicillin,respiratory,51,0.75
2023-08-14,Voi,Taita-Taveta,Amoxicillin,respiratory,17,0.75
2023-08-21,Voi,Taita-Taveta,Amoxicillin,respiratory,34,0.75
2023-08-28,Voi,Taita-Taveta,Amoxicillin,respiratory,29,0.75
2023-09-04,Voi,Taita-Taveta,Amoxicillin,respiratory,55,0.75
2023-09-11,Voi,Taita-Taveta,Amoxicillin,respiratory,42,0.75
2023-09-18,Voi,Taita-Taveta,Amoxicillin,respiratory,60,0.75
2023-09-25,Voi,Taita-Taveta,Amoxicillin,respiratory,62,0.75
2023-10-02,Voi,Taita-Taveta,Amoxicillin,respiratory,50,0.75
2023-10-09,Voi,Taita-Taveta,Amoxicillin,respiratory,53,0.75
2023-10-16,Voi,Taita-Taveta,Amoxicillin,respiratory,31,0.75
2023-10-23,Voi,Taita-Taveta,Amoxicillin,respiratory,28,0.75
2023-10-30,Voi,Taita-Taveta,Amoxicillin,respiratory,21,0.75
2023-11-06,Voi,Taita-Taveta,Amoxicillin,respiratory,29,0.75
2023-11-13,Voi,Taita-Taveta,Amoxicillin,respiratory,29,0.75
2023-11-20,Voi,Taita-Taveta,Amoxicillin,respiratory,34,0.75
2023-11-27,Voi,Taita-Taveta,Amoxicillin,respiratory,123,0.75
2023-12-04,Voi,Taita-Taveta,Amoxicillin,respiratory,129,0.75
2023-12-11,Voi,Taita-Taveta,Amoxicillin,respiratory,122,0.75
2023-12-18,Voi,Taita-Taveta,Amoxicillin,respiratory,118,0.75
2023-12-25,Voi,Taita-Taveta,Amoxicillin,respiratory,115,0.75
2024-01-01,Voi,Taita-Taveta,Amoxicillin,respiratory,67,0.75
2024-01-08,Voi,Taita-Taveta,Amoxicillin,respiratory,95,0.75
2024-01-15,Voi,Taita-Taveta,Amoxicillin,respiratory,62,0.75
2024-01-22,Voi,Taita-Taveta,Amoxicillin,respiratory,79,0.75
2024-01-29,Voi,Taita-Taveta,Amoxicillin,respiratory,64,0.75
2024-02-05,Voi,Taita-Taveta,Amoxicillin,respiratory,113,0.75
2024-02-12,Voi,Taita-Taveta,Amoxicillin,respiratory,111,0.75
2024-02-19,Voi,Taita-Taveta,Amoxicillin,respiratory,36,0.75
2024-02-26,Voi,Taita-Taveta,Amoxicillin,respiratory,51,0.75
2024-03-04,Voi,Taita-Taveta,Amoxicillin,respiratory,31,0.75
2024-03-11,Voi,Taita-Taveta,Amoxicillin,respiratory,92,0.75
2024-03-18,Voi,Taita-Taveta,Amoxicillin,respiratory,98,0.75
2024-03-25,Voi,Taita-Taveta,Amoxicillin,respiratory,77,0.75
2024-04-01,Voi,Taita-Taveta,Amoxicillin,respiratory,60,0.75
2024-04-08,Voi,Taita-Taveta,Amoxicillin,respiratory,43,0.75
2024-04-15,Voi,Taita-Taveta,Amoxicillin,respiratory,62,0.75
2024-04-22,Voi,Taita-Taveta,Amoxicillin,respiratory,31,0.75
2024-04-29,Voi,Taita-Taveta,Amoxicillin,respiratory,25,0.75
2024-05-06,Voi,Taita-Taveta,Amoxicillin,respiratory,25,0.75
2024-05-13,Voi,Taita-Taveta,Amoxicillin,respiratory,32,0.75
2024-05-20,Voi,Taita-Taveta,Amoxicillin,respiratory,30,0.75
2024-05-27,Voi,Taita-Taveta,Amoxicillin,respiratory,20,0.75
2024-06-03,Voi,Taita-Taveta,Amoxicillin,respiratory,27,0.75
2024-06-10,Voi,Taita-Taveta,Amoxicillin,respiratory,27,0.75
2024-06-17,Voi,Taita-Taveta,Amoxicillin,respiratory,29,0.75
2024-06-24,Voi,Taita-Taveta,Amoxicillin,respiratory,33,0.75
2024-07-01,Voi,Taita-Taveta,Amoxicillin,respiratory,36,0.75
2024-07-08,Voi,Taita-Taveta,Amoxicillin,respiratory,44,0.75
2024-07-15,Voi,Taita-Taveta,Amoxicillin,respiratory,43,0.75
2024-07-22,Voi,Taita-Taveta,Amoxicillin,respiratory,71,0.75
2024-07-29,Voi,Taita-Taveta,Amoxicillin,respiratory,47,0.75
2024-08-05,Voi,Taita-Taveta,Amoxicillin,respiratory,43,0.75
2024-08-12,Voi,Taita-Taveta,Amoxicillin,respiratory,50,0.75
2024-08-19,Voi,Taita-Taveta,Amoxicillin,respiratory,27,0.75
2024-08-26,Voi,Taita-Taveta,Amoxicillin,respiratory,27,0.75
2024-09-02,Voi,Taita-Taveta,Amoxicillin,respiratory,24,0.75
2024-09-09,Voi,Taita-Taveta,Amoxicillin,respiratory,30,0.75
2024-09-16,Voi,Taita-Taveta,Amoxicillin,respiratory,25,0.75
2024-09-23,Voi,Taita-Taveta,Amoxicillin,respiratory,30,0.75
2024-09-30,Voi,Taita-Taveta,Amoxicillin,respiratory,30,0.75
2024-10-07,Voi,Taita-Taveta,Amoxicillin,respiratory,31,0.75
2024-10-14,Voi,Taita-Taveta,Amoxicillin,respiratory,30,0.75
2024-10-21,Voi,Taita-Taveta,Amoxicillin,respiratory,27,0.75
2024-10-28,Voi,Taita-Taveta,Amoxicillin,respiratory,22,0.75
2024-11-04,Voi,Taita-Taveta,Amoxicillin,respiratory,32,0.75
2024-11-11,Voi,Taita-Taveta,Amoxicillin,respiratory,41,0.75
2024-11-18,Voi,Taita-Taveta,Amoxicillin,respiratory,33,0.75
2024-11-25,Voi,Taita-Taveta,Amoxicillin,respiratory,48,0.75
2024-12-02,Voi,Taita-Taveta,Amoxicillin,respiratory,38,0.75
2024-12-09,Voi,Taita-Taveta,Amoxicillin,respiratory,48,0.75
2024-12-16,Voi,Taita-Taveta,Amoxicillin,respiratory,49,0.75
2024-12-23,Voi,Taita-Taveta,Amoxicillin,respiratory,40,0.75
2024-12-30,Voi,Taita-Taveta,Amoxicillin,respiratory,28,0.75
2023-01-02,Voi,Taita-Taveta,Piriton,respiratory,37,0.5
2023-01-09,Voi,Taita-Taveta,Piriton,respiratory,31,0.5
2023-01-16,Voi,Taita-Taveta,Piriton,respiratory,32,0.5
2023-01-23,Voi,Taita-Taveta,Piriton,respiratory,30,0.5
2023-01-30,Voi,Taita-Taveta,Piriton,respiratory,28,0.5
2023-02-06,Voi,Taita-Taveta,Piriton,respiratory,95,0.5
2023-02-13,Voi,Taita-Taveta,Piriton,respiratory,127,0.5
2023-02-20,Voi,Taita-Taveta,Piriton,respiratory,135,0.5
2023-02-27,Voi,Taita-Taveta,Piriton,respiratory,159,0.5
2023-03-06,Voi,Taita-Taveta,Piriton,respiratory,151,0.5
2023-03-13,Voi,Taita-Taveta,Piriton,respiratory,149,0.5
2023-03-20,Voi,Taita-Taveta,Piriton,respiratory,55,0.5
2023-03-27,Voi,Taita-Taveta,Piriton,respiratory,56,0.5
2023-04-03,Voi,Taita-Taveta,Piriton,respiratory,48,0.5
2023-04-10,Voi,Taita-Taveta,Piriton,respiratory,87,0.5
2023-04-17,Voi,Taita-Taveta,Piriton,respiratory,82,0.5
2023-04-24,Voi,Taita-Taveta,Piriton,respiratory,96,0.5
2023-05-01,Voi,Taita-Taveta,Piriton,respiratory,78,0.5
2023-05-08,Voi,Taita-Taveta,Piriton,respiratory,76,0.5
2023-05-15,Voi,Taita-Taveta,Piriton,respiratory,97,0.5
2023-05-22,Voi,Taita-Taveta,Piriton,respiratory,19,0.5
2023-05-29,Voi,Taita-Taveta,Piriton,respiratory,31,0.5
2023-06-05,Voi,Taita-Taveta,Piriton,respiratory,39,0.5
2023-06-12,Voi,Taita-Taveta,Piriton,respiratory,37,0.5
2023-06-19,Voi,Taita-Taveta,Piriton,respiratory,45,0.5
2023-06-26,Voi,Taita-Taveta,Piriton,respiratory,40,0.5
2023-07-03,Voi,Taita-Taveta,Piriton,respiratory,43,0.5
2023-07-10,Voi,Taita-Taveta,Piriton,respiratory,48,0.5
2023-07-17,Voi,Taita-Taveta,Piriton,respiratory,57,0.5
2023-07-24,Voi,Taita-Taveta,Piriton,respiratory,69,0.5
2023-07-31,Voi,Taita-Taveta,Piriton,respiratory,67,0.5
2023-08-07,Voi,Taita-Taveta,Piriton,respiratory,50,0.5
2023-08-14,Voi,Taita-Taveta,Piriton,respiratory,48,0.5
2023-08-21,Voi,Taita-Taveta,Piriton,respiratory,36,0.5
2023-08-28,Voi,Taita-Taveta,Piriton,respiratory,30,0.5
2023-09-04,Voi,Taita-Taveta,Piriton,respiratory,38,0.5
2023-09-11,Voi,Taita-Taveta,Piriton,respiratory,40,0.5
2023-09-18,Voi,Taita-Taveta,Piriton,respiratory,29,0.5
2023-09-25,Voi,Taita-Taveta,Piriton,respiratory,34,0.5
2023-10-02,Voi,Taita-Taveta,Piriton,respiratory,31,0.5
2023-10-09,Voi,Taita-Taveta,Piriton,respiratory,37,0.5
2023-10-16,Voi,Taita-Taveta,Piriton,respiratory,31,0.5
2023-10-23,Voi,Taita-Taveta,Piriton,respiratory,23,0.5
2023-10-30,Voi,Taita-Taveta,Piriton,respiratory,37,0.5
2023-11-06,Voi,Taita-Taveta,Piriton,respiratory,31,0.5
2023-11-13,Voi,Taita-Taveta,Piriton,respiratory,38,0.5
2023-11-20,Voi,Taita-Taveta,Piriton,respiratory,49,0.5
2023-11-27,Voi,Taita-Taveta,Piriton,respiratory,54,0.5
2023-12-04,Voi,Taita-Taveta,Piriton,respiratory,58,0.5
2023-12-11,Voi,Taita-Taveta,Piriton,respiratory,42,0.5
2023-12-18,Voi,Taita-Taveta,Piriton,respiratory,59,0.5
2023-12-25,Voi,Taita-Taveta,Piriton,respiratory,36,0.5
2024-01-01,Voi,Taita-Taveta,Piriton,respiratory,36,0.5
2024-01-08,Voi,Taita-Taveta,Piriton,respiratory,38,0.5
2024-01-15,Voi,Taita-Taveta,Piriton,respiratory,26,0.5
2024-01-22,Voi,Taita-Taveta,Piriton,respiratory,34,0.5
2024-01-29,Voi,Taita-Taveta,Piriton,respiratory,38,0.5
2024-02-05,Voi,Taita-Taveta,Piriton,respiratory,37,0.5
2024-02-12,Voi,Taita-Taveta,Piriton,respiratory,51,0.5
2024-02-19,Voi,Taita-Taveta,Piriton,respiratory,30,0.5
2024-02-26,Voi,Taita-Taveta,Piriton,respiratory,63,0.5
2024-03-04,Voi,Taita-Taveta,Piriton,respiratory,55,0.5
2024-03-11,Voi,Taita-Taveta,Piriton,respiratory,52,0.5
2024-03-18,Voi,Taita-Taveta,Piriton,respiratory,119,0.5
2024-03-25,Voi,Taita-Taveta,Piriton,respiratory,118,0.5
2024-04-01,Voi,Taita-Taveta,Piriton,respiratory,86,0.5
2024-04-08,Voi,Taita-Taveta,Piriton,respiratory,82,0.5
2024-04-15,Voi,Taita-Taveta,Piriton,respiratory,51,0.5
2024-04-22,Voi,Taita-Taveta,Piriton,respiratory,73,0.5
2024-04-29,Voi,Taita-Taveta,Piriton,respiratory,32,0.5
2024-05-06,Voi,Taita-Taveta,Piriton,respiratory,29,0.5
2024-05-13,Voi,Taita-Taveta,Piriton,respiratory,23,0.5
2024-05-20,Voi,Taita-Taveta,Piriton,respiratory,35,0.5
2024-05-27,Voi,Taita-Taveta,Piriton,respiratory,37,0.5
2024-06-03,Voi,Taita-Taveta,Piriton,respiratory,39,0.5
2024-06-10,Voi,Taita-Taveta,Piriton,respiratory,38,0.5
2024-06-17,Voi,Taita-Taveta,Piriton,respiratory,29,0.5
2024-06-24,Voi,Taita-Taveta,Piriton,respiratory,47,0.5
2024-07-01,Voi,Taita-Taveta,Piriton,respiratory,55,0.5
2024-07-08,Voi,Taita-Taveta,Piriton,respiratory,49,0.5
2024-07-15,Voi,Taita-Taveta,Piriton,respiratory,54,0.5
2024-07-22,Voi,Taita-Taveta,Piriton,respiratory,48,0.5
2024-07-29,Voi,Taita-Taveta,Piriton,respiratory,66,0.5
2024-08-05,Voi,Taita-Taveta,Piriton,respiratory,39,0.5
2024-08-12,Voi,Taita-Taveta,Piriton,respiratory,50,0.5
2024-08-19,Voi,Taita-Taveta,Piriton,respiratory,36,0.5
2024-08-26,Voi,Taita-Taveta,Piriton,respiratory,27,0.5
2024-09-02,Voi,Taita-Taveta,Piriton,respiratory,23,0.5
2024-09-09,Voi,Taita-Taveta,Piriton,respiratory,31,0.5
2024-09-16,Voi,Taita-Taveta,Piriton,respiratory,26,0.5
2024-09-23,Voi,Taita-Taveta,Piriton,respiratory,33,0.5
2024-09-30,Voi,Taita-Taveta,Piriton,respiratory,41,0.5
2024-10-07,Voi,Taita-Taveta,Piriton,respiratory,33,0.5
2024-10-14,Voi,Taita-Taveta,Piriton,respiratory,42,0.5
2024-10-21,Voi,Taita-Taveta,Piriton,respiratory,28,0.5
2024-10-28,Voi,Taita-Taveta,Piriton,respiratory,26,0.5
2024-11-04,Voi,Taita-Taveta,Piriton,respiratory,27,0.5
2024-11-11,Voi,Taita-Taveta,Piriton,respiratory,39,0.5
2024-11-18,Voi,Taita-Taveta,Piriton,respiratory,65,0.5
2024-11-25,Voi,Taita-Taveta,Piriton,respiratory,38,0.5
2024-12-02,Voi,Taita-Taveta,Piriton,respiratory,59,0.5
2024-12-09,Voi,Taita-Taveta,Piriton,respiratory,49,0.5
2024-12-16,Voi,Taita-Taveta,Piriton,respiratory,52,0.5
2024-12-23,Voi,Taita-Taveta,Piriton,respiratory,41,0.5
2024-12-30,Voi,Taita-Taveta,Piriton,respiratory,37,0.5
2023-01-02,Mariakani,Kilifi,Coartem,malaria,71,0.95
2023-01-09,Mariakani,Kilifi,Coartem,malaria,93,0.95
2023-01-16,Mariakani,Kilifi,Coartem,malaria,117,0.95
2023-01-23,Mariakani,Kilifi,Coartem,malaria,91,0.95
2023-01-30,Mariakani,Kilifi,Coartem,malaria,122,0.95
2023-02-06,Mariakani,Kilifi,Coartem,malaria,111,0.95
2023-02-13,Mariakani,Kilifi,Coartem,malaria,133,0.95
2023-02-20,Mariakani,Kilifi,Coartem,malaria,70,0.95
2023-02-27,Mariakani,Kilifi,Coartem,malaria,93,0.95
2023-03-06,Mariakani,Kilifi,Coartem,malaria,78,0.95
2023-03-13,Mariakani,Kilifi,Coartem,malaria,59,0.95
2023-03-20,Mariakani,Kilifi,Coartem,malaria,73,0.95
2023-03-27,Mariakani,Kilifi,Coartem,malaria,140,0.95
2023-04-03,Mariakani,Kilifi,Coartem,malaria,103,0.95
2023-04-10,Mariakani,Kilifi,Coartem,malaria,178,0.95
2023-04-17,Mariakani,Kilifi,Coartem,malaria,87,0.95
2023-04-24,Mariakani,Kilifi,Coartem,malaria,113,0.95
2023-05-01,Mariakani,Kilifi,Coartem,malaria,98,0.95
2023-05-08,Mariakani,Kilifi,Coartem,malaria,79,0.95
2023-05-15,Mariakani,Kilifi,Coartem,malaria,68,0.95
2023-05-22,Mariakani,Kilifi,Coartem,malaria,88,0.95
2023-05-29,Mariakani,Kilifi,Coartem,malaria,95,0.95
2023-06-05,Mariakani,Kilifi,Coartem,malaria,94,0.95
2023-06-12,Mariakani,Kilifi,Coartem,malaria,137,0.95
2023-06-19,Mariakani,Kilifi,Coartem,malaria,133,0.95
2023-06-26,Mariakani,Kilifi,Coartem,malaria,121,0.95
2023-07-03,Mariakani,Kilifi,Coartem,malaria,120,0.95
2023-07-10,Mariakani,Kilifi,Coartem,malaria,109,0.95
2023-07-17,Mariakani,Kilifi,Coartem,malaria,72,0.95
2023-07-24,Mariakani,Kilifi,Coartem,malaria,69,0.95
2023-07-31,Mariakani,Kilifi,Coartem,malaria,75,0.95
2023-08-07,Mariakani,Kilifi,Coartem,malaria,110,0.95
2023-08-14,Mariakani,Kilifi,Coartem,malaria,107,0.95
2023-08-21,Mariakani,Kilifi,Coartem,malaria,130,0.95
2023-08-28,Mariakani,Kilifi,Coartem,malaria,114,0.95
2023-09-04,Mariakani,Kilifi,Coartem,malaria,131,0.95
2023-09-11,Mariakani,Kilifi,Coartem,malaria,94,0.95
2023-09-18,Mariakani,Kilifi,Coartem,malaria,98,0.95
2023-09-25,Mariakani,Kilifi,Coartem,malaria,94,0.95
2023-10-02,Mariakani,Kilifi,Coartem,malaria,68,0.95
2023-10-09,Mariakani,Kilifi,Coartem,malaria,84,0.95
2023-10-16,Mariakani,Kilifi,Coartem,malaria,124,0.95
2023-10-23,Mariakani,Kilifi,Coartem,malaria,128,0.95
2023-10-30,Mariakani,Kilifi,Coartem,malaria,134,0.95
2023-11-06,Mariakani,Kilifi,Coartem,malaria,134,0.95
2023-11-13,Mariakani,Kilifi,Coartem,malaria,133,0.95
2023-11-20,Mariakani,Kilifi,Coartem,malaria,138,0.95
2023-11-27,Mariakani,Kilifi,Coartem,malaria,92,0.95
2023-12-04,Mariakani,Kilifi,Coartem,malaria,94,0.95
2023-12-11,Mariakani,Kilifi,Coartem,malaria,67,0.95
2023-12-18,Mariakani,Kilifi,Coartem,malaria,77,0.95
2023-12-25,Mariakani,Kilifi,Coartem,malaria,96,0.95
2024-01-01,Mariakani,Kilifi,Coartem,malaria,84,0.95
2024-01-08,Mariakani,Kilifi,Coartem,malaria,85,0.95
2024-01-15,Mariakani,Kilifi,Coartem,malaria,125,0.95
2024-01-22,Mariakani,Kilifi,Coartem,malaria,117,0.95
2024-01-29,Mariakani,Kilifi,Coartem,malaria,123,0.95
2024-02-05,Mariakani,Kilifi,Coartem,malaria,143,0.95
2024-02-12,Mariakani,Kilifi,Coartem,malaria,113,0.95
2024-02-19,Mariakani,Kilifi,Coartem,malaria,121,0.95
2024-02-26,Mariakani,Kilifi,Coartem,malaria,75,0.95
2024-03-04,Mariakani,Kilifi,Coartem,malaria,53,0.95
2024-03-11,Mariakani,Kilifi,Coartem,malaria,78,0.95
2024-03-18,Mariakani,Kilifi,Coartem,malaria,57,0.95
2024-03-25,Mariakani,Kilifi,Coartem,malaria,126,0.95
2024-04-01,Mariakani,Kilifi,Coartem,malaria,100,0.95
2024-04-08,Mariakani,Kilifi,Coartem,malaria,110,0.95
2024-04-15,Mariakani,Kilifi,Coartem,malaria,381,0.95
2024-04-22,Mariakani,Kilifi,Coartem,malaria,326,0.95
2024-04-29,Mariakani,Kilifi,Coartem,malaria,264,0.95
2024-05-06,Mariakani,Kilifi,Coartem,malaria,164,0.95
2024-05-13,Mariakani,Kilifi,Coartem,malaria,221,0.95
2024-05-20,Mariakani,Kilifi,Coartem,malaria,262,0.95
2024-05-27,Mariakani,Kilifi,Coartem,malaria,128,0.95
2024-06-03,Mariakani,Kilifi,Coartem,malaria,101,0.95
2024-06-10,Mariakani,Kilifi,Coartem,malaria,93,0.95
2024-06-17,Mariakani,Kilifi,Coartem,malaria,140,0.95
2024-06-24,Mariakani,Kilifi,Coartem,malaria,115,0.95
2024-07-01,Mariakani,Kilifi,Coartem,malaria,121,0.95
2024-07-08,Mariakani,Kilifi,Coartem,malaria,122,0.95
2024-07-15,Mariakani,Kilifi,Coartem,malaria,87,0.95
2024-07-22,Mariakani,Kilifi,Coartem,malaria,66,0.95
2024-07-29,Mariakani,Kilifi,Coartem,malaria,85,0.95
2024-08-05,Mariakani,Kilifi,Coartem,malaria,130,0.95
2024-08-12,Mariakani,Kilifi,Coartem,malaria,227,0.95
2024-08-19,Mariakani,Kilifi,Coartem,malaria,246,0.95
2024-08-26,Mariakani,Kilifi,Coartem,malaria,231,0.95
2024-09-02,Mariakani,Kilifi,Coartem,malaria,162,0.95
2024-09-09,Mariakani,Kilifi,Coartem,malaria,191,0.95
2024-09-16,Mariakani,Kilifi,Coartem,malaria,119,0.95
2024-09-23,Mariakani,Kilifi,Coartem,malaria,166,0.95
2024-09-30,Mariakani,Kilifi,Coartem,malaria,396,0.95
2024-10-07,Mariakani,Kilifi,Coartem,malaria,433,0.95
2024-10-14,Mariakani,Kilifi,Coartem,malaria,569,0.95
2024-10-21,Mariakani,Kilifi,Coartem,malaria,545,0.95
2024-10-28,Mariakani,Kilifi,Coartem,malaria,632,0.95
2024-11-04,Mariakani,Kilifi,Coartem,malaria,308,0.95
2024-11-11,Mariakani,Kilifi,Coartem,malaria,99,0.95
2024-11-18,Mariakani,Kilifi,Coartem,malaria,115,0.95
2024-11-25,Mariakani,Kilifi,Coartem,malaria,58,0.95
2024-12-02,Mariakani,Kilifi,Coartem,malaria,74,0.95
2024-12-09,Mariakani,Kilifi,Coartem,malaria,69,0.95
2024-12-16,Mariakani,Kilifi,Coartem,malaria,96,0.95
2024-12-23,Mariakani,Kilifi,Coartem,malaria,105,0.95
2024-12-30,Mariakani,Kilifi,Coartem,malaria,65,0.95
2023-01-02,Mariakani,Kilifi,Panadol,malaria,354,0.4
2023-01-09,Mariakani,Kilifi,Panadol,malaria,411,0.4
2023-01-16,Mariakani,Kilifi,Panadol,malaria,403,0.4
2023-01-23,Mariakani,Kilifi,Panadol,malaria,530,0.4
2023-01-30,Mariakani,Kilifi,Panadol,malaria,500,0.4
2023-02-06,Mariakani,Kilifi,Panadol,malaria,472,0.4
2023-02-13,Mariakani,Kilifi,Panadol,malaria,408,0.4
2023-02-20,Mariakani,Kilifi,Panadol,malaria,384,0.4
2023-02-27,Mariakani,Kilifi,Panadol,malaria,320,0.4
2023-03-06,Mariakani,Kilifi,Panadol,malaria,221,0.4
2023-03-13,Mariakani,Kilifi,Panadol,malaria,271,0.4
2023-03-20,Mariakani,Kilifi,Panadol,malaria,312,0.4
2023-03-27,Mariakani,Kilifi,Panadol,malaria,357,0.4
2023-04-03,Mariakani,Kilifi,Panadol,malaria,433,0.4
2023-04-10,Mariakani,Kilifi,Panadol,malaria,432,0.4
2023-04-17,Mariakani,Kilifi,Panadol,malaria,404,0.4
2023-04-24,Mariakani,Kilifi,Panadol,malaria,372,0.4
2023-05-01,Mariakani,Kilifi,Panadol,malaria,383,0.4
2023-05-08,Mariakani,Kilifi,Panadol,malaria,370,0.4
2023-05-15,Mariakani,Kilifi,Panadol,malaria,240,0.4
2023-05-22,Mariakani,Kilifi,Panadol,malaria,303,0.4
2023-05-29,Mariakani,Kilifi,Panadol,malaria,316,0.4
2023-06-05,Mariakani,Kilifi,Panadol,malaria,401,0.4
2023-06-12,Mariakani,Kilifi,Panadol,malaria,525,0.4
2023-06-19,Mariakani,Kilifi,Panadol,malaria,527,0.4
2023-06-26,Mariakani,Kilifi,Panadol,malaria,510,0.4
2023-07-03,Mariakani,Kilifi,Panadol,malaria,473,0.4
2023-07-10,Mariakani,Kilifi,Panadol,malaria,391,0.4
2023-07-17,Mariakani,Kilifi,Panadol,malaria,325,0.4
2023-07-24,Mariakani,Kilifi,Panadol,malaria,249,0.4
2023-07-31,Mariakani,Kilifi,Panadol,malaria,288,0.4
2023-08-07,Mariakani,Kilifi,Panadol,malaria,372,0.4
2023-08-14,Mariakani,Kilifi,Panadol,malaria,428,0.4
2023-08-21,Mariakani,Kilifi,Panadol,malaria,488,0.4
2023-08-28,Mariakani,Kilifi,Panadol,malaria,463,0.4
2023-09-04,Mariakani,Kilifi,Panadol,malaria,586,0.4
2023-09-11,Mariakani,Kilifi,Panadol,malaria,339,0.4
2023-09-18,Mariakani,Kilifi,Panadol,malaria,408,0.4
2023-09-25,Mariakani,Kilifi,Panadol,malaria,305,0.4
2023-10-02,Mariakani,Kilifi,Panadol,malaria,240,0.4
2023-10-09,Mariakani,Kilifi,Panadol,malaria,269,0.4
2023-10-16,Mariakani,Kilifi,Panadol,malaria,819,0.4
2023-10-23,Mariakani,Kilifi,Panadol,malaria,882,0.4
2023-10-30,Mariakani,Kilifi,Panadol,malaria,971,0.4
2023-11-06,Mariakani,Kilifi,Panadol,malaria,906,0.4
2023-11-13,Mariakani,Kilifi,Panadol,malaria,821,0.4
2023-11-20,Mariakani,Kilifi,Panadol,malaria,795,0.4
2023-11-27,Mariakani,Kilifi,Panadol,malaria,391,0.4
2023-12-04,Mariakani,Kilifi,Panadol,malaria,214,0.4
2023-12-11,Mariakani,Kilifi,Panadol,malaria,271,0.4
2023-12-18,Mariakani,Kilifi,Panadol,malaria,418,0.4
2023-12-25,Mariakani,Kilifi,Panadol,malaria,393,0.4
2024-01-01,Mariakani,Kilifi,Panadol,malaria,294,0.4
2024-01-08,Mariakani,Kilifi,Panadol,malaria,358,0.4
2024-01-15,Mariakani,Kilifi,Panadol,malaria,459,0.4
2024-01-22,Mariakani,Kilifi,Panadol,malaria,428,0.4
2024-01-29,Mariakani,Kilifi,Panadol,malaria,515,0.4
2024-02-05,Mariakani,Kilifi,Panadol,malaria,434,0.4
2024-02-12,Mariakani,Kilifi,Panadol,malaria,521,0.4
2024-02-19,Mariakani,Kilifi,Panadol,malaria,460,0.4
2024-02-26,Mariakani,Kilifi,Panadol,malaria,292,0.4
2024-03-04,Mariakani,Kilifi,Panadol,malaria,237,0.4
2024-03-11,Mariakani,Kilifi,Panadol,malaria,306,0.4
2024-03-18,Mariakani,Kilifi,Panadol,malaria,366,0.4
2024-03-25,Mariakani,Kilifi,Panadol,malaria,356,0.4
2024-04-01,Mariakani,Kilifi,Panadol,malaria,373,0.4
2024-04-08,Mariakani,Kilifi,Panadol,malaria,541,0.4
2024-04-15,Mariakani,Kilifi,Panadol,malaria,518,0.4
2024-04-22,Mariakani,Kilifi,Panadol,malaria,481,0.4
2024-04-29,Mariakani,Kilifi,Panadol,malaria,363,0.4
2024-05-06,Mariakani,Kilifi,Panadol,malaria,394,0.4
2024-05-13,Mariakani,Kilifi,Panadol,malaria,239,0.4
2024-05-20,Mariakani,Kilifi,Panadol,malaria,346,0.4
2024-05-27,Mariakani,Kilifi,Panadol,malaria,291,0.4
2024-06-03,Mariakani,Kilifi,Panadol,malaria,400,0.4
2024-06-10,Mariakani,Kilifi,Panadol,malaria,435,0.4
2024-06-17,Mariakani,Kilifi,Panadol,malaria,452,0.4
2024-06-24,Mariakani,Kilifi,Panadol,malaria,357,0.4
2024-07-01,Mariakani,Kilifi,Panadol,malaria,459,0.4
2024-07-08,Mariakani,Kilifi,Panadol,malaria,424,0.4
2024-07-15,Mariakani,Kilifi,Panadol,malaria,273,0.4
2024-07-22,Mariakani,Kilifi,Panadol,malaria,199,0.4
2024-07-29,Mariakani,Kilifi,Panadol,malaria,271,0.4
2024-08-05,Mariakani,Kilifi,Panadol,malaria,394,0.4
2024-08-12,Mariakani,Kilifi,Panadol,malaria,378,0.4
2024-08-19,Mariakani,Kilifi,Panadol,malaria,436,0.4
2024-08-26,Mariakani,Kilifi,Panadol,malaria,383,0.4
2024-09-02,Mariakani,Kilifi,Panadol,malaria,578,0.4
2024-09-09,Mariakani,Kilifi,Panadol,malaria,1113,0.4
2024-09-16,Mariakani,Kilifi,Panadol,malaria,1142,0.4
2024-09-23,Mariakani,Kilifi,Panadol,malaria,875,0.4
2024-09-30,Mariakani,Kilifi,Panadol,malaria,633,0.4
2024-10-07,Mariakani,Kilifi,Panadol,malaria,803,0.4
2024-10-14,Mariakani,Kilifi,Panadol,malaria,868,0.4
2024-10-21,Mariakani,Kilifi,Panadol,malaria,387,0.4
2024-10-28,Mariakani,Kilifi,Panadol,malaria,378,0.4
2024-11-04,Mariakani,Kilifi,Panadol,malaria,380,0.4
2024-11-11,Mariakani,Kilifi,Panadol,malaria,585,0.4
2024-11-18,Mariakani,Kilifi,Panadol,malaria,432,0.4
2024-11-25,Mariakani,Kilifi,Panadol,malaria,448,0.4
2024-12-02,Mariakani,Kilifi,Panadol,malaria,270,0.4
2024-12-09,Mariakani,Kilifi,Panadol,malaria,195,0.4
2024-12-16,Mariakani,Kilifi,Panadol,malaria,262,0.4
2024-12-23,Mariakani,Kilifi,Panadol,malaria,344,0.4
2024-12-30,Mariakani,Kilifi,Panadol,malaria,308,0.4
2023-01-02,Mariakani,Kilifi,Flagyl,gi,84,0.85
2023-01-09,Mariakani,Kilifi,Flagyl,gi,99,0.85
2023-01-16,Mariakani,Kilifi,Flagyl,gi,115,0.85
2023-01-23,Mariakani,Kilifi,Flagyl,gi,110,0.85
2023-01-30,Mariakani,Kilifi,Flagyl,gi,84,0.85
2023-02-06,Mariakani,Kilifi,Flagyl,gi,96,0.85
2023-02-13,Mariakani,Kilifi,Flagyl,gi,141,0.85
2023-02-20,Mariakani,Kilifi,Flagyl,gi,99,0.85
2023-02-27,Mariakani,Kilifi,Flagyl,gi,106,0.85
2023-03-06,Mariakani,Kilifi,Flagyl,gi,80,0.85
2023-03-13,Mariakani,Kilifi,Flagyl,gi,81,0.85
2023-03-20,Mariakani,Kilifi,Flagyl,gi,93,0.85
2023-03-27,Mariakani,Kilifi,Flagyl,gi,97,0.85
2023-04-03,Mariakani,Kilifi,Flagyl,gi,77,0.85
2023-04-10,Mariakani,Kilifi,Flagyl,gi,106,0.85
2023-04-17,Mariakani,Kilifi,Flagyl,gi,122,0.85
2023-04-24,Mariakani,Kilifi,Flagyl,gi,89,0.85
2023-05-01,Mariakani,Kilifi,Flagyl,gi,95,0.85
2023-05-08,Mariakani,Kilifi,Flagyl,gi,88,0.85
2023-05-15,Mariakani,Kilifi,Flagyl,gi,57,0.85
2023-05-22,Mariakani,Kilifi,Flagyl,gi,73,0.85
2023-05-29,Mariakani,Kilifi,Flagyl,gi,76,0.85
2023-06-05,Mariakani,Kilifi,Flagyl,gi,86,0.85
2023-06-12,Mariakani,Kilifi,Flagyl,gi,84,0.85
2023-06-19,Mariakani,Kilifi,Flagyl,gi,91,0.85
2023-06-26,Mariakani,Kilifi,Flagyl,gi,126,0.85
2023-07-03,Mariakani,Kilifi,Flagyl,gi,85,0.85
2023-07-10,Mariakani,Kilifi,Flagyl,gi,91,0.85
2023-07-17,Mariakani,Kilifi,Flagyl,gi,72,0.85
2023-07-24,Mariakani,Kilifi,Flagyl,gi,78,0.85
2023-07-31,Mariakani,Kilifi,Flagyl,gi,94,0.85
2023-08-07,Mariakani,Kilifi,Flagyl,gi,101,0.85
2023-08-14,Mariakani,Kilifi,Flagyl,gi,103,0.85
2023-08-21,Mariakani,Kilifi,Flagyl,gi,100,0.85
2023-08-28,Mariakani,Kilifi,Flagyl,gi,87,0.85
2023-09-04,Mariakani,Kilifi,Flagyl,gi,134,0.85
2023-09-11,Mariakani,Kilifi,Flagyl,gi,87,0.85
2023-09-18,Mariakani,Kilifi,Flagyl,gi,287,0.85
2023-09-25,Mariakani,Kilifi,Flagyl,gi,265,0.85
2023-10-02,Mariakani,Kilifi,Flagyl,gi,177,0.85
2023-10-09,Mariakani,Kilifi,Flagyl,gi,264,0.85
2023-10-16,Mariakani,Kilifi,Flagyl,gi,291,0.85
2023-10-23,Mariakani,Kilifi,Flagyl,gi,361,0.85
2023-10-30,Mariakani,Kilifi,Flagyl,gi,96,0.85
2023-11-06,Mariakani,Kilifi,Flagyl,gi,85,0.85
2023-11-13,Mariakani,Kilifi,Flagyl,gi,96,0.85
2023-11-20,Mariakani,Kilifi,Flagyl,gi,101,0.85
2023-11-27,Mariakani,Kilifi,Flagyl,gi,90,0.85
2023-12-04,Mariakani,Kilifi,Flagyl,gi,74,0.85
2023-12-11,Mariakani,Kilifi,Flagyl,gi,47,0.85
2023-12-18,Mariakani,Kilifi,Flagyl,gi,84,0.85
2023-12-25,Mariakani,Kilifi,Flagyl,gi,116,0.85
2024-01-01,Mariakani,Kilifi,Flagyl,gi,84,0.85
2024-01-08,Mariakani,Kilifi,Flagyl,gi,97,0.85
2024-01-15,Mariakani,Kilifi,Flagyl,gi,106,0.85
2024-01-22,Mariakani,Kilifi,Flagyl,gi,110,0.85
2024-01-29,Mariakani,Kilifi,Flagyl,gi,120,0.85
2024-02-05,Mariakani,Kilifi,Flagyl,gi,110,0.85
2024-02-12,Mariakani,Kilifi,Flagyl,gi,93,0.85
2024-02-19,Mariakani,Kilifi,Flagyl,gi,79,0.85
2024-02-26,Mariakani,Kilifi,Flagyl,gi,75,0.85
2024-03-04,Mariakani,Kilifi,Flagyl,gi,120,0.85
2024-03-11,Mariakani,Kilifi,Flagyl,gi,130,0.85
2024-03-18,Mariakani,Kilifi,Flagyl,gi,163,0.85
2024-03-25,Mariakani,Kilifi,Flagyl,gi,182,0.85
2024-04-01,Mariakani,Kilifi,Flagyl,gi,203,0.85
2024-04-08,Mariakani,Kilifi,Flagyl,gi,219,0.85
2024-04-15,Mariakani,Kilifi,Flagyl,gi,105,0.85
2024-04-22,Mariakani,Kilifi,Flagyl,gi,79,0.85
2024-04-29,Mariakani,Kilifi,Flagyl,gi,85,0.85
2024-05-06,Mariakani,Kilifi,Flagyl,gi,79,0.85
2024-05-13,Mariakani,Kilifi,Flagyl,gi,48,0.85
2024-05-20,Mariakani,Kilifi,Flagyl,gi,95,0.85
2024-05-27,Mariakani,Kilifi,Flagyl,gi,91,0.85
2024-06-03,Mariakani,Kilifi,Flagyl,gi,104,0.85
2024-06-10,Mariakani,Kilifi,Flagyl,gi,125,0.85
2024-06-17,Mariakani,Kilifi,Flagyl,gi,96,0.85
2024-06-24,Mariakani,Kilifi,Flagyl,gi,113,0.85
2024-07-01,Mariakani,Kilifi,Flagyl,gi,96,0.85
2024-07-08,Mariakani,Kilifi,Flagyl,gi,197,0.85
2024-07-15,Mariakani,Kilifi,Flagyl,gi,157,0.85
2024-07-22,Mariakani,Kilifi,Flagyl,gi,187,0.85
2024-07-29,Mariakani,Kilifi,Flagyl,gi,168,0.85
2024-08-05,Mariakani,Kilifi,Flagyl,gi,224,0.85
2024-08-12,Mariakani,Kilifi,Flagyl,gi,160,0.85
2024-08-19,Mariakani,Kilifi,Flagyl,gi,122,0.85
2024-08-26,Mariakani,Kilifi,Flagyl,gi,122,0.85
2024-09-02,Mariakani,Kilifi,Flagyl,gi,105,0.85
2024-09-09,Mariakani,Kilifi,Flagyl,gi,95,0.85
2024-09-16,Mariakani,Kilifi,Flagyl,gi,95,0.85
2024-09-23,Mariakani,Kilifi,Flagyl,gi,105,0.85
2024-09-30,Mariakani,Kilifi,Flagyl,gi,49,0.85
2024-10-07,Mariakani,Kilifi,Flagyl,gi,87,0.85
2024-10-14,Mariakani,Kilifi,Flagyl,gi,77,0.85
2024-10-21,Mariakani,Kilifi,Flagyl,gi,98,0.85
2024-10-28,Mariakani,Kilifi,Flagyl,gi,100,0.85
2024-11-04,Mariakani,Kilifi,Flagyl,gi,99,0.85
2024-11-11,Mariakani,Kilifi,Flagyl,gi,103,0.85
2024-11-18,Mariakani,Kilifi,Flagyl,gi,81,0.85
2024-11-25,Mariakani,Kilifi,Flagyl,gi,103,0.85
2024-12-02,Mariakani,Kilifi,Flagyl,gi,57,0.85
2024-12-09,Mariakani,Kilifi,Flagyl,gi,71,0.85
2024-12-16,Mariakani,Kilifi,Flagyl,gi,74,0.85
2024-12-23,Mariakani,Kilifi,Flagyl,gi,74,0.85
2024-12-30,Mariakani,Kilifi,Flagyl,gi,81,0.85
2023-01-02,Mariakani,Kilifi,ORS,gi,100,0.8
2023-01-09,Mariakani,Kilifi,ORS,gi,163,0.8
2023-01-16,Mariakani,Kilifi,ORS,gi,156,0.8
2023-01-23,Mariakani,Kilifi,ORS,gi,205,0.8
2023-01-30,Mariakani,Kilifi,ORS,gi,193,0.8
2023-02-06,Mariakani,Kilifi,ORS,gi,178,0.8
2023-02-13,Mariakani,Kilifi,ORS,gi,158,0.8
2023-02-20,Mariakani,Kilifi,ORS,gi,115,0.8
2023-02-27,Mariakani,Kilifi,ORS,gi,158,0.8
2023-03-06,Mariakani,Kilifi,ORS,gi,99,0.8
2023-03-13,Mariakani,Kilifi,ORS,gi,132,0.8
2023-03-20,Mariakani,Kilifi,ORS,gi,156,0.8
2023-03-27,Mariakani,Kilifi,ORS,gi,159,0.8
2023-04-03,Mariakani,Kilifi,ORS,gi,208,0.8
2023-04-10,Mariakani,Kilifi,ORS,gi,144,0.8
2023-04-17,Mariakani,Kilifi,ORS,gi,218,0.8
2023-04-24,Mariakani,Kilifi,ORS,gi,180,0.8
2023-05-01,Mariakani,Kilifi,ORS,gi,143,0.8
2023-05-08,Mariakani,Kilifi,ORS,gi,126,0.8
2023-05-15,Mariakani,Kilifi,ORS,gi,73,0.8
2023-05-22,Mariakani,Kilifi,ORS,gi,114,0.8
2023-05-29,Mariakani,Kilifi,ORS,gi,141,0.8
2023-06-05,Mariakani,Kilifi,ORS,gi,168,0.8
2023-06-12,Mariakani,Kilifi,ORS,gi,205,0.8
2023-06-19,Mariakani,Kilifi,ORS,gi,230,0.8
2023-06-26,Mariakani,Kilifi,ORS,gi,180,0.8
2023-07-03,Mariakani,Kilifi,ORS,gi,168,0.8
2023-07-10,Mariakani,Kilifi,ORS,gi,138,0.8
2023-07-17,Mariakani,Kilifi,ORS,gi,97,0.8
2023-07-24,Mariakani,Kilifi,ORS,gi,100,0.8
2023-07-31,Mariakani,Kilifi,ORS,gi,126,0.8
2023-08-07,Mariakani,Kilifi,ORS,gi,171,0.8
2023-08-14,Mariakani,Kilifi,ORS,gi,176,0.8
2023-08-21,Mariakani,Kilifi,ORS,gi,179,0.8
2023-08-28,Mariakani,Kilifi,ORS,gi,161,0.8
2023-09-04,Mariakani,Kilifi,ORS,gi,121,0.8
2023-09-11,Mariakani,Kilifi,ORS,gi,116,0.8
2023-09-18,Mariakani,Kilifi,ORS,gi,112,0.8
2023-09-25,Mariakani,Kilifi,ORS,gi,125,0.8
2023-10-02,Mariakani,Kilifi,ORS,gi,126,0.8
2023-10-09,Mariakani,Kilifi,ORS,gi,149,0.8
2023-10-16,Mariakani,Kilifi,ORS,gi,167,0.8
2023-10-23,Mariakani,Kilifi,ORS,gi,151,0.8
2023-10-30,Mariakani,Kilifi,ORS,gi,202,0.8
2023-11-06,Mariakani,Kilifi,ORS,gi,151,0.8
2023-11-13,Mariakani,Kilifi,ORS,gi,195,0.8
2023-11-20,Mariakani,Kilifi,ORS,gi,122,0.8
2023-11-27,Mariakani,Kilifi,ORS,gi,123,0.8
2023-12-04,Mariakani,Kilifi,ORS,gi,163,0.8
2023-12-11,Mariakani,Kilifi,ORS,gi,107,0.8
2023-12-18,Mariakani,Kilifi,ORS,gi,117,0.8
2023-12-25,Mariakani,Kilifi,ORS,gi,173,0.8
2024-01-01,Mariakani,Kilifi,ORS,gi,154,0.8
2024-01-08,Mariakani,Kilifi,ORS,gi,139,0.8
2024-01-15,Mariakani,Kilifi,ORS,gi,170,0.8
2024-01-22,Mariakani,Kilifi,ORS,gi,176,0.8
2024-01-29,Mariakani,Kilifi,ORS,gi,101,0.8
2024-02-05,Mariakani,Kilifi,ORS,gi,137,0.8
2024-02-12,Mariakani,Kilifi,ORS,gi,186,0.8
2024-02-19,Mariakani,Kilifi,ORS,gi,130,0.8
2024-02-26,Mariakani,Kilifi,ORS,gi,141,0.8
2024-03-04,Mariakani,Kilifi,ORS,gi,114,0.8
2024-03-11,Mariakani,Kilifi,ORS,gi,154,0.8
2024-03-18,Mariakani,Kilifi,ORS,gi,118,0.8
2024-03-25,Mariakani,Kilifi,ORS,gi,173,0.8
2024-04-01,Mariakani,Kilifi,ORS,gi,171,0.8
2024-04-08,Mariakani,Kilifi,ORS,gi,155,0.8
2024-04-15,Mariakani,Kilifi,ORS,gi,152,0.8
2024-04-22,Mariakani,Kilifi,ORS,gi,169,0.8
2024-04-29,Mariakani,Kilifi,ORS,gi,163,0.8
2024-05-06,Mariakani,Kilifi,ORS,gi,132,0.8
2024-05-13,Mariakani,Kilifi,ORS,gi,112,0.8
2024-05-20,Mariakani,Kilifi,ORS,gi,121,0.8
2024-05-27,Mariakani,Kilifi,ORS,gi,139,0.8
2024-06-03,Mariakani,Kilifi,ORS,gi,144,0.8
2024-06-10,Mariakani,Kilifi,ORS,gi,159,0.8
2024-06-17,Mariakani,Kilifi,ORS,gi,192,0.8
2024-06-24,Mariakani,Kilifi,ORS,gi,191,0.8
2024-07-01,Mariakani,Kilifi,ORS,gi,132,0.8
2024-07-08,Mariakani,Kilifi,ORS,gi,129,0.8
2024-07-15,Mariakani,Kilifi,ORS,gi,117,0.8
2024-07-22,Mariakani,Kilifi,ORS,gi,109,0.8
2024-07-29,Mariakani,Kilifi,ORS,gi,97,0.8
2024-08-05,Mariakani,Kilifi,ORS,gi,129,0.8
2024-08-12,Mariakani,Kilifi,ORS,gi,129,0.8
2024-08-19,Mariakani,Kilifi,ORS,gi,183,0.8
2024-08-26,Mariakani,Kilifi,ORS,gi,423,0.8
2024-09-02,Mariakani,Kilifi,ORS,gi,388,0.8
2024-09-09,Mariakani,Kilifi,ORS,gi,902,0.8
2024-09-16,Mariakani,Kilifi,ORS,gi,912,0.8
2024-09-23,Mariakani,Kilifi,ORS,gi,784,0.8
2024-09-30,Mariakani,Kilifi,ORS,gi,900,0.8
2024-10-07,Mariakani,Kilifi,ORS,gi,408,0.8
2024-10-14,Mariakani,Kilifi,ORS,gi,363,0.8
2024-10-21,Mariakani,Kilifi,ORS,gi,167,0.8
2024-10-28,Mariakani,Kilifi,ORS,gi,197,0.8
2024-11-04,Mariakani,Kilifi,ORS,gi,158,0.8
2024-11-11,Mariakani,Kilifi,ORS,gi,136,0.8
2024-11-18,Mariakani,Kilifi,ORS,gi,119,0.8
2024-11-25,Mariakani,Kilifi,ORS,gi,177,0.8
2024-12-02,Mariakani,Kilifi,ORS,gi,127,0.8
2024-12-09,Mariakani,Kilifi,ORS,gi,115,0.8
2024-12-16,Mariakani,Kilifi,ORS,gi,119,0.8
2024-12-23,Mariakani,Kilifi,ORS,gi,120,0.8
2024-12-30,Mariakani,Kilifi,ORS,gi,109,0.8
2023-01-02,Mariakani,Kilifi,Imodium,gi,62,0.7
2023-01-09,Mariakani,Kilifi,Imodium,gi,70,0.7
2023-01-16,Mariakani,Kilifi,Imodium,gi,77,0.7
2023-01-23,Mariakani,Kilifi,Imodium,gi,91,0.7
2023-01-30,Mariakani,Kilifi,Imodium,gi,88,0.7
2023-02-06,Mariakani,Kilifi,Imodium,gi,64,0.7
2023-02-13,Mariakani,Kilifi,Imodium,gi,87,0.7
2023-02-20,Mariakani,Kilifi,Imodium,gi,65,0.7
2023-02-27,Mariakani,Kilifi,Imodium,gi,41,0.7
2023-03-06,Mariakani,Kilifi,Imodium,gi,49,0.7
2023-03-13,Mariakani,Kilifi,Imodium,gi,64,0.7
2023-03-20,Mariakani,Kilifi,Imodium,gi,57,0.7
2023-03-27,Mariakani,Kilifi,Imodium,gi,88,0.7
2023-04-03,Mariakani,Kilifi,Imodium,gi,67,0.7
2023-04-10,Mariakani,Kilifi,Imodium,gi,73,0.7
2023-04-17,Mariakani,Kilifi,Imodium,gi,70,0.7
2023-04-24,Mariakani,Kilifi,Imodium,gi,55,0.7
2023-05-01,Mariakani,Kilifi,Imodium,gi,57,0.7
2023-05-08,Mariakani,Kilifi,Imodium,gi,52,0.7
2023-05-15,Mariakani,Kilifi,Imodium,gi,49,0.7
2023-05-22,Mariakani,Kilifi,Imodium,gi,32,0.7
2023-05-29,Mariakani,Kilifi,Imodium,gi,74,0.7
2023-06-05,Mariakani,Kilifi,Imodium,gi,81,0.7
2023-06-12,Mariakani,Kilifi,Imodium,gi,92,0.7
2023-06-19,Mariakani,Kilifi,Imodium,gi,61,0.7
2023-06-26,Mariakani,Kilifi,Imodium,gi,74,0.7
2023-07-03,Mariakani,Kilifi,Imodium,gi,84,0.7
2023-07-10,Mariakani,Kilifi,Imodium,gi,77,0.7
2023-07-17,Mariakani,Kilifi,Imodium,gi,72,0.7
2023-07-24,Mariakani,Kilifi,Imodium,gi,50,0.7
2023-07-31,Mariakani,Kilifi,Imodium,gi,58,0.7
2023-08-07,Mariakani,Kilifi,Imodium,gi,51,0.7
2023-08-14,Mariakani,Kilifi,Imodium,gi,85,0.7
2023-08-21,Mariakani,Kilifi,Imodium,gi,72,0.7
2023-08-28,Mariakani,Kilifi,Imodium,gi,80,0.7
2023-09-04,Mariakani,Kilifi,Imodium,gi,77,0.7
2023-09-11,Mariakani,Kilifi,Imodium,gi,47,0.7
2023-09-18,Mariakani,Kilifi,Imodium,gi,59,0.7
2023-09-25,Mariakani,Kilifi,Imodium,gi,63,0.7
2023-10-02,Mariakani,Kilifi,Imodium,gi,49,0.7
2023-10-09,Mariakani,Kilifi,Imodium,gi,63,0.7
2023-10-16,Mariakani,Kilifi,Imodium,gi,75,0.7
2023-10-23,Mariakani,Kilifi,Imodium,gi,64,0.7
2023-10-30,Mariakani,Kilifi,Imodium,gi,72,0.7
2023-11-06,Mariakani,Kilifi,Imodium,gi,78,0.7
2023-11-13,Mariakani,Kilifi,Imodium,gi,87,0.7
2023-11-20,Mariakani,Kilifi,Imodium,gi,71,0.7
2023-11-27,Mariakani,Kilifi,Imodium,gi,49,0.7
2023-12-04,Mariakani,Kilifi,Imodium,gi,57,0.7
2023-12-11,Mariakani,Kilifi,Imodium,gi,55,0.7
2023-12-18,Mariakani,Kilifi,Imodium,gi,71,0.7
2023-12-25,Mariakani,Kilifi,Imodium,gi,70,0.7
2024-01-01,Mariakani,Kilifi,Imodium,gi,46,0.7
2024-01-08,Mariakani,Kilifi,Imodium,gi,63,0.7
2024-01-15,Mariakani,Kilifi,Imodium,gi,79,0.7
2024-01-22,Mariakani,Kilifi,Imodium,gi,88,0.7
2024-01-29,Mariakani,Kilifi,Imodium,gi,85,0.7
2024-02-05,Mariakani,Kilifi,Imodium,gi,75,0.7
2024-02-12,Mariakani,Kilifi,Imodium,gi,83,0.7
2024-02-19,Mariakani,Kilifi,Imodium,gi,61,0.7
2024-02-26,Mariakani,Kilifi,Imodium,gi,60,0.7
2024-03-04,Mariakani,Kilifi,Imodium,gi,55,0.7
2024-03-11,Mariakani,Kilifi,Imodium,gi,64,0.7
2024-03-18,Mariakani,Kilifi,Imodium,gi,73,0.7
2024-03-25,Mariakani,Kilifi,Imodium,gi,80,0.7
2024-04-01,Mariakani,Kilifi,Imodium,gi,131,0.7
2024-04-08,Mariakani,Kilifi,Imodium,gi,159,0.7
2024-04-15,Mariakani,Kilifi,Imodium,gi,134,0.7
2024-04-22,Mariakani,Kilifi,Imodium,gi,140,0.7
2024-04-29,Mariakani,Kilifi,Imodium,gi,110,0.7
2024-05-06,Mariakani,Kilifi,Imodium,gi,123,0.7
2024-05-13,Mariakani,Kilifi,Imodium,gi,35,0.7
2024-05-20,Mariakani,Kilifi,Imodium,gi,64,0.7
2024-05-27,Mariakani,Kilifi,Imodium,gi,67,0.7
2024-06-03,Mariakani,Kilifi,Imodium,gi,95,0.7
2024-06-10,Mariakani,Kilifi,Imodium,gi,75,0.7
2024-06-17,Mariakani,Kilifi,Imodium,gi,77,0.7
2024-06-24,Mariakani,Kilifi,Imodium,gi,86,0.7
2024-07-01,Mariakani,Kilifi,Imodium,gi,72,0.7
2024-07-08,Mariakani,Kilifi,Imodium,gi,70,0.7
2024-07-15,Mariakani,Kilifi,Imodium,gi,67,0.7
2024-07-22,Mariakani,Kilifi,Imodium,gi,48,0.7
2024-07-29,Mariakani,Kilifi,Imodium,gi,69,0.7
2024-08-05,Mariakani,Kilifi,Imodium,gi,50,0.7
2024-08-12,Mariakani,Kilifi,Imodium,gi,91,0.7
2024-08-19,Mariakani,Kilifi,Imodium,gi,57,0.7
2024-08-26,Mariakani,Kilifi,Imodium,gi,95,0.7
2024-09-02,Mariakani,Kilifi,Imodium,gi,56,0.7
2024-09-09,Mariakani,Kilifi,Imodium,gi,95,0.7
2024-09-16,Mariakani,Kilifi,Imodium,gi,69,0.7
2024-09-23,Mariakani,Kilifi,Imodium,gi,50,0.7
2024-09-30,Mariakani,Kilifi,Imodium,gi,63,0.7
2024-10-07,Mariakani,Kilifi,Imodium,gi,49,0.7
2024-10-14,Mariakani,Kilifi,Imodium,gi,156,0.7
2024-10-21,Mariakani,Kilifi,Imodium,gi,247,0.7
2024-10-28,Mariakani,Kilifi,Imodium,gi,199,0.7
2024-11-04,Mariakani,Kilifi,Imodium,gi,235,0.7
2024-11-11,Mariakani,Kilifi,Imodium,gi,318,0.7
2024-11-18,Mariakani,Kilifi,Imodium,gi,297,0.7
2024-11-25,Mariakani,Kilifi,Imodium,gi,122,0.7
2024-12-02,Mariakani,Kilifi,Imodium,gi,103,0.7
2024-12-09,Mariakani,Kilifi,Imodium,gi,95,0.7
2024-12-16,Mariakani,Kilifi,Imodium,gi,45,0.7
2024-12-23,Mariakani,Kilifi,Imodium,gi,61,0.7
2024-12-30,Mariakani,Kilifi,Imodium,gi,61,0.7
2023-01-02,Mariakani,Kilifi,Septrin,respiratory,46,0.8
2023-01-09,Mariakani,Kilifi,Septrin,respiratory,57,0.8
2023-01-16,Mariakani,Kilifi,Septrin,respiratory,57,0.8
2023-01-23,Mariakani,Kilifi,Septrin,respiratory,58,0.8
2023-01-30,Mariakani,Kilifi,Septrin,respiratory,45,0.8
2023-02-06,Mariakani,Kilifi,Septrin,respiratory,58,0.8
2023-02-13,Mariakani,Kilifi,Septrin,respiratory,87,0.8
2023-02-20,Mariakani,Kilifi,Septrin,respiratory,57,0.8
2023-02-27,Mariakani,Kilifi,Septrin,respiratory,79,0.8
2023-03-06,Mariakani,Kilifi,Septrin,respiratory,71,0.8
2023-03-13,Mariakani,Kilifi,Septrin,respiratory,91,0.8
2023-03-20,Mariakani,Kilifi,Septrin,respiratory,77,0.8
2023-03-27,Mariakani,Kilifi,Septrin,respiratory,81,0.8
2023-04-03,Mariakani,Kilifi,Septrin,respiratory,63,0.8
2023-04-10,Mariakani,Kilifi,Septrin,respiratory,40,0.8
2023-04-17,Mariakani,Kilifi,Septrin,respiratory,41,0.8
2023-04-24,Mariakani,Kilifi,Septrin,respiratory,52,0.8
2023-05-01,Mariakani,Kilifi,Septrin,respiratory,46,0.8
2023-05-08,Mariakani,Kilifi,Septrin,respiratory,48,0.8
2023-05-15,Mariakani,Kilifi,Septrin,respiratory,60,0.8
2023-05-22,Mariakani,Kilifi,Septrin,respiratory,58,0.8
2023-05-29,Mariakani,Kilifi,Septrin,respiratory,67,0.8
2023-06-05,Mariakani,Kilifi,Septrin,respiratory,50,0.8
2023-06-12,Mariakani,Kilifi,Septrin,respiratory,47,0.8
2023-06-19,Mariakani,Kilifi,Septrin,respiratory,56,0.8
2023-06-26,Mariakani,Kilifi,Septrin,respiratory,145,0.8
2023-07-03,Mariakani,Kilifi,Septrin,respiratory,169,0.8
2023-07-10,Mariakani,Kilifi,Septrin,respiratory,198,0.8
2023-07-17,Mariakani,Kilifi,Septrin,respiratory,271,0.8
2023-07-24,Mariakani,Kilifi,Septrin,respiratory,245,0.8
2023-07-31,Mariakani,Kilifi,Septrin,respiratory,244,0.8
2023-08-07,Mariakani,Kilifi,Septrin,respiratory,102,0.8
2023-08-14,Mariakani,Kilifi,Septrin,respiratory,84,0.8
2023-08-21,Mariakani,Kilifi,Septrin,respiratory,53,0.8
2023-08-28,Mariakani,Kilifi,Septrin,respiratory,59,0.8
2023-09-04,Mariakani,Kilifi,Septrin,respiratory,60,0.8
2023-09-11,Mariakani,Kilifi,Septrin,respiratory,58,0.8
2023-09-18,Mariakani,Kilifi,Septrin,respiratory,51,0.8
2023-09-25,Mariakani,Kilifi,Septrin,respiratory,57,0.8
2023-10-02,Mariakani,Kilifi,Septrin,respiratory,128,0.8
2023-10-09,Mariakani,Kilifi,Septrin,respiratory,109,0.8
2023-10-16,Mariakani,Kilifi,Septrin,respiratory,114,0.8
2023-10-23,Mariakani,Kilifi,Septrin,respiratory,141,0.8
2023-10-30,Mariakani,Kilifi,Septrin,respiratory,111,0.8
2023-11-06,Mariakani,Kilifi,Septrin,respiratory,112,0.8
2023-11-13,Mariakani,Kilifi,Septrin,respiratory,71,0.8
2023-11-20,Mariakani,Kilifi,Septrin,respiratory,76,0.8
2023-11-27,Mariakani,Kilifi,Septrin,respiratory,89,0.8
2023-12-04,Mariakani,Kilifi,Septrin,respiratory,71,0.8
2023-12-11,Mariakani,Kilifi,Septrin,respiratory,273,0.8
2023-12-18,Mariakani,Kilifi,Septrin,respiratory,546,0.8
2023-12-25,Mariakani,Kilifi,Septrin,respiratory,483,0.8
2024-01-01,Mariakani,Kilifi,Septrin,respiratory,336,0.8
2024-01-08,Mariakani,Kilifi,Septrin,respiratory,438,0.8
2024-01-15,Mariakani,Kilifi,Septrin,respiratory,344,0.8
2024-01-22,Mariakani,Kilifi,Septrin,respiratory,171,0.8
2024-01-29,Mariakani,Kilifi,Septrin,respiratory,36,0.8
2024-02-05,Mariakani,Kilifi,Septrin,respiratory,49,0.8
2024-02-12,Mariakani,Kilifi,Septrin,respiratory,89,0.8
2024-02-19,Mariakani,Kilifi,Septrin,respiratory,102,0.8
2024-02-26,Mariakani,Kilifi,Septrin,respiratory,76,0.8
2024-03-04,Mariakani,Kilifi,Septrin,respiratory,90,0.8
2024-03-11,Mariakani,Kilifi,Septrin,respiratory,97,0.8
2024-03-18,Mariakani,Kilifi,Septrin,respiratory,79,0.8
2024-03-25,Mariakani,Kilifi,Septrin,respiratory,76,0.8
2024-04-01,Mariakani,Kilifi,Septrin,respiratory,64,0.8
2024-04-08,Mariakani,Kilifi,Septrin,respiratory,41,0.8
2024-04-15,Mariakani,Kilifi,Septrin,respiratory,50,0.8
2024-04-22,Mariakani,Kilifi,Septrin,respiratory,53,0.8
2024-04-29,Mariakani,Kilifi,Septrin,respiratory,53,0.8
2024-05-06,Mariakani,Kilifi,Septrin,respiratory,39,0.8
2024-05-13,Mariakani,Kilifi,Septrin,respiratory,58,0.8
2024-05-20,Mariakani,Kilifi,Septrin,respiratory,54,0.8
2024-05-27,Mariakani,Kilifi,Septrin,respiratory,44,0.8
2024-06-03,Mariakani,Kilifi,Septrin,respiratory,67,0.8
2024-06-10,Mariakani,Kilifi,Septrin,respiratory,50,0.8
2024-06-17,Mariakani,Kilifi,Septrin,respiratory,50,0.8
2024-06-24,Mariakani,Kilifi,Septrin,respiratory,70,0.8
2024-07-01,Mariakani,Kilifi,Septrin,respiratory,95,0.8
2024-07-08,Mariakani,Kilifi,Septrin,respiratory,91,0.8
2024-07-15,Mariakani,Kilifi,Septrin,respiratory,98,0.8
2024-07-22,Mariakani,Kilifi,Septrin,respiratory,76,0.8
2024-07-29,Mariakani,Kilifi,Septrin,respiratory,89,0.8
2024-08-05,Mariakani,Kilifi,Septrin,respiratory,76,0.8
2024-08-12,Mariakani,Kilifi,Septrin,respiratory,82,0.8
2024-08-19,Mariakani,Kilifi,Septrin,respiratory,71,0.8
2024-08-26,Mariakani,Kilifi,Septrin,respiratory,65,0.8
2024-09-02,Mariakani,Kilifi,Septrin,respiratory,36,0.8
2024-09-09,Mariakani,Kilifi,Septrin,respiratory,48,0.8
2024-09-16,Mariakani,Kilifi,Septrin,respiratory,63,0.8
2024-09-23,Mariakani,Kilifi,Septrin,respiratory,41,0.8
2024-09-30,Mariakani,Kilifi,Septrin,respiratory,59,0.8
2024-10-07,Mariakani,Kilifi,Septrin,respiratory,61,0.8
2024-10-14,Mariakani,Kilifi,Septrin,respiratory,52,0.8
2024-10-21,Mariakani,Kilifi,Septrin,respiratory,41,0.8
2024-10-28,Mariakani,Kilifi,Septrin,respiratory,52,0.8
2024-11-04,Mariakani,Kilifi,Septrin,respiratory,64,0.8
2024-11-11,Mariakani,Kilifi,Septrin,respiratory,79,0.8
2024-11-18,Mariakani,Kilifi,Septrin,respiratory,76,0.8
2024-11-25,Mariakani,Kilifi,Septrin,respiratory,70,0.8
2024-12-02,Mariakani,Kilifi,Septrin,respiratory,110,0.8
2024-12-09,Mariakani,Kilifi,Septrin,respiratory,100,0.8
2024-12-16,Mariakani,Kilifi,Septrin,respiratory,75,0.8
2024-12-23,Mariakani,Kilifi,Septrin,respiratory,86,0.8
2024-12-30,Mariakani,Kilifi,Septrin,respiratory,55,0.8
2023-01-02,Mariakani,Kilifi,Amoxicillin,respiratory,40,0.75
2023-01-09,Mariakani,Kilifi,Amoxicillin,respiratory,34,0.75
2023-01-16,Mariakani,Kilifi,Amoxicillin,respiratory,39,0.75
2023-01-23,Mariakani,Kilifi,Amoxicillin,respiratory,44,0.75
2023-01-30,Mariakani,Kilifi,Amoxicillin,respiratory,43,0.75
2023-02-06,Mariakani,Kilifi,Amoxicillin,respiratory,50,0.75
2023-02-13,Mariakani,Kilifi,Amoxicillin,respiratory,37,0.75
2023-02-20,Mariakani,Kilifi,Amoxicillin,respiratory,58,0.75
2023-02-27,Mariakani,Kilifi,Amoxicillin,respiratory,61,0.75
2023-03-06,Mariakani,Kilifi,Amoxicillin,respiratory,55,0.75
2023-03-13,Mariakani,Kilifi,Amoxicillin,respiratory,73,0.75
2023-03-20,Mariakani,Kilifi,Amoxicillin,respiratory,42,0.75
2023-03-27,Mariakani,Kilifi,Amoxicillin,respiratory,61,0.75
2023-04-03,Mariakani,Kilifi,Amoxicillin,respiratory,56,0.75
2023-04-10,Mariakani,Kilifi,Amoxicillin,respiratory,37,0.75
2023-04-17,Mariakani,Kilifi,Amoxicillin,respiratory,38,0.75
2023-04-24,Mariakani,Kilifi,Amoxicillin,respiratory,44,0.75
2023-05-01,Mariakani,Kilifi,Amoxicillin,respiratory,34,0.75
2023-05-08,Mariakani,Kilifi,Amoxicillin,respiratory,42,0.75
2023-05-15,Mariakani,Kilifi,Amoxicillin,respiratory,33,0.75
2023-05-22,Mariakani,Kilifi,Amoxicillin,respiratory,31,0.75
2023-05-29,Mariakani,Kilifi,Amoxicillin,respiratory,40,0.75
2023-06-05,Mariakani,Kilifi,Amoxicillin,respiratory,38,0.75
2023-06-12,Mariakani,Kilifi,Amoxicillin,respiratory,29,0.75
2023-06-19,Mariakani,Kilifi,Amoxicillin,respiratory,47,0.75
2023-06-26,Mariakani,Kilifi,Amoxicillin,respiratory,44,0.75
2023-07-03,Mariakani,Kilifi,Amoxicillin,respiratory,59,0.75
2023-07-10,Mariakani,Kilifi,Amoxicillin,respiratory,75,0.75
2023-07-17,Mariakani,Kilifi,Amoxicillin,respiratory,67,0.75
2023-07-24,Mariakani,Kilifi,Amoxicillin,respiratory,78,0.75
2023-07-31,Mariakani,Kilifi,Amoxicillin,respiratory,56,0.75
2023-08-07,Mariakani,Kilifi,Amoxicillin,respiratory,73,0.75
2023-08-14,Mariakani,Kilifi,Amoxicillin,respiratory,48,0.75
2023-08-21,Mariakani,Kilifi,Amoxicillin,respiratory,43,0.75
2023-08-28,Mariakani,Kilifi,Amoxicillin,respiratory,30,0.75
2023-09-04,Mariakani,Kilifi,Amoxicillin,respiratory,40,0.75
2023-09-11,Mariakani,Kilifi,Amoxicillin,respiratory,42,0.75
2023-09-18,Mariakani,Kilifi,Amoxicillin,respiratory,43,0.75
2023-09-25,Mariakani,Kilifi,Amoxicillin,respiratory,30,0.75
2023-10-02,Mariakani,Kilifi,Amoxicillin,respiratory,41,0.75
2023-10-09,Mariakani,Kilifi,Amoxicillin,respiratory,41,0.75
2023-10-16,Mariakani,Kilifi,Amoxicillin,respiratory,42,0.75
2023-10-23,Mariakani,Kilifi,Amoxicillin,respiratory,34,0.75
2023-10-30,Mariakani,Kilifi,Amoxicillin,respiratory,24,0.75
2023-11-06,Mariakani,Kilifi,Amoxicillin,respiratory,43,0.75
2023-11-13,Mariakani,Kilifi,Amoxicillin,respiratory,95,0.75
2023-11-20,Mariakani,Kilifi,Amoxicillin,respiratory,117,0.75
2023-11-27,Mariakani,Kilifi,Amoxicillin,respiratory,123,0.75
2023-12-04,Mariakani,Kilifi,Amoxicillin,respiratory,137,0.75
2023-12-11,Mariakani,Kilifi,Amoxicillin,respiratory,150,0.75
2023-12-18,Mariakani,Kilifi,Amoxicillin,respiratory,96,0.75
2023-12-25,Mariakani,Kilifi,Amoxicillin,respiratory,71,0.75
2024-01-01,Mariakani,Kilifi,Amoxicillin,respiratory,37,0.75
2024-01-08,Mariakani,Kilifi,Amoxicillin,respiratory,48,0.75
2024-01-15,Mariakani,Kilifi,Amoxicillin,respiratory,36,0.75
2024-01-22,Mariakani,Kilifi,Amoxicillin,respiratory,35,0.75
2024-01-29,Mariakani,Kilifi,Amoxicillin,respiratory,38,0.75
2024-02-05,Mariakani,Kilifi,Amoxicillin,respiratory,50,0.75
2024-02-12,Mariakani,Kilifi,Amoxicillin,respiratory,52,0.75
2024-02-19,Mariakani,Kilifi,Amoxicillin,respiratory,65,0.75
2024-02-26,Mariakani,Kilifi,Amoxicillin,respiratory,60,0.75
2024-03-04,Mariakani,Kilifi,Amoxicillin,respiratory,66,0.75
2024-03-11,Mariakani,Kilifi,Amoxicillin,respiratory,153,0.75
2024-03-18,Mariakani,Kilifi,Amoxicillin,respiratory,113,0.75
2024-03-25,Mariakani,Kilifi,Amoxicillin,respiratory,300,0.75
2024-04-01,Mariakani,Kilifi,Amoxicillin,respiratory,189,0.75
2024-04-08,Mariakani,Kilifi,Amoxicillin,respiratory,240,0.75
2024-04-15,Mariakani,Kilifi,Amoxicillin,respiratory,231,0.75
2024-04-22,Mariakani,Kilifi,Amoxicillin,respiratory,100,0.75
2024-04-29,Mariakani,Kilifi,Amoxicillin,respiratory,129,0.75
2024-05-06,Mariakani,Kilifi,Amoxicillin,respiratory,40,0.75
2024-05-13,Mariakani,Kilifi,Amoxicillin,respiratory,39,0.75
2024-05-20,Mariakani,Kilifi,Amoxicillin,respiratory,46,0.75
2024-05-27,Mariakani,Kilifi,Amoxicillin,respiratory,36,0.75
2024-06-03,Mariakani,Kilifi,Amoxicillin,respiratory,34,0.75
2024-06-10,Mariakani,Kilifi,Amoxicillin,respiratory,40,0.75
2024-06-17,Mariakani,Kilifi,Amoxicillin,respiratory,42,0.75
2024-06-24,Mariakani,Kilifi,Amoxicillin,respiratory,54,0.75
2024-07-01,Mariakani,Kilifi,Amoxicillin,respiratory,53,0.75
2024-07-08,Mariakani,Kilifi,Amoxicillin,respiratory,53,0.75
2024-07-15,Mariakani,Kilifi,Amoxicillin,respiratory,88,0.75
2024-07-22,Mariakani,Kilifi,Amoxicillin,respiratory,55,0.75
2024-07-29,Mariakani,Kilifi,Amoxicillin,respiratory,65,0.75
2024-08-05,Mariakani,Kilifi,Amoxicillin,respiratory,67,0.75
2024-08-12,Mariakani,Kilifi,Amoxicillin,respiratory,64,0.75
2024-08-19,Mariakani,Kilifi,Amoxicillin,respiratory,43,0.75
2024-08-26,Mariakani,Kilifi,Amoxicillin,respiratory,28,0.75
2024-09-02,Mariakani,Kilifi,Amoxicillin,respiratory,35,0.75
2024-09-09,Mariakani,Kilifi,Amoxicillin,respiratory,43,0.75
2024-09-16,Mariakani,Kilifi,Amoxicillin,respiratory,42,0.75
2024-09-23,Mariakani,Kilifi,Amoxicillin,respiratory,42,0.75
2024-09-30,Mariakani,Kilifi,Amoxicillin,respiratory,43,0.75
2024-10-07,Mariakani,Kilifi,Amoxicillin,respiratory,46,0.75
2024-10-14,Mariakani,Kilifi,Amoxicillin,respiratory,34,0.75
2024-10-21,Mariakani,Kilifi,Amoxicillin,respiratory,32,0.75
2024-10-28,Mariakani,Kilifi,Amoxicillin,respiratory,41,0.75
2024-11-04,Mariakani,Kilifi,Amoxicillin,respiratory,32,0.75
2024-11-11,Mariakani,Kilifi,Amoxicillin,respiratory,38,0.75
2024-11-18,Mariakani,Kilifi,Amoxicillin,respiratory,64,0.75
2024-11-25,Mariakani,Kilifi,Amoxicillin,respiratory,63,0.75
2024-12-02,Mariakani,Kilifi,Amoxicillin,respiratory,64,0.75
2024-12-09,Mariakani,Kilifi,Amoxicillin,respiratory,66,0.75
2024-12-16,Mariakani,Kilifi,Amoxicillin,respiratory,63,0.75
2024-12-23,Mariakani,Kilifi,Amoxicillin,respiratory,71,0.75
2024-12-30,Mariakani,Kilifi,Amoxicillin,respiratory,30,0.75
2023-01-02,Mariakani,Kilifi,Piriton,respiratory,35,0.5
2023-01-09,Mariakani,Kilifi,Piriton,respiratory,33,0.5
2023-01-16,Mariakani,Kilifi,Piriton,respiratory,50,0.5
2023-01-23,Mariakani,Kilifi,Piriton,respiratory,44,0.5
2023-01-30,Mariakani,Kilifi,Piriton,respiratory,55,0.5
2023-02-06,Mariakani,Kilifi,Piriton,respiratory,53,0.5
2023-02-13,Mariakani,Kilifi,Piriton,respiratory,45,0.5
2023-02-20,Mariakani,Kilifi,Piriton,respiratory,69,0.5
2023-02-27,Mariakani,Kilifi,Piriton,respiratory,78,0.5
2023-03-06,Mariakani,Kilifi,Piriton,respiratory,76,0.5
2023-03-13,Mariakani,Kilifi,Piriton,respiratory,82,0.5
2023-03-20,Mariakani,Kilifi,Piriton,respiratory,65,0.5
2023-03-27,Mariakani,Kilifi,Piriton,respiratory,52,0.5
2023-04-03,Mariakani,Kilifi,Piriton,respiratory,47,0.5
2023-04-10,Mariakani,Kilifi,Piriton,respiratory,42,0.5
2023-04-17,Mariakani,Kilifi,Piriton,respiratory,42,0.5
2023-04-24,Mariakani,Kilifi,Piriton,respiratory,185,0.5
2023-05-01,Mariakani,Kilifi,Piriton,respiratory,162,0.5
2023-05-08,Mariakani,Kilifi,Piriton,respiratory,150,0.5
2023-05-15,Mariakani,Kilifi,Piriton,respiratory,145,0.5
2023-05-22,Mariakani,Kilifi,Piriton,respiratory,142,0.5
2023-05-29,Mariakani,Kilifi,Piriton,respiratory,142,0.5
2023-06-05,Mariakani,Kilifi,Piriton,respiratory,47,0.5
2023-06-12,Mariakani,Kilifi,Piriton,respiratory,117,0.5
2023-06-19,Mariakani,Kilifi,Piriton,respiratory,80,0.5
2023-06-26,Mariakani,Kilifi,Piriton,respiratory,134,0.5
2023-07-03,Mariakani,Kilifi,Piriton,respiratory,159,0.5
2023-07-10,Mariakani,Kilifi,Piriton,respiratory,162,0.5
2023-07-17,Mariakani,Kilifi,Piriton,respiratory,178,0.5
2023-07-24,Mariakani,Kilifi,Piriton,respiratory,81,0.5
2023-07-31,Mariakani,Kilifi,Piriton,respiratory,85,0.5
2023-08-07,Mariakani,Kilifi,Piriton,respiratory,74,0.5
2023-08-14,Mariakani,Kilifi,Piriton,respiratory,71,0.5
2023-08-21,Mariakani,Kilifi,Piriton,respiratory,62,0.5
2023-08-28,Mariakani,Kilifi,Piriton,respiratory,43,0.5
2023-09-04,Mariakani,Kilifi,Piriton,respiratory,49,0.5
2023-09-11,Mariakani,Kilifi,Piriton,respiratory,34,0.5
2023-09-18,Mariakani,Kilifi,Piriton,respiratory,43,0.5
2023-09-25,Mariakani,Kilifi,Piriton,respiratory,42,0.5
2023-10-02,Mariakani,Kilifi,Piriton,respiratory,56,0.5
2023-10-09,Mariakani,Kilifi,Piriton,respiratory,48,0.5
2023-10-16,Mariakani,Kilifi,Piriton,respiratory,36,0.5
2023-10-23,Mariakani,Kilifi,Piriton,respiratory,50,0.5
2023-10-30,Mariakani,Kilifi,Piriton,respiratory,52,0.5
2023-11-06,Mariakani,Kilifi,Piriton,respiratory,45,0.5
2023-11-13,Mariakani,Kilifi,Piriton,respiratory,61,0.5
2023-11-20,Mariakani,Kilifi,Piriton,respiratory,40,0.5
2023-11-27,Mariakani,Kilifi,Piriton,respiratory,42,0.5
2023-12-04,Mariakani,Kilifi,Piriton,respiratory,62,0.5
2023-12-11,Mariakani,Kilifi,Piriton,respiratory,79,0.5
2023-12-18,Mariakani,Kilifi,Piriton,respiratory,93,0.5
2023-12-25,Mariakani,Kilifi,Piriton,respiratory,59,0.5
2024-01-01,Mariakani,Kilifi,Piriton,respiratory,40,0.5
2024-01-08,Mariakani,Kilifi,Piriton,respiratory,46,0.5
2024-01-15,Mariakani,Kilifi,Piriton,respiratory,42,0.5
2024-01-22,Mariakani,Kilifi,Piriton,respiratory,42,0.5
2024-01-29,Mariakani,Kilifi,Piriton,respiratory,43,0.5
2024-02-05,Mariakani,Kilifi,Piriton,respiratory,66,0.5
2024-02-12,Mariakani,Kilifi,Piriton,respiratory,75,0.5
2024-02-19,Mariakani,Kilifi,Piriton,respiratory,72,0.5
2024-02-26,Mariakani,Kilifi,Piriton,respiratory,95,0.5
2024-03-04,Mariakani,Kilifi,Piriton,respiratory,83,0.5
2024-03-11,Mariakani,Kilifi,Piriton,respiratory,89,0.5
2024-03-18,Mariakani,Kilifi,Piriton,respiratory,62,0.5
2024-03-25,Mariakani,Kilifi,Piriton,respiratory,58,0.5
2024-04-01,Mariakani,Kilifi,Piriton,respiratory,50,0.5
2024-04-08,Mariakani,Kilifi,Piriton,respiratory,45,0.5
2024-04-15,Mariakani,Kilifi,Piriton,respiratory,46,0.5
2024-04-22,Mariakani,Kilifi,Piriton,respiratory,48,0.5
2024-04-29,Mariakani,Kilifi,Piriton,respiratory,59,0.5
2024-05-06,Mariakani,Kilifi,Piriton,respiratory,50,0.5
2024-05-13,Mariakani,Kilifi,Piriton,respiratory,42,0.5
2024-05-20,Mariakani,Kilifi,Piriton,respiratory,45,0.5
2024-05-27,Mariakani,Kilifi,Piriton,respiratory,56,0.5
2024-06-03,Mariakani,Kilifi,Piriton,respiratory,51,0.5
2024-06-10,Mariakani,Kilifi,Piriton,respiratory,56,0.5
2024-06-17,Mariakani,Kilifi,Piriton,respiratory,42,0.5
2024-06-24,Mariakani,Kilifi,Piriton,respiratory,49,0.5
2024-07-01,Mariakani,Kilifi,Piriton,respiratory,58,0.5
2024-07-08,Mariakani,Kilifi,Piriton,respiratory,67,0.5
2024-07-15,Mariakani,Kilifi,Piriton,respiratory,64,0.5
2024-07-22,Mariakani,Kilifi,Piriton,respiratory,81,0.5
2024-07-29,Mariakani,Kilifi,Piriton,respiratory,79,0.5
2024-08-05,Mariakani,Kilifi,Piriton,respiratory,86,0.5
2024-08-12,Mariakani,Kilifi,Piriton,respiratory,47,0.5
2024-08-19,Mariakani,Kilifi,Piriton,respiratory,48,0.5
2024-08-26,Mariakani,Kilifi,Piriton,respiratory,92,0.5
2024-09-02,Mariakani,Kilifi,Piriton,respiratory,84,0.5
2024-09-09,Mariakani,Kilifi,Piriton,respiratory,82,0.5
2024-09-16,Mariakani,Kilifi,Piriton,respiratory,97,0.5
2024-09-23,Mariakani,Kilifi,Piriton,respiratory,69,0.5
2024-09-30,Mariakani,Kilifi,Piriton,respiratory,168,0.5
2024-10-07,Mariakani,Kilifi,Piriton,respiratory,91,0.5
2024-10-14,Mariakani,Kilifi,Piriton,respiratory,73,0.5
2024-10-21,Mariakani,Kilifi,Piriton,respiratory,107,0.5
2024-10-28,Mariakani,Kilifi,Piriton,respiratory,97,0.5
2024-11-04,Mariakani,Kilifi,Piriton,respiratory,93,0.5
2024-11-11,Mariakani,Kilifi,Piriton,respiratory,48,0.5
2024-11-18,Mariakani,Kilifi,Piriton,respiratory,64,0.5
2024-11-25,Mariakani,Kilifi,Piriton,respiratory,63,0.5
2024-12-02,Mariakani,Kilifi,Piriton,respiratory,78,0.5
2024-12-09,Mariakani,Kilifi,Piriton,respiratory,83,0.5
2024-12-16,Mariakani,Kilifi,Piriton,respiratory,72,0.5
2024-12-23,Mariakani,Kilifi,Piriton,respiratory,67,0.5
2024-12-30,Mariakani,Kilifi,Piriton,respiratory,47,0.5
2023-01-02,Mombasa,Mombasa,Coartem,malaria,95,0.95
2023-01-09,Mombasa,Mombasa,Coartem,malaria,83,0.95
2023-01-16,Mombasa,Mombasa,Coartem,malaria,108,0.95
2023-01-23,Mombasa,Mombasa,Coartem,malaria,125,0.95
2023-01-30,Mombasa,Mombasa,Coartem,malaria,146,0.95
2023-02-06,Mombasa,Mombasa,Coartem,malaria,163,0.95
2023-02-13,Mombasa,Mombasa,Coartem,malaria,109,0.95
2023-02-20,Mombasa,Mombasa,Coartem,malaria,105,0.95
2023-02-27,Mombasa,Mombasa,Coartem,malaria,97,0.95
2023-03-06,Mombasa,Mombasa,Coartem,malaria,67,0.95
2023-03-13,Mombasa,Mombasa,Coartem,malaria,108,0.95
2023-03-20,Mombasa,Mombasa,Coartem,malaria,83,0.95
2023-03-27,Mombasa,Mombasa,Coartem,malaria,129,0.95
2023-04-03,Mombasa,Mombasa,Coartem,malaria,139,0.95
2023-04-10,Mombasa,Mombasa,Coartem,malaria,152,0.95
2023-04-17,Mombasa,Mombasa,Coartem,malaria,127,0.95
2023-04-24,Mombasa,Mombasa,Coartem,malaria,133,0.95
2023-05-01,Mombasa,Mombasa,Coartem,malaria,100,0.95
2023-05-08,Mombasa,Mombasa,Coartem,malaria,76,0.95
2023-05-15,Mombasa,Mombasa,Coartem,malaria,58,0.95
2023-05-22,Mombasa,Mombasa,Coartem,malaria,68,0.95
2023-05-29,Mombasa,Mombasa,Coartem,malaria,97,0.95
2023-06-05,Mombasa,Mombasa,Coartem,malaria,123,0.95
2023-06-12,Mombasa,Mombasa,Coartem,malaria,122,0.95
2023-06-19,Mombasa,Mombasa,Coartem,malaria,133,0.95
2023-06-26,Mombasa,Mombasa,Coartem,malaria,150,0.95
2023-07-03,Mombasa,Mombasa,Coartem,malaria,108,0.95
2023-07-10,Mombasa,Mombasa,Coartem,malaria,140,0.95
2023-07-17,Mombasa,Mombasa,Coartem,malaria,97,0.95
2023-07-24,Mombasa,Mombasa,Coartem,malaria,66,0.95
2023-07-31,Mombasa,Mombasa,Coartem,malaria,84,0.95
2023-08-07,Mombasa,Mombasa,Coartem,malaria,88,0.95
2023-08-14,Mombasa,Mombasa,Coartem,malaria,117,0.95
2023-08-21,Mombasa,Mombasa,Coartem,malaria,85,0.95
2023-08-28,Mombasa,Mombasa,Coartem,malaria,154,0.95
2023-09-04,Mombasa,Mombasa,Coartem,malaria,73,0.95
2023-09-11,Mombasa,Mombasa,Coartem,malaria,118,0.95
2023-09-18,Mombasa,Mombasa,Coartem,malaria,86,0.95
2023-09-25,Mombasa,Mombasa,Coartem,malaria,78,0.95
2023-10-02,Mombasa,Mombasa,Coartem,malaria,62,0.95
2023-10-09,Mombasa,Mombasa,Coartem,malaria,112,0.95
2023-10-16,Mombasa,Mombasa,Coartem,malaria,87,0.95
2023-10-23,Mombasa,Mombasa,Coartem,malaria,134,0.95
2023-10-30,Mombasa,Mombasa,Coartem,malaria,148,0.95
2023-11-06,Mombasa,Mombasa,Coartem,malaria,84,0.95
2023-11-13,Mombasa,Mombasa,Coartem,malaria,115,0.95
2023-11-20,Mombasa,Mombasa,Coartem,malaria,144,0.95
2023-11-27,Mombasa,Mombasa,Coartem,malaria,83,0.95
2023-12-04,Mombasa,Mombasa,Coartem,malaria,103,0.95
2023-12-11,Mombasa,Mombasa,Coartem,malaria,68,0.95
2023-12-18,Mombasa,Mombasa,Coartem,malaria,86,0.95
2023-12-25,Mombasa,Mombasa,Coartem,malaria,105,0.95
2024-01-01,Mombasa,Mombasa,Coartem,malaria,91,0.95
2024-01-08,Mombasa,Mombasa,Coartem,malaria,89,0.95
2024-01-15,Mombasa,Mombasa,Coartem,malaria,113,0.95
2024-01-22,Mombasa,Mombasa,Coartem,malaria,1003,0.95
2024-01-29,Mombasa,Mombasa,Coartem,malaria,999,0.95
2024-02-05,Mombasa,Mombasa,Coartem,malaria,1000,0.95
2024-02-12,Mombasa,Mombasa,Coartem,malaria,789,0.95
2024-02-19,Mombasa,Mombasa,Coartem,malaria,857,0.95
2024-02-26,Mombasa,Mombasa,Coartem,malaria,667,0.95
2024-03-04,Mombasa,Mombasa,Coartem,malaria,52,0.95
2024-03-11,Mombasa,Mombasa,Coartem,malaria,80,0.95
2024-03-18,Mombasa,Mombasa,Coartem,malaria,90,0.95
2024-03-25,Mombasa,Mombasa,Coartem,malaria,102,0.95
2024-04-01,Mombasa,Mombasa,Coartem,malaria,117,0.95
2024-04-08,Mombasa,Mombasa,Coartem,malaria,141,0.95
2024-04-15,Mombasa,Mombasa,Coartem,malaria,114,0.95
2024-04-22,Mombasa,Mombasa,Coartem,malaria,121,0.95
2024-04-29,Mombasa,Mombasa,Coartem,malaria,105,0.95
2024-05-06,Mombasa,Mombasa,Coartem,malaria,77,0.95
2024-05-13,Mombasa,Mombasa,Coartem,malaria,64,0.95
2024-05-20,Mombasa,Mombasa,Coartem,malaria,98,0.95
2024-05-27,Mombasa,Mombasa,Coartem,malaria,106,0.95
2024-06-03,Mombasa,Mombasa,Coartem,malaria,127,0.95
2024-06-10,Mombasa,Mombasa,Coartem,malaria,150,0.95
2024-06-17,Mombasa,Mombasa,Coartem,malaria,138,0.95
2024-06-24,Mombasa,Mombasa,Coartem,malaria,90,0.95
2024-07-01,Mombasa,Mombasa,Coartem,malaria,122,0.95
2024-07-08,Mombasa,Mombasa,Coartem,malaria,94,0.95
2024-07-15,Mombasa,Mombasa,Coartem,malaria,111,0.95
2024-07-22,Mombasa,Mombasa,Coartem,malaria,72,0.95
2024-07-29,Mombasa,Mombasa,Coartem,malaria,79,0.95
2024-08-05,Mombasa,Mombasa,Coartem,malaria,113,0.95
2024-08-12,Mombasa,Mombasa,Coartem,malaria,119,0.95
2024-08-19,Mombasa,Mombasa,Coartem,malaria,94,0.95
2024-08-26,Mombasa,Mombasa,Coartem,malaria,146,0.95
2024-09-02,Mombasa,Mombasa,Coartem,malaria,119,0.95
2024-09-09,Mombasa,Mombasa,Coartem,malaria,143,0.95
2024-09-16,Mombasa,Mombasa,Coartem,malaria,102,0.95
2024-09-23,Mombasa,Mombasa,Coartem,malaria,106,0.95
2024-09-30,Mombasa,Mombasa,Coartem,malaria,72,0.95
2024-10-07,Mombasa,Mombasa,Coartem,malaria,100,0.95
2024-10-14,Mombasa,Mombasa,Coartem,malaria,96,0.95
2024-10-21,Mombasa,Mombasa,Coartem,malaria,124,0.95
2024-10-28,Mombasa,Mombasa,Coartem,malaria,94,0.95
2024-11-04,Mombasa,Mombasa,Coartem,malaria,127,0.95
2024-11-11,Mombasa,Mombasa,Coartem,malaria,98,0.95
2024-11-18,Mombasa,Mombasa,Coartem,malaria,97,0.95
2024-11-25,Mombasa,Mombasa,Coartem,malaria,90,0.95
2024-12-02,Mombasa,Mombasa,Coartem,malaria,96,0.95
2024-12-09,Mombasa,Mombasa,Coartem,malaria,66,0.95
2024-12-16,Mombasa,Mombasa,Coartem,malaria,87,0.95
2024-12-23,Mombasa,Mombasa,Coartem,malaria,101,0.95
2024-12-30,Mombasa,Mombasa,Coartem,malaria,101,0.95
2023-01-02,Mombasa,Mombasa,Panadol,malaria,326,0.4
2023-01-09,Mombasa,Mombasa,Panadol,malaria,381,0.4
2023-01-16,Mombasa,Mombasa,Panadol,malaria,408,0.4
2023-01-23,Mombasa,Mombasa,Panadol,malaria,504,0.4
2023-01-30,Mombasa,Mombasa,Panadol,malaria,572,0.4
2023-02-06,Mombasa,Mombasa,Panadol,malaria,525,0.4
2023-02-13,Mombasa,Mombasa,Panadol,malaria,502,0.4
2023-02-20,Mombasa,Mombasa,Panadol,malaria,356,0.4
2023-02-27,Mombasa,Mombasa,Panadol,malaria,326,0.4
2023-03-06,Mombasa,Mombasa,Panadol,malaria,233,0.4
2023-03-13,Mombasa,Mombasa,Panadol,malaria,331,0.4
2023-03-20,Mombasa,Mombasa,Panadol,malaria,464,0.4
2023-03-27,Mombasa,Mombasa,Panadol,malaria,470,0.4
2023-04-03,Mombasa,Mombasa,Panadol,malaria,589,0.4
2023-04-10,Mombasa,Mombasa,Panadol,malaria,464,0.4
2023-04-17,Mombasa,Mombasa,Panadol,malaria,416,0.4
2023-04-24,Mombasa,Mombasa,Panadol,malaria,475,0.4
2023-05-01,Mombasa,Mombasa,Panadol,malaria,397,0.4
2023-05-08,Mombasa,Mombasa,Panadol,malaria,342,0.4
2023-05-15,Mombasa,Mombasa,Panadol,malaria,262,0.4
2023-05-22,Mombasa,Mombasa,Panadol,malaria,302,0.4
2023-05-29,Mombasa,Mombasa,Panadol,malaria,401,0.4
2023-06-05,Mombasa,Mombasa,Panadol,malaria,505,0.4
2023-06-12,Mombasa,Mombasa,Panadol,malaria,550,0.4
2023-06-19,Mombasa,Mombasa,Panadol,malaria,449,0.4
2023-06-26,Mombasa,Mombasa,Panadol,malaria,490,0.4
2023-07-03,Mombasa,Mombasa,Panadol,malaria,538,0.4
2023-07-10,Mombasa,Mombasa,Panadol,malaria,363,0.4
2023-07-17,Mombasa,Mombasa,Panadol,malaria,294,0.4
2023-07-24,Mombasa,Mombasa,Panadol,malaria,285,0.4
2023-07-31,Mombasa,Mombasa,Panadol,malaria,356,0.4
2023-08-07,Mombasa,Mombasa,Panadol,malaria,341,0.4
2023-08-14,Mombasa,Mombasa,Panadol,malaria,348,0.4
2023-08-21,Mombasa,Mombasa,Panadol,malaria,488,0.4
2023-08-28,Mombasa,Mombasa,Panadol,malaria,454,0.4
2023-09-04,Mombasa,Mombasa,Panadol,malaria,354,0.4
2023-09-11,Mombasa,Mombasa,Panadol,malaria,395,0.4
2023-09-18,Mombasa,Mombasa,Panadol,malaria,425,0.4
2023-09-25,Mombasa,Mombasa,Panadol,malaria,319,0.4
2023-10-02,Mombasa,Mombasa,Panadol,malaria,315,0.4
2023-10-09,Mombasa,Mombasa,Panadol,malaria,224,0.4
2023-10-16,Mombasa,Mombasa,Panadol,malaria,468,0.4
2023-10-23,Mombasa,Mombasa,Panadol,malaria,418,0.4
2023-10-30,Mombasa,Mombasa,Panadol,malaria,439,0.4
2023-11-06,Mombasa,Mombasa,Panadol,malaria,1155,0.4
2023-11-13,Mombasa,Mombasa,Panadol,malaria,1573,0.4
2023-11-20,Mombasa,Mombasa,Panadol,malaria,994,0.4
2023-11-27,Mombasa,Mombasa,Panadol,malaria,1360,0.4
2023-12-04,Mombasa,Mombasa,Panadol,malaria,783,0.4
2023-12-11,Mombasa,Mombasa,Panadol,malaria,631,0.4
2023-12-18,Mombasa,Mombasa,Panadol,malaria,268,0.4
2023-12-25,Mombasa,Mombasa,Panadol,malaria,348,0.4
2024-01-01,Mombasa,Mombasa,Panadol,malaria,372,0.4
2024-01-08,Mombasa,Mombasa,Panadol,malaria,478,0.4
2024-01-15,Mombasa,Mombasa,Panadol,malaria,400,0.4
2024-01-22,Mombasa,Mombasa,Panadol,malaria,470,0.4
2024-01-29,Mombasa,Mombasa,Panadol,malaria,520,0.4
2024-02-05,Mombasa,Mombasa,Panadol,malaria,450,0.4
2024-02-12,Mombasa,Mombasa,Panadol,malaria,470,0.4
2024-02-19,Mombasa,Mombasa,Panadol,malaria,390,0.4
2024-02-26,Mombasa,Mombasa,Panadol,malaria,314,0.4
2024-03-04,Mombasa,Mombasa,Panadol,malaria,201,0.4
2024-03-11,Mombasa,Mombasa,Panadol,malaria,333,0.4
2024-03-18,Mombasa,Mombasa,Panadol,malaria,446,0.4
2024-03-25,Mombasa,Mombasa,Panadol,malaria,389,0.4
2024-04-01,Mombasa,Mombasa,Panadol,malaria,334,0.4
2024-04-08,Mombasa,Mombasa,Panadol,malaria,461,0.4
2024-04-15,Mombasa,Mombasa,Panadol,malaria,580,0.4
2024-04-22,Mombasa,Mombasa,Panadol,malaria,521,0.4
2024-04-29,Mombasa,Mombasa,Panadol,malaria,620,0.4
2024-05-06,Mombasa,Mombasa,Panadol,malaria,1469,0.4
2024-05-13,Mombasa,Mombasa,Panadol,malaria,1175,0.4
2024-05-20,Mombasa,Mombasa,Panadol,malaria,1683,0.4
2024-05-27,Mombasa,Mombasa,Panadol,malaria,1263,0.4
2024-06-03,Mombasa,Mombasa,Panadol,malaria,1561,0.4
2024-06-10,Mombasa,Mombasa,Panadol,malaria,801,0.4
2024-06-17,Mombasa,Mombasa,Panadol,malaria,435,0.4
2024-06-24,Mombasa,Mombasa,Panadol,malaria,549,0.4
2024-07-01,Mombasa,Mombasa,Panadol,malaria,404,0.4
2024-07-08,Mombasa,Mombasa,Panadol,malaria,313,0.4
2024-07-15,Mombasa,Mombasa,Panadol,malaria,907,0.4
2024-07-22,Mombasa,Mombasa,Panadol,malaria,712,0.4
2024-07-29,Mombasa,Mombasa,Panadol,malaria,743,0.4
2024-08-05,Mombasa,Mombasa,Panadol,malaria,969,0.4
2024-08-12,Mombasa,Mombasa,Panadol,malaria,1212,0.4
2024-08-19,Mombasa,Mombasa,Panadol,malaria,1416,0.4
2024-08-26,Mombasa,Mombasa,Panadol,malaria,437,0.4
2024-09-02,Mombasa,Mombasa,Panadol,malaria,417,0.4
2024-09-09,Mombasa,Mombasa,Panadol,malaria,567,0.4
2024-09-16,Mombasa,Mombasa,Panadol,malaria,374,0.4
2024-09-23,Mombasa,Mombasa,Panadol,malaria,338,0.4
2024-09-30,Mombasa,Mombasa,Panadol,malaria,280,0.4
2024-10-07,Mombasa,Mombasa,Panadol,malaria,239,0.4
2024-10-14,Mombasa,Mombasa,Panadol,malaria,389,0.4
2024-10-21,Mombasa,Mombasa,Panadol,malaria,332,0.4
2024-10-28,Mombasa,Mombasa,Panadol,malaria,464,0.4
2024-11-04,Mombasa,Mombasa,Panadol,malaria,584,0.4
2024-11-11,Mombasa,Mombasa,Panadol,malaria,402,0.4
2024-11-18,Mombasa,Mombasa,Panadol,malaria,331,0.4
2024-11-25,Mombasa,Mombasa,Panadol,malaria,500,0.4
2024-12-02,Mombasa,Mombasa,Panadol,malaria,270,0.4
2024-12-09,Mombasa,Mombasa,Panadol,malaria,198,0.4
2024-12-16,Mombasa,Mombasa,Panadol,malaria,405,0.4
2024-12-23,Mombasa,Mombasa,Panadol,malaria,321,0.4
2024-12-30,Mombasa,Mombasa,Panadol,malaria,406,0.4
2023-01-02,Mombasa,Mombasa,Flagyl,gi,101,0.85
2023-01-09,Mombasa,Mombasa,Flagyl,gi,107,0.85
2023-01-16,Mombasa,Mombasa,Flagyl,gi,112,0.85
2023-01-23,Mombasa,Mombasa,Flagyl,gi,115,0.85
2023-01-30,Mombasa,Mombasa,Flagyl,gi,129,0.85
2023-02-06,Mombasa,Mombasa,Flagyl,gi,98,0.85
2023-02-13,Mombasa,Mombasa,Flagyl,gi,97,0.85
2023-02-20,Mombasa,Mombasa,Flagyl,gi,100,0.85
2023-02-27,Mombasa,Mombasa,Flagyl,gi,100,0.85
2023-03-06,Mombasa,Mombasa,Flagyl,gi,103,0.85
2023-03-13,Mombasa,Mombasa,Flagyl,gi,90,0.85
2023-03-20,Mombasa,Mombasa,Flagyl,gi,77,0.85
2023-03-27,Mombasa,Mombasa,Flagyl,gi,102,0.85
2023-04-03,Mombasa,Mombasa,Flagyl,gi,135,0.85
2023-04-10,Mombasa,Mombasa,Flagyl,gi,107,0.85
2023-04-17,Mombasa,Mombasa,Flagyl,gi,99,0.85
2023-04-24,Mombasa,Mombasa,Flagyl,gi,127,0.85
2023-05-01,Mombasa,Mombasa,Flagyl,gi,113,0.85
2023-05-08,Mombasa,Mombasa,Flagyl,gi,72,0.85
2023-05-15,Mombasa,Mombasa,Flagyl,gi,68,0.85
2023-05-22,Mombasa,Mombasa,Flagyl,gi,110,0.85
2023-05-29,Mombasa,Mombasa,Flagyl,gi,119,0.85
2023-06-05,Mombasa,Mombasa,Flagyl,gi,238,0.85
2023-06-12,Mombasa,Mombasa,Flagyl,gi,216,0.85
2023-06-19,Mombasa,Mombasa,Flagyl,gi,326,0.85
2023-06-26,Mombasa,Mombasa,Flagyl,gi,294,0.85
2023-07-03,Mombasa,Mombasa,Flagyl,gi,299,0.85
2023-07-10,Mombasa,Mombasa,Flagyl,gi,290,0.85
2023-07-17,Mombasa,Mombasa,Flagyl,gi,79,0.85
2023-07-24,Mombasa,Mombasa,Flagyl,gi,73,0.85
2023-07-31,Mombasa,Mombasa,Flagyl,gi,80,0.85
2023-08-07,Mombasa,Mombasa,Flagyl,gi,92,0.85
2023-08-14,Mombasa,Mombasa,Flagyl,gi,126,0.85
2023-08-21,Mombasa,Mombasa,Flagyl,gi,125,0.85
2023-08-28,Mombasa,Mombasa,Flagyl,gi,96,0.85
2023-09-04,Mombasa,Mombasa,Flagyl,gi,136,0.85
2023-09-11,Mombasa,Mombasa,Flagyl,gi,110,0.85
2023-09-18,Mombasa,Mombasa,Flagyl,gi,118,0.85
2023-09-25,Mombasa,Mombasa,Flagyl,gi,78,0.85
2023-10-02,Mombasa,Mombasa,Flagyl,gi,67,0.85
2023-10-09,Mombasa,Mombasa,Flagyl,gi,96,0.85
2023-10-16,Mombasa,Mombasa,Flagyl,gi,88,0.85
2023-10-23,Mombasa,Mombasa,Flagyl,gi,286,0.85
2023-10-30,Mombasa,Mombasa,Flagyl,gi,258,0.85
2023-11-06,Mombasa,Mombasa,Flagyl,gi,303,0.85
2023-11-13,Mombasa,Mombasa,Flagyl,gi,314,0.85
2023-11-20,Mombasa,Mombasa,Flagyl,gi,893,0.85
2023-11-27,Mombasa,Mombasa,Flagyl,gi,767,0.85
2023-12-04,Mombasa,Mombasa,Flagyl,gi,290,0.85
2023-12-11,Mombasa,Mombasa,Flagyl,gi,238,0.85
2023-12-18,Mombasa,Mombasa,Flagyl,gi,272,0.85
2023-12-25,Mombasa,Mombasa,Flagyl,gi,285,0.85
2024-01-01,Mombasa,Mombasa,Flagyl,gi,107,0.85
2024-01-08,Mombasa,Mombasa,Flagyl,gi,112,0.85
2024-01-15,Mombasa,Mombasa,Flagyl,gi,98,0.85
2024-01-22,Mombasa,Mombasa,Flagyl,gi,134,0.85
2024-01-29,Mombasa,Mombasa,Flagyl,gi,141,0.85
2024-02-05,Mombasa,Mombasa,Flagyl,gi,121,0.85
2024-02-12,Mombasa,Mombasa,Flagyl,gi,116,0.85
2024-02-19,Mombasa,Mombasa,Flagyl,gi,73,0.85
2024-02-26,Mombasa,Mombasa,Flagyl,gi,81,0.85
2024-03-04,Mombasa,Mombasa,Flagyl,gi,88,0.85
2024-03-11,Mombasa,Mombasa,Flagyl,gi,82,0.85
2024-03-18,Mombasa,Mombasa,Flagyl,gi,103,0.85
2024-03-25,Mombasa,Mombasa,Flagyl,gi,101,0.85
2024-04-01,Mombasa,Mombasa,Flagyl,gi,127,0.85
2024-04-08,Mombasa,Mombasa,Flagyl,gi,132,0.85
2024-04-15,Mombasa,Mombasa,Flagyl,gi,130,0.85
2024-04-22,Mombasa,Mombasa,Flagyl,gi,96,0.85
2024-04-29,Mombasa,Mombasa,Flagyl,gi,107,0.85
2024-05-06,Mombasa,Mombasa,Flagyl,gi,114,0.85
2024-05-13,Mombasa,Mombasa,Flagyl,gi,87,0.85
2024-05-20,Mombasa,Mombasa,Flagyl,gi,94,0.85
2024-05-27,Mombasa,Mombasa,Flagyl,gi,75,0.85
2024-06-03,Mombasa,Mombasa,Flagyl,gi,112,0.85
2024-06-10,Mombasa,Mombasa,Flagyl,gi,153,0.85
2024-06-17,Mombasa,Mombasa,Flagyl,gi,149,0.85
2024-06-24,Mombasa,Mombasa,Flagyl,gi,131,0.85
2024-07-01,Mombasa,Mombasa,Flagyl,gi,103,0.85
2024-07-08,Mombasa,Mombasa,Flagyl,gi,106,0.85
2024-07-15,Mombasa,Mombasa,Flagyl,gi,103,0.85
2024-07-22,Mombasa,Mombasa,Flagyl,gi,89,0.85
2024-07-29,Mombasa,Mombasa,Flagyl,gi,97,0.85
2024-08-05,Mombasa,Mombasa,Flagyl,gi,119,0.85
2024-08-12,Mombasa,Mombasa,Flagyl,gi,115,0.85
2024-08-19,Mombasa,Mombasa,Flagyl,gi,121,0.85
2024-08-26,Mombasa,Mombasa,Flagyl,gi,116,0.85
2024-09-02,Mombasa,Mombasa,Flagyl,gi,130,0.85
2024-09-09,Mombasa,Mombasa,Flagyl,gi,133,0.85
2024-09-16,Mombasa,Mombasa,Flagyl,gi,117,0.85
2024-09-23,Mombasa,Mombasa,Flagyl,gi,76,0.85
2024-09-30,Mombasa,Mombasa,Flagyl,gi,64,0.85
2024-10-07,Mombasa,Mombasa,Flagyl,gi,108,0.85
2024-10-14,Mombasa,Mombasa,Flagyl,gi,108,0.85
2024-10-21,Mombasa,Mombasa,Flagyl,gi,120,0.85
2024-10-28,Mombasa,Mombasa,Flagyl,gi,126,0.85
2024-11-04,Mombasa,Mombasa,Flagyl,gi,158,0.85
2024-11-11,Mombasa,Mombasa,Flagyl,gi,114,0.85
2024-11-18,Mombasa,Mombasa,Flagyl,gi,135,0.85
2024-11-25,Mombasa,Mombasa,Flagyl,gi,109,0.85
2024-12-02,Mombasa,Mombasa,Flagyl,gi,70,0.85
2024-12-09,Mombasa,Mombasa,Flagyl,gi,68,0.85
2024-12-16,Mombasa,Mombasa,Flagyl,gi,84,0.85
2024-12-23,Mombasa,Mombasa,Flagyl,gi,123,0.85
2024-12-30,Mombasa,Mombasa,Flagyl,gi,109,0.85
2023-01-02,Mombasa,Mombasa,ORS,gi,162,0.8
2023-01-09,Mombasa,Mombasa,ORS,gi,170,0.8
2023-01-16,Mombasa,Mombasa,ORS,gi,159,0.8
2023-01-23,Mombasa,Mombasa,ORS,gi,248,0.8
2023-01-30,Mombasa,Mombasa,ORS,gi,150,0.8
2023-02-06,Mombasa,Mombasa,ORS,gi,251,0.8
2023-02-13,Mombasa,Mombasa,ORS,gi,208,0.8
2023-02-20,Mombasa,Mombasa,ORS,gi,150,0.8
2023-02-27,Mombasa,Mombasa,ORS,gi,321,0.8
2023-03-06,Mombasa,Mombasa,ORS,gi,252,0.8
2023-03-13,Mombasa,Mombasa,ORS,gi,358,0.8
2023-03-20,Mombasa,Mombasa,ORS,gi,408,0.8
2023-03-27,Mombasa,Mombasa,ORS,gi,428,0.8
2023-04-03,Mombasa,Mombasa,ORS,gi,471,0.8
2023-04-10,Mombasa,Mombasa,ORS,gi,204,0.8
2023-04-17,Mombasa,Mombasa,ORS,gi,258,0.8
2023-04-24,Mombasa,Mombasa,ORS,gi,229,0.8
2023-05-01,Mombasa,Mombasa,ORS,gi,163,0.8
2023-05-08,Mombasa,Mombasa,ORS,gi,173,0.8
2023-05-15,Mombasa,Mombasa,ORS,gi,144,0.8
2023-05-22,Mombasa,Mombasa,ORS,gi,148,0.8
2023-05-29,Mombasa,Mombasa,ORS,gi,167,0.8
2023-06-05,Mombasa,Mombasa,ORS,gi,228,0.8
2023-06-12,Mombasa,Mombasa,ORS,gi,204,0.8
2023-06-19,Mombasa,Mombasa,ORS,gi,216,0.8
2023-06-26,Mombasa,Mombasa,ORS,gi,247,0.8
2023-07-03,Mombasa,Mombasa,ORS,gi,266,0.8
2023-07-10,Mombasa,Mombasa,ORS,gi,162,0.8
2023-07-17,Mombasa,Mombasa,ORS,gi,149,0.8
2023-07-24,Mombasa,Mombasa,ORS,gi,131,0.8
2023-07-31,Mombasa,Mombasa,ORS,gi,156,0.8
2023-08-07,Mombasa,Mombasa,ORS,gi,186,0.8
2023-08-14,Mombasa,Mombasa,ORS,gi,179,0.8
2023-08-21,Mombasa,Mombasa,ORS,gi,165,0.8
2023-08-28,Mombasa,Mombasa,ORS,gi,263,0.8
2023-09-04,Mombasa,Mombasa,ORS,gi,223,0.8
2023-09-11,Mombasa,Mombasa,ORS,gi,181,0.8
2023-09-18,Mombasa,Mombasa,ORS,gi,187,0.8
2023-09-25,Mombasa,Mombasa,ORS,gi,196,0.8
2023-10-02,Mombasa,Mombasa,ORS,gi,115,0.8
2023-10-09,Mombasa,Mombasa,ORS,gi,159,0.8
2023-10-16,Mombasa,Mombasa,ORS,gi,139,0.8
2023-10-23,Mombasa,Mombasa,ORS,gi,190,0.8
2023-10-30,Mombasa,Mombasa,ORS,gi,223,0.8
2023-11-06,Mombasa,Mombasa,ORS,gi,173,0.8
2023-11-13,Mombasa,Mombasa,ORS,gi,198,0.8
2023-11-20,Mombasa,Mombasa,ORS,gi,216,0.8
2023-11-27,Mombasa,Mombasa,ORS,gi,191,0.8
2023-12-04,Mombasa,Mombasa,ORS,gi,127,0.8
2023-12-11,Mombasa,Mombasa,ORS,gi,137,0.8
2023-12-18,Mombasa,Mombasa,ORS,gi,167,0.8
2023-12-25,Mombasa,Mombasa,ORS,gi,179,0.8
2024-01-01,Mombasa,Mombasa,ORS,gi,179,0.8
2024-01-08,Mombasa,Mombasa,ORS,gi,160,0.8
2024-01-15,Mombasa,Mombasa,ORS,gi,205,0.8
2024-01-22,Mombasa,Mombasa,ORS,gi,168,0.8
2024-01-29,Mombasa,Mombasa,ORS,gi,158,0.8
2024-02-05,Mombasa,Mombasa,ORS,gi,514,0.8
2024-02-12,Mombasa,Mombasa,ORS,gi,437,0.8
2024-02-19,Mombasa,Mombasa,ORS,gi,369,0.8
2024-02-26,Mombasa,Mombasa,ORS,gi,292,0.8
2024-03-04,Mombasa,Mombasa,ORS,gi,330,0.8
2024-03-11,Mombasa,Mombasa,ORS,gi,698,0.8
2024-03-18,Mombasa,Mombasa,ORS,gi,525,0.8
2024-03-25,Mombasa,Mombasa,ORS,gi,535,0.8
2024-04-01,Mombasa,Mombasa,ORS,gi,414,0.8
2024-04-08,Mombasa,Mombasa,ORS,gi,550,0.8
2024-04-15,Mombasa,Mombasa,ORS,gi,741,0.8
2024-04-22,Mombasa,Mombasa,ORS,gi,228,0.8
2024-04-29,Mombasa,Mombasa,ORS,gi,154,0.8
2024-05-06,Mombasa,Mombasa,ORS,gi,171,0.8
2024-05-13,Mombasa,Mombasa,ORS,gi,102,0.8
2024-05-20,Mombasa,Mombasa,ORS,gi,122,0.8
2024-05-27,Mombasa,Mombasa,ORS,gi,174,0.8
2024-06-03,Mombasa,Mombasa,ORS,gi,209,0.8
2024-06-10,Mombasa,Mombasa,ORS,gi,229,0.8
2024-06-17,Mombasa,Mombasa,ORS,gi,234,0.8
2024-06-24,Mombasa,Mombasa,ORS,gi,219,0.8
2024-07-01,Mombasa,Mombasa,ORS,gi,146,0.8
2024-07-08,Mombasa,Mombasa,ORS,gi,174,0.8
2024-07-15,Mombasa,Mombasa,ORS,gi,176,0.8
2024-07-22,Mombasa,Mombasa,ORS,gi,139,0.8
2024-07-29,Mombasa,Mombasa,ORS,gi,158,0.8
2024-08-05,Mombasa,Mombasa,ORS,gi,387,0.8
2024-08-12,Mombasa,Mombasa,ORS,gi,424,0.8
2024-08-19,Mombasa,Mombasa,ORS,gi,302,0.8
2024-08-26,Mombasa,Mombasa,ORS,gi,512,0.8
2024-09-02,Mombasa,Mombasa,ORS,gi,421,0.8
2024-09-09,Mombasa,Mombasa,ORS,gi,448,0.8
2024-09-16,Mombasa,Mombasa,ORS,gi,115,0.8
2024-09-23,Mombasa,Mombasa,ORS,gi,192,0.8
2024-09-30,Mombasa,Mombasa,ORS,gi,107,0.8
2024-10-07,Mombasa,Mombasa,ORS,gi,213,0.8
2024-10-14,Mombasa,Mombasa,ORS,gi,232,0.8
2024-10-21,Mombasa,Mombasa,ORS,gi,155,0.8
2024-10-28,Mombasa,Mombasa,ORS,gi,229,0.8
2024-11-04,Mombasa,Mombasa,ORS,gi,176,0.8
2024-11-11,Mombasa,Mombasa,ORS,gi,185,0.8
2024-11-18,Mombasa,Mombasa,ORS,gi,175,0.8
2024-11-25,Mombasa,Mombasa,ORS,gi,188,0.8
2024-12-02,Mombasa,Mombasa,ORS,gi,162,0.8
2024-12-09,Mombasa,Mombasa,ORS,gi,107,0.8
2024-12-16,Mombasa,Mombasa,ORS,gi,164,0.8
2024-12-23,Mombasa,Mombasa,ORS,gi,170,0.8
2024-12-30,Mombasa,Mombasa,ORS,gi,112,0.8
2023-01-02,Mombasa,Mombasa,Imodium,gi,63,0.7
2023-01-09,Mombasa,Mombasa,Imodium,gi,88,0.7
2023-01-16,Mombasa,Mombasa,Imodium,gi,83,0.7
2023-01-23,Mombasa,Mombasa,Imodium,gi,94,0.7
2023-01-30,Mombasa,Mombasa,Imodium,gi,96,0.7
2023-02-06,Mombasa,Mombasa,Imodium,gi,95,0.7
2023-02-13,Mombasa,Mombasa,Imodium,gi,87,0.7
2023-02-20,Mombasa,Mombasa,Imodium,gi,146,0.7
2023-02-27,Mombasa,Mombasa,Imodium,gi,105,0.7
2023-03-06,Mombasa,Mombasa,Imodium,gi,121,0.7
2023-03-13,Mombasa,Mombasa,Imodium,gi,115,0.7
2023-03-20,Mombasa,Mombasa,Imodium,gi,109,0.7
2023-03-27,Mombasa,Mombasa,Imodium,gi,306,0.7
2023-04-03,Mombasa,Mombasa,Imodium,gi,160,0.7
2023-04-10,Mombasa,Mombasa,Imodium,gi,205,0.7
2023-04-17,Mombasa,Mombasa,Imodium,gi,244,0.7
2023-04-24,Mombasa,Mombasa,Imodium,gi,153,0.7
2023-05-01,Mombasa,Mombasa,Imodium,gi,166,0.7
2023-05-08,Mombasa,Mombasa,Imodium,gi,51,0.7
2023-05-15,Mombasa,Mombasa,Imodium,gi,62,0.7
2023-05-22,Mombasa,Mombasa,Imodium,gi,60,0.7
2023-05-29,Mombasa,Mombasa,Imodium,gi,72,0.7
2023-06-05,Mombasa,Mombasa,Imodium,gi,73,0.7
2023-06-12,Mombasa,Mombasa,Imodium,gi,102,0.7
2023-06-19,Mombasa,Mombasa,Imodium,gi,108,0.7
2023-06-26,Mombasa,Mombasa,Imodium,gi,92,0.7
2023-07-03,Mombasa,Mombasa,Imodium,gi,76,0.7
2023-07-10,Mombasa,Mombasa,Imodium,gi,98,0.7
2023-07-17,Mombasa,Mombasa,Imodium,gi,62,0.7
2023-07-24,Mombasa,Mombasa,Imodium,gi,40,0.7
2023-07-31,Mombasa,Mombasa,Imodium,gi,74,0.7
2023-08-07,Mombasa,Mombasa,Imodium,gi,66,0.7
2023-08-14,Mombasa,Mombasa,Imodium,gi,100,0.7
2023-08-21,Mombasa,Mombasa,Imodium,gi,87,0.7
2023-08-28,Mombasa,Mombasa,Imodium,gi,102,0.7
2023-09-04,Mombasa,Mombasa,Imodium,gi,111,0.7
2023-09-11,Mombasa,Mombasa,Imodium,gi,71,0.7
2023-09-18,Mombasa,Mombasa,Imodium,gi,72,0.7
2023-09-25,Mombasa,Mombasa,Imodium,gi,69,0.7
2023-10-02,Mombasa,Mombasa,Imodium,gi,72,0.7
2023-10-09,Mombasa,Mombasa,Imodium,gi,62,0.7
2023-10-16,Mombasa,Mombasa,Imodium,gi,72,0.7
2023-10-23,Mombasa,Mombasa,Imodium,gi,93,0.7
2023-10-30,Mombasa,Mombasa,Imodium,gi,84,0.7
2023-11-06,Mombasa,Mombasa,Imodium,gi,96,0.7
2023-11-13,Mombasa,Mombasa,Imodium,gi,70,0.7
2023-11-20,Mombasa,Mombasa,Imodium,gi,116,0.7
2023-11-27,Mombasa,Mombasa,Imodium,gi,63,0.7
2023-12-04,Mombasa,Mombasa,Imodium,gi,66,0.7
2023-12-11,Mombasa,Mombasa,Imodium,gi,58,0.7
2023-12-18,Mombasa,Mombasa,Imodium,gi,89,0.7
2023-12-25,Mombasa,Mombasa,Imodium,gi,63,0.7
2024-01-01,Mombasa,Mombasa,Imodium,gi,90,0.7
2024-01-08,Mombasa,Mombasa,Imodium,gi,88,0.7
2024-01-15,Mombasa,Mombasa,Imodium,gi,92,0.7
2024-01-22,Mombasa,Mombasa,Imodium,gi,78,0.7
2024-01-29,Mombasa,Mombasa,Imodium,gi,102,0.7
2024-02-05,Mombasa,Mombasa,Imodium,gi,82,0.7
2024-02-12,Mombasa,Mombasa,Imodium,gi,103,0.7
2024-02-19,Mombasa,Mombasa,Imodium,gi,68,0.7
2024-02-26,Mombasa,Mombasa,Imodium,gi,68,0.7
2024-03-04,Mombasa,Mombasa,Imodium,gi,54,0.7
2024-03-11,Mombasa,Mombasa,Imodium,gi,59,0.7
2024-03-18,Mombasa,Mombasa,Imodium,gi,88,0.7
2024-03-25,Mombasa,Mombasa,Imodium,gi,94,0.7
2024-04-01,Mombasa,Mombasa,Imodium,gi,109,0.7
2024-04-08,Mombasa,Mombasa,Imodium,gi,69,0.7
2024-04-15,Mombasa,Mombasa,Imodium,gi,107,0.7
2024-04-22,Mombasa,Mombasa,Imodium,gi,120,0.7
2024-04-29,Mombasa,Mombasa,Imodium,gi,74,0.7
2024-05-06,Mombasa,Mombasa,Imodium,gi,89,0.7
2024-05-13,Mombasa,Mombasa,Imodium,gi,56,0.7
2024-05-20,Mombasa,Mombasa,Imodium,gi,55,0.7
2024-05-27,Mombasa,Mombasa,Imodium,gi,76,0.7
2024-06-03,Mombasa,Mombasa,Imodium,gi,101,0.7
2024-06-10,Mombasa,Mombasa,Imodium,gi,80,0.7
2024-06-17,Mombasa,Mombasa,Imodium,gi,85,0.7
2024-06-24,Mombasa,Mombasa,Imodium,gi,100,0.7
2024-07-01,Mombasa,Mombasa,Imodium,gi,87,0.7
2024-07-08,Mombasa,Mombasa,Imodium,gi,86,0.7
2024-07-15,Mombasa,Mombasa,Imodium,gi,72,0.7
2024-07-22,Mombasa,Mombasa,Imodium,gi,63,0.7
2024-07-29,Mombasa,Mombasa,Imodium,gi,65,0.7
2024-08-05,Mombasa,Mombasa,Imodium,gi,82,0.7
2024-08-12,Mombasa,Mombasa,Imodium,gi,75,0.7
2024-08-19,Mombasa,Mombasa,Imodium,gi,750,0.7
2024-08-26,Mombasa,Mombasa,Imodium,gi,579,0.7
2024-09-02,Mombasa,Mombasa,Imodium,gi,735,0.7
2024-09-09,Mombasa,Mombasa,Imodium,gi,573,0.7
2024-09-16,Mombasa,Mombasa,Imodium,gi,557,0.7
2024-09-23,Mombasa,Mombasa,Imodium,gi,439,0.7
2024-09-30,Mombasa,Mombasa,Imodium,gi,50,0.7
2024-10-07,Mombasa,Mombasa,Imodium,gi,51,0.7
2024-10-14,Mombasa,Mombasa,Imodium,gi,67,0.7
2024-10-21,Mombasa,Mombasa,Imodium,gi,83,0.7
2024-10-28,Mombasa,Mombasa,Imodium,gi,95,0.7
2024-11-04,Mombasa,Mombasa,Imodium,gi,108,0.7
2024-11-11,Mombasa,Mombasa,Imodium,gi,86,0.7
2024-11-18,Mombasa,Mombasa,Imodium,gi,75,0.7
2024-11-25,Mombasa,Mombasa,Imodium,gi,62,0.7
2024-12-02,Mombasa,Mombasa,Imodium,gi,74,0.7
2024-12-09,Mombasa,Mombasa,Imodium,gi,71,0.7
2024-12-16,Mombasa,Mombasa,Imodium,gi,83,0.7
2024-12-23,Mombasa,Mombasa,Imodium,gi,88,0.7
2024-12-30,Mombasa,Mombasa,Imodium,gi,76,0.7
2023-01-02,Mombasa,Mombasa,Septrin,respiratory,56,0.8
2023-01-09,Mombasa,Mombasa,Septrin,respiratory,48,0.8
2023-01-16,Mombasa,Mombasa,Septrin,respiratory,40,0.8
2023-01-23,Mombasa,Mombasa,Septrin,respiratory,42,0.8
2023-01-30,Mombasa,Mombasa,Septrin,respiratory,45,0.8
2023-02-06,Mombasa,Mombasa,Septrin,respiratory,42,0.8
2023-02-13,Mombasa,Mombasa,Septrin,respiratory,65,0.8
2023-02-20,Mombasa,Mombasa,Septrin,respiratory,67,0.8
2023-02-27,Mombasa,Mombasa,Septrin,respiratory,65,0.8
2023-03-06,Mombasa,Mombasa,Septrin,respiratory,77,0.8
2023-03-13,Mombasa,Mombasa,Septrin,respiratory,56,0.8
2023-03-20,Mombasa,Mombasa,Septrin,respiratory,71,0.8
2023-03-27,Mombasa,Mombasa,Septrin,respiratory,68,0.8
2023-04-03,Mombasa,Mombasa,Septrin,respiratory,57,0.8
2023-04-10,Mombasa,Mombasa,Septrin,respiratory,50,0.8
2023-04-17,Mombasa,Mombasa,Septrin,respiratory,53,0.8
2023-04-24,Mombasa,Mombasa,Septrin,respiratory,44,0.8
2023-05-01,Mombasa,Mombasa,Septrin,respiratory,52,0.8
2023-05-08,Mombasa,Mombasa,Septrin,respiratory,44,0.8
2023-05-15,Mombasa,Mombasa,Septrin,respiratory,40,0.8
2023-05-22,Mombasa,Mombasa,Septrin,respiratory,42,0.8
2023-05-29,Mombasa,Mombasa,Septrin,respiratory,47,0.8
2023-06-05,Mombasa,Mombasa,Septrin,respiratory,52,0.8
2023-06-12,Mombasa,Mombasa,Septrin,respiratory,45,0.8
2023-06-19,Mombasa,Mombasa,Septrin,respiratory,40,0.8
2023-06-26,Mombasa,Mombasa,Septrin,respiratory,67,0.8
2023-07-03,Mombasa,Mombasa,Septrin,respiratory,50,0.8
2023-07-10,Mombasa,Mombasa,Septrin,respiratory,63,0.8
2023-07-17,Mombasa,Mombasa,Septrin,respiratory,85,0.8
2023-07-24,Mombasa,Mombasa,Septrin,respiratory,97,0.8
2023-07-31,Mombasa,Mombasa,Septrin,respiratory,80,0.8
2023-08-07,Mombasa,Mombasa,Septrin,respiratory,73,0.8
2023-08-14,Mombasa,Mombasa,Septrin,respiratory,61,0.8
2023-08-21,Mombasa,Mombasa,Septrin,respiratory,59,0.8
2023-08-28,Mombasa,Mombasa,Septrin,respiratory,46,0.8
2023-09-04,Mombasa,Mombasa,Septrin,respiratory,40,0.8
2023-09-11,Mombasa,Mombasa,Septrin,respiratory,43,0.8
2023-09-18,Mombasa,Mombasa,Septrin,respiratory,39,0.8
2023-09-25,Mombasa,Mombasa,Septrin,respiratory,45,0.8
2023-10-02,Mombasa,Mombasa,Septrin,respiratory,46,0.8
2023-10-09,Mombasa,Mombasa,Septrin,respiratory,56,0.8
2023-10-16,Mombasa,Mombasa,Septrin,respiratory,41,0.8
2023-10-23,Mombasa,Mombasa,Septrin,respiratory,44,0.8
2023-10-30,Mombasa,Mombasa,Septrin,respiratory,53,0.8
2023-11-06,Mombasa,Mombasa,Septrin,respiratory,57,0.8
2023-11-13,Mombasa,Mombasa,Septrin,respiratory,59,0.8
2023-11-20,Mombasa,Mombasa,Septrin,respiratory,61,0.8
2023-11-27,Mombasa,Mombasa,Septrin,respiratory,65,0.8
2023-12-04,Mombasa,Mombasa,Septrin,respiratory,54,0.8
2023-12-11,Mombasa,Mombasa,Septrin,respiratory,66,0.8
2023-12-18,Mombasa,Mombasa,Septrin,respiratory,238,0.8
2023-12-25,Mombasa,Mombasa,Septrin,respiratory,214,0.8
2024-01-01,Mombasa,Mombasa,Septrin,respiratory,154,0.8
2024-01-08,Mombasa,Mombasa,Septrin,respiratory,137,0.8
2024-01-15,Mombasa,Mombasa,Septrin,respiratory,125,0.8
2024-01-22,Mombasa,Mombasa,Septrin,respiratory,148,0.8
2024-01-29,Mombasa,Mombasa,Septrin,respiratory,62,0.8
2024-02-05,Mombasa,Mombasa,Septrin,respiratory,52,0.8
2024-02-12,Mombasa,Mombasa,Septrin,respiratory,65,0.8
2024-02-19,Mombasa,Mombasa,Septrin,respiratory,79,0.8
2024-02-26,Mombasa,Mombasa,Septrin,respiratory,69,0.8
2024-03-04,Mombasa,Mombasa,Septrin,respiratory,91,0.8
2024-03-11,Mombasa,Mombasa,Septrin,respiratory,57,0.8
2024-03-18,Mombasa,Mombasa,Septrin,respiratory,66,0.8
2024-03-25,Mombasa,Mombasa,Septrin,respiratory,61,0.8
2024-04-01,Mombasa,Mombasa,Septrin,respiratory,56,0.8
2024-04-08,Mombasa,Mombasa,Septrin,respiratory,32,0.8
2024-04-15,Mombasa,Mombasa,Septrin,respiratory,54,0.8
2024-04-22,Mombasa,Mombasa,Septrin,respiratory,48,0.8
2024-04-29,Mombasa,Mombasa,Septrin,respiratory,53,0.8
2024-05-06,Mombasa,Mombasa,Septrin,respiratory,56,0.8
2024-05-13,Mombasa,Mombasa,Septrin,respiratory,110,0.8
2024-05-20,Mombasa,Mombasa,Septrin,respiratory,78,0.8
2024-05-27,Mombasa,Mombasa,Septrin,respiratory,145,0.8
2024-06-03,Mombasa,Mombasa,Septrin,respiratory,119,0.8
2024-06-10,Mombasa,Mombasa,Septrin,respiratory,103,0.8
2024-06-17,Mombasa,Mombasa,Septrin,respiratory,135,0.8
2024-06-24,Mombasa,Mombasa,Septrin,respiratory,75,0.8
2024-07-01,Mombasa,Mombasa,Septrin,respiratory,62,0.8
2024-07-08,Mombasa,Mombasa,Septrin,respiratory,81,0.8
2024-07-15,Mombasa,Mombasa,Septrin,respiratory,64,0.8
2024-07-22,Mombasa,Mombasa,Septrin,respiratory,57,0.8
2024-07-29,Mombasa,Mombasa,Septrin,respiratory,85,0.8
2024-08-05,Mombasa,Mombasa,Septrin,respiratory,76,0.8
2024-08-12,Mombasa,Mombasa,Septrin,respiratory,59,0.8
2024-08-19,Mombasa,Mombasa,Septrin,respiratory,69,0.8
2024-08-26,Mombasa,Mombasa,Septrin,respiratory,33,0.8
2024-09-02,Mombasa,Mombasa,Septrin,respiratory,37,0.8
2024-09-09,Mombasa,Mombasa,Septrin,respiratory,41,0.8
2024-09-16,Mombasa,Mombasa,Septrin,respiratory,43,0.8
2024-09-23,Mombasa,Mombasa,Septrin,respiratory,55,0.8
2024-09-30,Mombasa,Mombasa,Septrin,respiratory,45,0.8
2024-10-07,Mombasa,Mombasa,Septrin,respiratory,44,0.8
2024-10-14,Mombasa,Mombasa,Septrin,respiratory,36,0.8
2024-10-21,Mombasa,Mombasa,Septrin,respiratory,142,0.8
2024-10-28,Mombasa,Mombasa,Septrin,respiratory,102,0.8
2024-11-04,Mombasa,Mombasa,Septrin,respiratory,99,0.8
2024-11-11,Mombasa,Mombasa,Septrin,respiratory,254,0.8
2024-11-18,Mombasa,Mombasa,Septrin,respiratory,321,0.8
2024-11-25,Mombasa,Mombasa,Septrin,respiratory,311,0.8
2024-12-02,Mombasa,Mombasa,Septrin,respiratory,151,0.8
2024-12-09,Mombasa,Mombasa,Septrin,respiratory,133,0.8
2024-12-16,Mombasa,Mombasa,Septrin,respiratory,158,0.8
2024-12-23,Mombasa,Mombasa,Septrin,respiratory,76,0.8
2024-12-30,Mombasa,Mombasa,Septrin,respiratory,57,0.8
2023-01-02,Mombasa,Mombasa,Amoxicillin,respiratory,32,0.75
2023-01-09,Mombasa,Mombasa,Amoxicillin,respiratory,32,0.75
2023-01-16,Mombasa,Mombasa,Amoxicillin,respiratory,42,0.75
2023-01-23,Mombasa,Mombasa,Amoxicillin,respiratory,37,0.75
2023-01-30,Mombasa,Mombasa,Amoxicillin,respiratory,73,0.75
2023-02-06,Mombasa,Mombasa,Amoxicillin,respiratory,78,0.75
2023-02-13,Mombasa,Mombasa,Amoxicillin,respiratory,131,0.75
2023-02-20,Mombasa,Mombasa,Amoxicillin,respiratory,138,0.75
2023-02-27,Mombasa,Mombasa,Amoxicillin,respiratory,144,0.75
2023-03-06,Mombasa,Mombasa,Amoxicillin,respiratory,132,0.75
2023-03-13,Mombasa,Mombasa,Amoxicillin,respiratory,52,0.75
2023-03-20,Mombasa,Mombasa,Amoxicillin,respiratory,65,0.75
2023-03-27,Mombasa,Mombasa,Amoxicillin,respiratory,59,0.75
2023-04-03,Mombasa,Mombasa,Amoxicillin,respiratory,44,0.75
2023-04-10,Mombasa,Mombasa,Amoxicillin,respiratory,38,0.75
2023-04-17,Mombasa,Mombasa,Amoxicillin,respiratory,34,0.75
2023-04-24,Mombasa,Mombasa,Amoxicillin,respiratory,26,0.75
2023-05-01,Mombasa,Mombasa,Amoxicillin,respiratory,63,0.75
2023-05-08,Mombasa,Mombasa,Amoxicillin,respiratory,86,0.75
2023-05-15,Mombasa,Mombasa,Amoxicillin,respiratory,88,0.75
2023-05-22,Mombasa,Mombasa,Amoxicillin,respiratory,85,0.75
2023-05-29,Mombasa,Mombasa,Amoxicillin,respiratory,77,0.75
2023-06-05,Mombasa,Mombasa,Amoxicillin,respiratory,86,0.75
2023-06-12,Mombasa,Mombasa,Amoxicillin,respiratory,33,0.75
2023-06-19,Mombasa,Mombasa,Amoxicillin,respiratory,36,0.75
2023-06-26,Mombasa,Mombasa,Amoxicillin,respiratory,39,0.75
2023-07-03,Mombasa,Mombasa,Amoxicillin,respiratory,39,0.75
2023-07-10,Mombasa,Mombasa,Amoxicillin,respiratory,58,0.75
2023-07-17,Mombasa,Mombasa,Amoxicillin,respiratory,65,0.75
2023-07-24,Mombasa,Mombasa,Amoxicillin,respiratory,77,0.75
2023-07-31,Mombasa,Mombasa,Amoxicillin,respiratory,57,0.75
2023-08-07,Mombasa,Mombasa,Amoxicillin,respiratory,44,0.75
2023-08-14,Mombasa,Mombasa,Amoxicillin,respiratory,44,0.75
2023-08-21,Mombasa,Mombasa,Amoxicillin,respiratory,39,0.75
2023-08-28,Mombasa,Mombasa,Amoxicillin,respiratory,34,0.75
2023-09-04,Mombasa,Mombasa,Amoxicillin,respiratory,35,0.75
2023-09-11,Mombasa,Mombasa,Amoxicillin,respiratory,35,0.75
2023-09-18,Mombasa,Mombasa,Amoxicillin,respiratory,37,0.75
2023-09-25,Mombasa,Mombasa,Amoxicillin,respiratory,34,0.75
2023-10-02,Mombasa,Mombasa,Amoxicillin,respiratory,22,0.75
2023-10-09,Mombasa,Mombasa,Amoxicillin,respiratory,34,0.75
2023-10-16,Mombasa,Mombasa,Amoxicillin,respiratory,33,0.75
2023-10-23,Mombasa,Mombasa,Amoxicillin,respiratory,36,0.75
2023-10-30,Mombasa,Mombasa,Amoxicillin,respiratory,31,0.75
2023-11-06,Mombasa,Mombasa,Amoxicillin,respiratory,34,0.75
2023-11-13,Mombasa,Mombasa,Amoxicillin,respiratory,43,0.75
2023-11-20,Mombasa,Mombasa,Amoxicillin,respiratory,45,0.75
2023-11-27,Mombasa,Mombasa,Amoxicillin,respiratory,57,0.75
2023-12-04,Mombasa,Mombasa,Amoxicillin,respiratory,56,0.75
2023-12-11,Mombasa,Mombasa,Amoxicillin,respiratory,57,0.75
2023-12-18,Mombasa,Mombasa,Amoxicillin,respiratory,31,0.75
2023-12-25,Mombasa,Mombasa,Amoxicillin,respiratory,43,0.75
2024-01-01,Mombasa,Mombasa,Amoxicillin,respiratory,27,0.75
2024-01-08,Mombasa,Mombasa,Amoxicillin,respiratory,34,0.75
2024-01-15,Mombasa,Mombasa,Amoxicillin,respiratory,39,0.75
2024-01-22,Mombasa,Mombasa,Amoxicillin,respiratory,32,0.75
2024-01-29,Mombasa,Mombasa,Amoxicillin,respiratory,37,0.75
2024-02-05,Mombasa,Mombasa,Amoxicillin,respiratory,44,0.75
2024-02-12,Mombasa,Mombasa,Amoxicillin,respiratory,48,0.75
2024-02-19,Mombasa,Mombasa,Amoxicillin,respiratory,56,0.75
2024-02-26,Mombasa,Mombasa,Amoxicillin,respiratory,57,0.75
2024-03-04,Mombasa,Mombasa,Amoxicillin,respiratory,55,0.75
2024-03-11,Mombasa,Mombasa,Amoxicillin,respiratory,58,0.75
2024-03-18,Mombasa,Mombasa,Amoxicillin,respiratory,63,0.75
2024-03-25,Mombasa,Mombasa,Amoxicillin,respiratory,50,0.75
2024-04-01,Mombasa,Mombasa,Amoxicillin,respiratory,41,0.75
2024-04-08,Mombasa,Mombasa,Amoxicillin,respiratory,29,0.75
2024-04-15,Mombasa,Mombasa,Amoxicillin,respiratory,40,0.75
2024-04-22,Mombasa,Mombasa,Amoxicillin,respiratory,26,0.75
2024-04-29,Mombasa,Mombasa,Amoxicillin,respiratory,25,0.75
2024-05-06,Mombasa,Mombasa,Amoxicillin,respiratory,35,0.75
2024-05-13,Mombasa,Mombasa,Amoxicillin,respiratory,29,0.75
2024-05-20,Mombasa,Mombasa,Amoxicillin,respiratory,38,0.75
2024-05-27,Mombasa,Mombasa,Amoxicillin,respiratory,25,0.75
2024-06-03,Mombasa,Mombasa,Amoxicillin,respiratory,114,0.75
2024-06-10,Mombasa,Mombasa,Amoxicillin,respiratory,112,0.75
2024-06-17,Mombasa,Mombasa,Amoxicillin,respiratory,102,0.75
2024-06-24,Mombasa,Mombasa,Amoxicillin,respiratory,83,0.75
2024-07-01,Mombasa,Mombasa,Amoxicillin,respiratory,105,0.75
2024-07-08,Mombasa,Mombasa,Amoxicillin,respiratory,162,0.75
2024-07-15,Mombasa,Mombasa,Amoxicillin,respiratory,53,0.75
2024-07-22,Mombasa,Mombasa,Amoxicillin,respiratory,62,0.75
2024-07-29,Mombasa,Mombasa,Amoxicillin,respiratory,54,0.75
2024-08-05,Mombasa,Mombasa,Amoxicillin,respiratory,50,0.75
2024-08-12,Mombasa,Mombasa,Amoxicillin,respiratory,30,0.75
2024-08-19,Mombasa,Mombasa,Amoxicillin,respiratory,45,0.75
2024-08-26,Mombasa,Mombasa,Amoxicillin,respiratory,30,0.75
2024-09-02,Mombasa,Mombasa,Amoxicillin,respiratory,31,0.75
2024-09-09,Mombasa,Mombasa,Amoxicillin,respiratory,28,0.75
2024-09-16,Mombasa,Mombasa,Amoxicillin,respiratory,25,0.75
2024-09-23,Mombasa,Mombasa,Amoxicillin,respiratory,40,0.75
2024-09-30,Mombasa,Mombasa,Amoxicillin,respiratory,37,0.75
2024-10-07,Mombasa,Mombasa,Amoxicillin,respiratory,37,0.75
2024-10-14,Mombasa,Mombasa,Amoxicillin,respiratory,32,0.75
2024-10-21,Mombasa,Mombasa,Amoxicillin,respiratory,24,0.75
2024-10-28,Mombasa,Mombasa,Amoxicillin,respiratory,43,0.75
2024-11-04,Mombasa,Mombasa,Amoxicillin,respiratory,35,0.75
2024-11-11,Mombasa,Mombasa,Amoxicillin,respiratory,41,0.75
2024-11-18,Mombasa,Mombasa,Amoxicillin,respiratory,44,0.75
2024-11-25,Mombasa,Mombasa,Amoxicillin,respiratory,36,0.75
2024-12-02,Mombasa,Mombasa,Amoxicillin,respiratory,64,0.75
2024-12-09,Mombasa,Mombasa,Amoxicillin,respiratory,47,0.75
2024-12-16,Mombasa,Mombasa,Amoxicillin,respiratory,59,0.75
2024-12-23,Mombasa,Mombasa,Amoxicillin,respiratory,58,0.75
2024-12-30,Mombasa,Mombasa,Amoxicillin,respiratory,35,0.75
2023-01-02,Mombasa,Mombasa,Piriton,respiratory,42,0.5
2023-01-09,Mombasa,Mombasa,Piriton,respiratory,38,0.5
2023-01-16,Mombasa,Mombasa,Piriton,respiratory,39,0.5
2023-01-23,Mombasa,Mombasa,Piriton,respiratory,39,0.5
2023-01-30,Mombasa,Mombasa,Piriton,respiratory,45,0.5
2023-02-06,Mombasa,Mombasa,Piriton,respiratory,55,0.5
2023-02-13,Mombasa,Mombasa,Piriton,respiratory,54,0.5
2023-02-20,Mombasa,Mombasa,Piriton,respiratory,60,0.5
2023-02-27,Mombasa,Mombasa,Piriton,respiratory,71,0.5
2023-03-06,Mombasa,Mombasa,Piriton,respiratory,71,0.5
2023-03-13,Mombasa,Mombasa,Piriton,respiratory,61,0.5
2023-03-20,Mombasa,Mombasa,Piriton,respiratory,67,0.5
2023-03-27,Mombasa,Mombasa,Piriton,respiratory,54,0.5
2023-04-03,Mombasa,Mombasa,Piriton,respiratory,47,0.5
2023-04-10,Mombasa,Mombasa,Piriton,respiratory,42,0.5
2023-04-17,Mombasa,Mombasa,Piriton,respiratory,37,0.5
2023-04-24,Mombasa,Mombasa,Piriton,respiratory,40,0.5
2023-05-01,Mombasa,Mombasa,Piriton,respiratory,41,0.5
2023-05-08,Mombasa,Mombasa,Piriton,respiratory,44,0.5
2023-05-15,Mombasa,Mombasa,Piriton,respiratory,43,0.5
2023-05-22,Mombasa,Mombasa,Piriton,respiratory,41,0.5
2023-05-29,Mombasa,Mombasa,Piriton,respiratory,24,0.5
2023-06-05,Mombasa,Mombasa,Piriton,respiratory,40,0.5
2023-06-12,Mombasa,Mombasa,Piriton,respiratory,41,0.5
2023-06-19,Mombasa,Mombasa,Piriton,respiratory,43,0.5
2023-06-26,Mombasa,Mombasa,Piriton,respiratory,41,0.5
2023-07-03,Mombasa,Mombasa,Piriton,respiratory,38,0.5
2023-07-10,Mombasa,Mombasa,Piriton,respiratory,68,0.5
2023-07-17,Mombasa,Mombasa,Piriton,respiratory,53,0.5
2023-07-24,Mombasa,Mombasa,Piriton,respiratory,78,0.5
2023-07-31,Mombasa,Mombasa,Piriton,respiratory,165,0.5
2023-08-07,Mombasa,Mombasa,Piriton,respiratory,143,0.5
2023-08-14,Mombasa,Mombasa,Piriton,respiratory,161,0.5
2023-08-21,Mombasa,Mombasa,Piriton,respiratory,144,0.5
2023-08-28,Mombasa,Mombasa,Piriton,respiratory,117,0.5
2023-09-04,Mombasa,Mombasa,Piriton,respiratory,116,0.5
2023-09-11,Mombasa,Mombasa,Piriton,respiratory,35,0.5
2023-09-18,Mombasa,Mombasa,Piriton,respiratory,30,0.5
2023-09-25,Mombasa,Mombasa,Piriton,respiratory,37,0.5
2023-10-02,Mombasa,Mombasa,Piriton,respiratory,32,0.5
2023-10-09,Mombasa,Mombasa,Piriton,respiratory,42,0.5
2023-10-16,Mombasa,Mombasa,Piriton,respiratory,44,0.5
2023-10-23,Mombasa,Mombasa,Piriton,respiratory,40,0.5
2023-10-30,Mombasa,Mombasa,Piriton,respiratory,39,0.5
2023-11-06,Mombasa,Mombasa,Piriton,respiratory,37,0.5
2023-11-13,Mombasa,Mombasa,Piriton,respiratory,54,0.5
2023-11-20,Mombasa,Mombasa,Piriton,respiratory,40,0.5
2023-11-27,Mombasa,Mombasa,Piriton,respiratory,50,0.5
2023-12-04,Mombasa,Mombasa,Piriton,respiratory,83,0.5
2023-12-11,Mombasa,Mombasa,Piriton,respiratory,54,0.5
2023-12-18,Mombasa,Mombasa,Piriton,respiratory,70,0.5
2023-12-25,Mombasa,Mombasa,Piriton,respiratory,68,0.5
2024-01-01,Mombasa,Mombasa,Piriton,respiratory,28,0.5
2024-01-08,Mombasa,Mombasa,Piriton,respiratory,29,0.5
2024-01-15,Mombasa,Mombasa,Piriton,respiratory,46,0.5
2024-01-22,Mombasa,Mombasa,Piriton,respiratory,33,0.5
2024-01-29,Mombasa,Mombasa,Piriton,respiratory,33,0.5
2024-02-05,Mombasa,Mombasa,Piriton,respiratory,44,0.5
2024-02-12,Mombasa,Mombasa,Piriton,respiratory,47,0.5
2024-02-19,Mombasa,Mombasa,Piriton,respiratory,66,0.5
2024-02-26,Mombasa,Mombasa,Piriton,respiratory,53,0.5
2024-03-04,Mombasa,Mombasa,Piriton,respiratory,47,0.5
2024-03-11,Mombasa,Mombasa,Piriton,respiratory,76,0.5
2024-03-18,Mombasa,Mombasa,Piriton,respiratory,51,0.5
2024-03-25,Mombasa,Mombasa,Piriton,respiratory,49,0.5
2024-04-01,Mombasa,Mombasa,Piriton,respiratory,53,0.5
2024-04-08,Mombasa,Mombasa,Piriton,respiratory,39,0.5
2024-04-15,Mombasa,Mombasa,Piriton,respiratory,46,0.5
2024-04-22,Mombasa,Mombasa,Piriton,respiratory,44,0.5
2024-04-29,Mombasa,Mombasa,Piriton,respiratory,36,0.5
2024-05-06,Mombasa,Mombasa,Piriton,respiratory,45,0.5
2024-05-13,Mombasa,Mombasa,Piriton,respiratory,40,0.5
2024-05-20,Mombasa,Mombasa,Piriton,respiratory,35,0.5
2024-05-27,Mombasa,Mombasa,Piriton,respiratory,41,0.5
2024-06-03,Mombasa,Mombasa,Piriton,respiratory,31,0.5
2024-06-10,Mombasa,Mombasa,Piriton,respiratory,44,0.5
2024-06-17,Mombasa,Mombasa,Piriton,respiratory,43,0.5
2024-06-24,Mombasa,Mombasa,Piriton,respiratory,48,0.5
2024-07-01,Mombasa,Mombasa,Piriton,respiratory,88,0.5
2024-07-08,Mombasa,Mombasa,Piriton,respiratory,162,0.5
2024-07-15,Mombasa,Mombasa,Piriton,respiratory,156,0.5
2024-07-22,Mombasa,Mombasa,Piriton,respiratory,149,0.5
2024-07-29,Mombasa,Mombasa,Piriton,respiratory,143,0.5
2024-08-05,Mombasa,Mombasa,Piriton,respiratory,127,0.5
2024-08-12,Mombasa,Mombasa,Piriton,respiratory,52,0.5
2024-08-19,Mombasa,Mombasa,Piriton,respiratory,53,0.5
2024-08-26,Mombasa,Mombasa,Piriton,respiratory,36,0.5
2024-09-02,Mombasa,Mombasa,Piriton,respiratory,37,0.5
2024-09-09,Mombasa,Mombasa,Piriton,respiratory,38,0.5
2024-09-16,Mombasa,Mombasa,Piriton,respiratory,38,0.5
2024-09-23,Mombasa,Mombasa,Piriton,respiratory,35,0.5
2024-09-30,Mombasa,Mombasa,Piriton,respiratory,38,0.5
2024-10-07,Mombasa,Mombasa,Piriton,respiratory,41,0.5
2024-10-14,Mombasa,Mombasa,Piriton,respiratory,34,0.5
2024-10-21,Mombasa,Mombasa,Piriton,respiratory,38,0.5
2024-10-28,Mombasa,Mombasa,Piriton,respiratory,50,0.5
2024-11-04,Mombasa,Mombasa,Piriton,respiratory,39,0.5
2024-11-11,Mombasa,Mombasa,Piriton,respiratory,41,0.5
2024-11-18,Mombasa,Mombasa,Piriton,respiratory,46,0.5
2024-11-25,Mombasa,Mombasa,Piriton,respiratory,49,0.5
2024-12-02,Mombasa,Mombasa,Piriton,respiratory,81,0.5
2024-12-09,Mombasa,Mombasa,Piriton,respiratory,76,0.5
2024-12-16,Mombasa,Mombasa,Piriton,respiratory,52,0.5
2024-12-23,Mombasa,Mombasa,Piriton,respiratory,63,0.5
2024-12-30,Mombasa,Mombasa,Piriton,respiratory,46,0.5
