town,county,week_start,Amoxicillin,Coartem,Flagyl,Imodium,ORS,Panadol,Piriton,Septrin,Coartem_baseline,Coartem_ratio,Panadol_baseline,Panadol_ratio,Flagyl_baseline,Flagyl_ratio,ORS_baseline,ORS_ratio,Imodium_baseline,Imodium_ratio,Septrin_baseline,Septrin_ratio,Amoxicillin_baseline,Amoxicillin_ratio,Piriton_baseline,Piriton_ratio,score_malaria,score_gi,score_respiratory,score_composite,alert_level,rainfall_mm,humidity_pct
Emali,Makueni,2023-01-02,35,23,97,96,157,128,44,54,,,,,,,,,,,,,,,,,0.0,0.0,0.0,0.0,GREEN,4.1,48.7
Emali,Makueni,2023-01-09,30,34,104,79,734,134,40,34,23.0,1.4782608695652173,128.0,1.046875,97.0,1.0721649484536082,157.0,4.67515923566879,96.0,0.8229166666666666,54.0,0.6296296296296297,35.0,0.8571428571428571,44.0,0.9090909090909091,0.237,0.82,0.0,0.36995,AMBER,9.0,49.2
Emali,Makueni,2023-01-16,34,53,176,121,729,230,42,41,28.5,1.8596491228070176,131.0,1.7557251908396947,100.5,1.7512437810945274,445.5,1.6363636363636365,87.5,1.3828571428571428,44.0,0.9318181818181818,32.5,1.0461538461538462,42.0,1.0,0.559,0.472,0.012,0.36445,AMBER,5.6,47.8
Emali,Makueni,2023-01-23,32,58,138,139,970,169,33,52,36.666666666666664,1.581818181818182,164.0,1.0304878048780488,125.66666666666667,1.0981432360742704,540.0,1.7962962962962963,98.66666666666667,1.4087837837837838,43.0,1.2093023255813953,33.0,0.9696969696969697,42.0,0.7857142857142857,0.282,0.336,0.056,0.2331,AMBER,6.4,47.5
Emali,Makueni,2023-01-30,37,39,155,121,536,156,42,42,42.0,0.9285714285714286,165.25,0.9440242057488654,128.75,1.203883495145631,647.5,0.8277992277992278,108.75,1.1126436781609195,45.25,0.9281767955801105,32.75,1.1297709923664123,39.75,1.0566037735849056,0.0,0.084,0.042,0.041999999999999996,GREEN,5.4,45.4
Emali,Makueni,2023-02-06,43,46,142,115,634,136,53,54,46.0,1.0,172.25,0.7895500725689405,143.25,0.9912739965095986,742.25,0.8541596497137083,115.0,1.0,42.25,1.2781065088757397,33.25,1.2932330827067668,39.25,1.3503184713375795,0.0,0.0,0.206,0.061799999999999994,GREEN,5.1,47.0
Emali,Makueni,2023-02-13,39,56,116,83,557,184,50,52,49.0,1.1428571428571428,172.75,1.065123010130246,152.75,0.7594108019639935,717.25,0.7765772046009063,124.0,0.6693548387096774,47.25,1.1005291005291005,36.5,1.0684931506849316,42.5,1.1764705882352942,0.081,0.0,0.073,0.05025,GREEN,3.7,49.6
Emali,Makueni,2023-02-20,120,38,134,106,240,272,79,65,49.75,0.7638190954773869,161.25,1.6868217054263566,137.75,0.9727767695099818,674.25,0.3559510567296997,114.5,0.925764192139738,50.0,1.3,37.75,3.1788079470198674,44.5,1.7752808988764044,0.137,0.0,0.754,0.27415,AMBER,4.8,49.5
Emali,Makueni,2023-02-27,152,35,112,68,172,271,60,75,44.75,0.7821229050279329,187.0,1.4491978609625669,136.75,0.8190127970749543,491.75,0.3497712252160651,106.25,0.64,53.25,1.408450704225352,59.75,2.5439330543933054,56.0,1.0714285714285714,0.09,0.0,0.507,0.18359999999999999,AMBER,9.6,50.1
Emali,Makueni,2023-03-06,158,34,81,71,154,200,56,82,43.75,0.7771428571428571,215.75,0.9269988412514485,126.0,0.6428571428571429,400.75,0.38427947598253276,93.0,0.7634408602150538,61.5,1.3333333333333333,88.5,1.7853107344632768,60.5,0.9256198347107438,0.0,0.0,0.285,0.08549999999999999,GREEN,15.3,48.0
Emali,Makueni,2023-03-13,172,34,114,86,195,245,50,70,40.75,0.8343558282208589,231.75,1.0571736785329018,110.75,1.0293453724604966,280.75,0.6945681211041852,82.0,1.048780487804878,68.5,1.0218978102189782,117.25,1.466950959488273,61.25,0.8163265306122449,0.011,0.02,0.123,0.047749999999999994,GREEN,25.1,54.6
Emali,Makueni,2023-03-20,156,40,112,46,159,813,72,65,35.25,1.1347517730496455,247.0,3.291497975708502,110.25,1.0158730158730158,190.25,0.835742444152431,82.75,0.5558912386706949,73.0,0.8904109589041096,150.5,1.0365448504983388,61.25,1.1755102040816328,0.522,0.004,0.038,0.1955,AMBER,31.6,53.8
Emali,Makueni,2023-03-27,159,119,112,106,202,1118,55,72,35.75,3.3286713286713288,382.25,2.9247874427730545,104.75,1.0692124105011933,170.0,1.188235294117647,67.75,1.5645756457564575,73.0,0.9863013698630136,159.5,0.9968652037617555,59.5,0.9243697478991597,1.491,0.202,0.0,0.59255,RED,37.6,58.6
Emali,Makueni,2023-04-03,37,168,116,148,271,753,44,57,56.75,2.960352422907489,594.0,1.2676767676767677,104.75,1.107398568019093,177.5,1.5267605633802817,77.25,1.9158576051779934,72.25,0.7889273356401384,161.25,0.22945736434108527,58.25,0.7553648068669528,0.985,0.385,0.0,0.4795,RED,41.0,58.0
Emali,Makueni,2023-04-10,30,143,150,74,220,694,30,48,90.25,1.5844875346260388,732.25,0.9477637418914305,113.5,1.3215859030837005,206.75,1.064087061668682,96.5,0.7668393782383419,66.0,0.7272727272727273,131.0,0.22900763358778625,55.25,0.5429864253393665,0.278,0.108,0.0,0.1351,GREEN,43.6,53.7
Emali,Makueni,2023-04-17,28,132,133,105,175,548,37,55,117.5,1.123404255319149,844.5,0.6489046773238603,122.5,1.0857142857142856,213.0,0.8215962441314554,93.5,1.1229946524064172,60.5,0.9090909090909091,95.5,0.2931937172774869,50.25,0.736318407960199,0.059,0.053,0.0,0.0392,GREEN,51.8,57.9
Emali,Makueni,2023-04-24,37,275,164,71,193,612,53,42,140.5,1.9572953736654803,778.25,0.7863796980404755,127.75,1.283757338551859,217.0,0.8894009216589862,108.25,0.6558891454965358,58.0,0.7241379310344828,63.5,0.5826771653543307,41.5,1.2771084337349397,0.455,0.08,0.046,0.20105,AMBER,45.2,55.1
Emali,Makueni,2023-05-01,33,286,121,79,194,151,26,45,179.5,1.5933147632311977,651.75,0.23168392788645953,140.75,0.8596802841918295,214.75,0.9033760186263097,99.5,0.7939698492462312,50.5,0.8910891089108911,33.0,1.0,41.0,0.6341463414634146,0.282,0.0,0.0,0.09869999999999998,GREEN,39.7,56.8
Emali,Makueni,2023-05-08,24,96,94,57,182,112,71,49,209.0,0.45933014354066987,501.25,0.22344139650872819,142.0,0.6619718309859155,195.5,0.9309462915601023,82.25,0.6930091185410334,47.5,1.0315789473684212,32.0,0.75,36.5,1.9452054794520548,0.0,0.0,0.166,0.049800000000000004,GREEN,28.4,55.1
Emali,Makueni,2023-05-15,34,57,92,69,148,91,100,39,197.25,0.2889733840304182,355.75,0.25579761068165846,128.0,0.71875,186.0,0.7956989247311828,78.0,0.8846153846153846,47.75,0.8167539267015707,30.5,1.1147540983606556,46.75,2.1390374331550803,0.0,0.0,0.219,0.0657,GREEN,22.9,51.5
Emali,Makueni,2023-05-22,34,96,86,90,161,127,237,47,178.5,0.5378151260504201,241.5,0.525879917184265,117.75,0.7303609341825902,179.25,0.898186889818689,69.0,1.3043478260869565,43.75,1.0742857142857143,32.0,1.0625,62.5,3.792,0.0,0.071,0.501,0.17514999999999997,AMBER,12.6,49.1
Emali,Makueni,2023-05-29,32,102,120,97,231,163,182,45,133.75,0.7626168224299066,120.25,1.3555093555093556,98.25,1.2213740458015268,171.25,1.3489051094890512,73.75,1.3152542372881355,45.0,1.0,31.25,1.024,108.5,1.6774193548387097,0.071,0.229,0.119,0.1407,GREEN,4.3,48.4
Emali,Makueni,2023-06-05,34,49,140,86,218,238,206,64,87.75,0.5584045584045584,123.25,1.9310344827586208,98.0,1.4285714285714286,180.5,1.2077562326869806,78.25,1.099041533546326,45.0,1.4222222222222223,31.0,1.096774193548387,147.5,1.3966101694915254,0.186,0.2,0.203,0.196,AMBER,2.3,45.9
Emali,Makueni,2023-06-12,27,45,146,96,243,169,213,135,76.0,0.5921052631578947,154.75,1.0920840064620356,109.5,1.3333333333333333,189.5,1.2823218997361479,85.5,1.1228070175438596,48.75,2.769230769230769,33.5,0.8059701492537313,181.25,1.1751724137931034,0.018,0.198,0.501,0.2259,AMBER,7.5,47.8
Emali,Makueni,2023-06-19,41,50,172,112,220,239,101,156,73.0,0.684931506849315,174.25,1.3715925394548063,123.0,1.3983739837398375,213.25,1.0316529894490034,92.25,1.2140921409214092,72.75,2.1443298969072164,31.75,1.2913385826771653,209.5,0.4821002386634845,0.074,0.171,0.378,0.19915,AMBER,9.9,50.0
Emali,Makueni,2023-06-26,42,44,196,92,289,186,152,182,61.5,0.7154471544715447,202.25,0.9196538936959209,144.5,1.356401384083045,228.0,1.2675438596491229,97.75,0.9411764705882353,100.0,1.82,33.5,1.2537313432835822,175.5,0.8660968660968661,0.0,0.172,0.282,0.14479999999999998,GREEN,8.4,47.6
Emali,Makueni,2023-07-03,34,41,147,80,210,127,58,155,47.0,0.8723404255319149,208.0,0.6105769230769231,163.5,0.8990825688073395,242.5,0.865979381443299,96.5,0.8290155440414507,134.25,1.1545623836126628,36.0,0.9444444444444444,168.0,0.34523809523809523,0.0,0.0,0.041,0.0123,GREEN,6.9,47.7
Emali,Makueni,2023-07-10,52,277,143,88,205,148,71,160,45.0,6.155555555555556,180.25,0.8210818307905686,165.25,0.8653555219364599,240.5,0.8523908523908524,95.0,0.9263157894736842,157.0,1.019108280254777,36.0,1.4444444444444444,131.0,0.5419847328244275,1.425,0.0,0.116,0.53355,RED,3.3,47.1
Emali,Makueni,2023-07-17,58,207,147,69,205,158,67,230,103.0,2.0097087378640777,175.0,0.9028571428571428,164.5,0.8936170212765957,231.0,0.8874458874458875,93.0,0.7419354838709677,163.25,1.4088820826952526,42.25,1.3727810650887573,95.5,0.7015706806282722,0.48,0.0,0.202,0.22859999999999997,AMBER,6.8,48.6
Emali,Makueni,2023-07-24,47,138,76,72,156,110,46,91,142.25,0.9701230228471002,154.75,0.7108239095315024,158.25,0.4802527646129542,227.25,0.6864686468646864,82.25,0.8753799392097265,181.75,0.5006877579092159,46.5,1.010752688172043,87.0,0.5287356321839081,0.0,0.0,0.003,0.0009,GREEN,5.8,46.2
Emali,Makueni,2023-07-31,59,291,109,96,185,142,53,78,165.75,1.755656108597285,135.75,1.0460405156537753,128.25,0.8499025341130604,194.0,0.9536082474226805,77.25,1.2427184466019416,159.0,0.49056603773584906,47.75,1.2356020942408377,60.5,0.8760330578512396,0.368,0.057,0.059,0.16645,AMBER,6.6,47.0
Emali,Makueni,2023-08-07,65,218,113,127,143,193,52,71,228.25,0.9550930996714129,139.5,1.3835125448028673,118.75,0.9515789473684211,187.75,0.7616511318242344,81.25,1.563076923076923,139.75,0.5080500894454383,54.0,1.2037037037037037,59.25,0.8776371308016878,0.077,0.131,0.051,0.0881,GREEN,3.9,46.9
Emali,Makueni,2023-08-14,42,345,151,105,246,153,53,61,213.5,1.6159250585480094,150.75,1.0149253731343284,111.25,1.3573033707865167,172.25,1.428156748911466,91.0,1.1538461538461537,117.5,0.5191489361702127,57.25,0.7336244541484717,54.5,0.9724770642201835,0.296,0.251,0.0,0.19144999999999998,AMBER,10.6,50.4
Emali,Makueni,2023-08-21,43,40,147,116,238,164,62,44,248.0,0.16129032258064516,149.5,1.0969899665551839,112.25,1.3095768374164811,182.5,1.3041095890410959,100.0,1.16,75.25,0.584717607973422,53.25,0.8075117370892019,51.0,1.2156862745098038,0.019,0.206,0.036,0.08955,GREEN,3.3,49.8
Emali,Makueni,2023-08-28,34,57,126,98,259,132,41,39,223.5,0.2550335570469799,163.0,0.8098159509202454,130.0,0.9692307692307692,203.0,1.2758620689655173,111.0,0.8828828828828829,63.5,0.6141732283464567,52.25,0.6507177033492823,55.0,0.7454545454545455,0.0,0.074,0.0,0.025899999999999996,GREEN,4.9,46.4
Emali,Makueni,2023-09-04,38,50,142,97,242,221,38,34,165.0,0.30303030303030304,160.5,1.3769470404984423,134.25,1.0577281191806331,221.5,1.09255079006772,111.5,0.8699551569506726,53.75,0.6325581395348837,46.0,0.8260869565217391,52.0,0.7307692307692307,0.075,0.041,0.0,0.0406,GREEN,8.1,49.0
Emali,Makueni,2023-09-11,32,44,155,120,204,197,46,38,123.0,0.35772357723577236,167.5,1.1761194029850746,141.5,1.0954063604240283,246.25,0.8284263959390863,104.0,1.1538461538461537,44.5,0.8539325842696629,39.25,0.8152866242038217,48.5,0.9484536082474226,0.035,0.063,0.0,0.0343,GREEN,3.9,46.3
Emali,Makueni,2023-09-18,28,44,200,88,230,178,31,41,47.75,0.9214659685863874,178.5,0.9971988795518207,142.5,1.4035087719298245,235.75,0.975609756097561,107.75,0.8167053364269141,38.75,1.0580645161290323,36.75,0.7619047619047619,46.75,0.6631016042780749,0.0,0.114,0.015,0.044399999999999995,GREEN,12.2,47.4
Emali,Makueni,2023-09-25,37,36,192,81,183,110,36,50,48.75,0.7384615384615385,182.0,0.6043956043956044,155.75,1.232744783306581,233.75,0.7828877005347593,100.75,0.8039702233250621,38.0,1.3157894736842106,33.0,1.121212121212121,39.0,0.9230769230769231,0.0,0.066,0.115,0.0576,GREEN,5.4,48.9
Emali,Makueni,2023-10-02,28,25,158,80,121,80,35,42,43.5,0.5747126436781609,176.5,0.45325779036827196,172.25,0.9172714078374455,214.75,0.5634458672875436,96.5,0.8290155440414507,40.75,1.030674846625767,33.75,0.8296296296296296,37.75,0.9271523178807947,0.0,0.0,0.008,0.0024,GREEN,20.2,49.3
Emali,Makueni,2023-10-09,42,31,228,77,213,108,41,47,37.25,0.8322147651006712,141.25,0.7646017699115044,176.25,1.2936170212765958,184.5,1.1544715447154472,92.25,0.8346883468834688,42.75,1.0994152046783625,31.25,1.344,37.0,1.1081081081081081,0.0,0.124,0.131,0.0827,GREEN,27.4,52.3
Emali,Makueni,2023-10-16,36,33,295,112,159,138,44,46,34.0,0.9705882352941176,119.0,1.1596638655462186,194.5,1.5167095115681235,186.75,0.8514056224899599,81.5,1.3742331288343559,45.0,1.0222222222222221,33.75,1.0666666666666667,35.75,1.2307692307692308,0.032,0.234,0.061,0.1114,GREEN,31.5,56.5
Emali,Makueni,2023-10-23,30,51,191,109,253,224,42,48,31.25,1.632,109.0,2.055045871559633,218.25,0.8751431844215349,169.0,1.4970414201183433,87.5,1.2457142857142858,46.25,1.037837837837838,35.75,0.8391608391608392,39.0,1.0769230769230769,0.511,0.19,0.023,0.25225,AMBER,45.9,57.0
Emali,Makueni,2023-10-30,38,42,143,113,288,224,42,38,35.0,1.2,137.5,1.6290909090909091,218.0,0.6559633027522935,186.5,1.5442359249329758,94.5,1.1957671957671958,45.75,0.8306010928961749,34.0,1.1176470588235294,40.5,1.037037037037037,0.221,0.191,0.036,0.155,AMBER,44.4,58.6
Emali,Makueni,2023-11-06,33,53,124,97,200,186,37,52,39.25,1.3503184713375795,173.5,1.0720461095100864,214.25,0.5787631271878646,228.25,0.8762322015334063,102.75,0.9440389294403893,44.75,1.1620111731843576,36.5,0.9041095890410958,42.25,0.8757396449704142,0.181,0.0,0.043,0.07624999999999998,GREEN,44.2,56.8
Emali,Makueni,2023-11-13,39,57,163,114,231,204,343,43,44.75,1.2737430167597765,193.0,1.0569948186528497,188.25,0.8658698539176627,225.0,1.0266666666666666,107.75,1.0580046403712298,46.0,0.9347826086956522,34.25,1.1386861313868613,41.25,8.315151515151515,0.141,0.021,0.535,0.2172,AMBER,42.5,58.0
Emali,Makueni,2023-11-20,42,50,129,94,216,163,332,59,50.75,0.9852216748768473,209.5,0.7780429594272077,155.25,0.8309178743961353,243.0,0.8888888888888888,108.25,0.8683602771362586,45.25,1.3038674033149171,35.0,1.2,116.0,2.8620689655172415,0.0,0.0,0.441,0.1323,GREEN,45.3,58.3
Emali,Makueni,2023-11-27,37,38,124,98,198,169,464,70,50.5,0.7524752475247525,194.25,0.87001287001287,139.75,0.8872987477638641,233.75,0.8470588235294118,104.5,0.937799043062201,48.0,1.4583333333333333,38.0,0.9736842105263158,188.5,2.4615384615384617,0.0,0.0,0.366,0.1098,GREEN,36.2,58.3
Emali,Makueni,2023-12-04,60,41,107,79,227,111,414,84,49.5,0.8282828282828283,180.5,0.6149584487534626,135.0,0.7925925925925926,211.25,1.0745562130177515,100.75,0.7841191066997518,56.0,1.5,37.75,1.5894039735099337,294.0,1.4081632653061225,0.0,0.02,0.349,0.1117,GREEN,30.5,54.2
Emali,Makueni,2023-12-11,42,26,105,77,125,117,380,92,46.5,0.5591397849462365,161.75,0.723338485316847,130.75,0.8030592734225621,218.0,0.573394495412844,96.25,0.8,64.0,1.4375,44.5,0.9438202247191011,388.25,0.978750804893754,0.0,0.0,0.117,0.0351,GREEN,25.3,54.4
Emali,Makueni,2023-12-18,48,29,139,80,170,117,450,84,38.75,0.7483870967741936,140.0,0.8357142857142857,116.25,1.1956989247311829,191.5,0.8877284595300261,87.0,0.9195402298850575,76.25,1.1016393442622952,45.25,1.0607734806629834,397.5,1.1320754716981132,0.0,0.055,0.064,0.03845,GREEN,11.3,47.1
Emali,Makueni,2023-12-25,55,41,101,119,249,180,44,85,33.5,1.2238805970149254,128.5,1.4007782101167314,118.75,0.8505263157894737,180.0,1.3833333333333333,83.5,1.4251497005988023,82.5,1.0303030303030303,46.75,1.1764705882352942,427.0,0.10304449648711944,0.186,0.201,0.052,0.15105,AMBER,11.1,48.3
Emali,Makueni,2024-01-01,31,39,91,77,169,126,48,39,34.25,1.1386861313868613,131.25,0.96,113.0,0.8053097345132744,192.75,0.8767833981841764,88.75,0.8676056338028169,86.25,0.45217391304347826,51.25,0.6048780487804878,322.0,0.14906832298136646,0.066,0.0,0.0,0.0231,GREEN,5.0,45.2
Emali,Makueni,2024-01-08,34,38,128,84,174,142,44,53,33.75,1.125925925925926,135.0,1.0518518518518518,109.0,1.1743119266055047,178.25,0.9761570827489481,88.25,0.9518413597733711,75.0,0.7066666666666667,44.0,0.7727272727272727,230.5,0.19088937093275488,0.07,0.049,0.0,0.04165,GREEN,7.2,46.8
Emali,Makueni,2024-01-15,27,55,117,105,232,225,41,52,36.75,1.4965986394557824,141.25,1.592920353982301,114.75,1.0196078431372548,190.5,1.2178477690288714,90.0,1.1666666666666667,65.25,0.7969348659003831,42.0,0.6428571428571429,146.5,0.27986348122866894,0.354,0.103,0.0,0.15994999999999998,AMBER,9.0,45.4
Emali,Makueni,2024-01-22,31,46,161,123,264,200,30,29,43.25,1.0635838150289016,168.25,1.188707280832095,109.25,1.4736842105263157,206.0,1.2815533980582525,96.25,1.277922077922078,57.25,0.5065502183406113,36.75,0.8435374149659864,44.25,0.6779661016949152,0.068,0.274,0.0,0.1197,GREEN,4.7,47.8
Emali,Makueni,2024-01-29,34,48,168,125,226,190,35,44,44.5,1.0786516853932584,173.25,1.0966810966810967,124.25,1.352112676056338,209.75,1.0774731823599524,97.25,1.2853470437017995,43.25,1.0173410404624277,30.75,1.1056910569105691,40.75,0.8588957055214724,0.057,0.187,0.031,0.09469999999999999,GREEN,8.9,47.7
Emali,Makueni,2024-02-05,34,44,130,109,716,217,48,60,46.75,0.9411764705882353,189.25,1.1466314398943196,143.5,0.9059233449477352,224.0,3.1964285714285716,109.25,0.9977116704805492,44.5,1.348314606741573,31.5,1.0793650793650793,37.5,1.28,0.029,0.586,0.159,0.26294999999999996,AMBER,4.8,50.1
Emali,Makueni,2024-02-12,58,53,118,105,496,145,53,59,48.25,1.0984455958549222,208.0,0.6971153846153846,144.0,0.8194444444444444,359.5,1.3796940194714882,115.5,0.9090909090909091,46.25,1.2756756756756757,31.5,1.8412698412698412,38.5,1.3766233766233766,0.047,0.101,0.347,0.15589999999999998,AMBER,5.2,49.6
Emali,Makueni,2024-02-19,47,42,117,96,457,187,46,59,47.75,0.8795811518324608,188.0,0.9946808510638298,144.25,0.8110918544194108,425.5,1.0740305522914217,115.5,0.8311688311688312,48.0,1.2291666666666667,39.25,1.197452229299363,41.5,1.108433734939759,0.0,0.02,0.129,0.0457,GREEN,5.3,48.0
Emali,Makueni,2024-02-26,66,31,108,67,466,131,52,99,46.75,0.6631016042780749,184.75,0.7090663058186739,133.25,0.8105065666041276,473.75,0.9836411609498681,108.75,0.6160919540229886,55.5,1.7837837837837838,43.25,1.5260115606936415,45.5,1.1428571428571428,0.0,0.0,0.364,0.10919999999999999,GREEN,12.2,46.9
Emali,Makueni,2024-03-04,55,26,94,78,458,114,63,78,42.5,0.611764705882353,170.0,0.6705882352941176,118.25,0.7949260042283298,533.75,0.8580796252927401,94.25,0.8275862068965517,69.25,1.1263537906137184,51.25,1.0731707317073171,49.75,1.2663316582914572,0.0,0.0,0.096,0.0288,GREEN,17.6,50.8
Emali,Makueni,2024-03-11,42,19,71,65,556,103,52,77,38.0,0.5,144.25,0.7140381282495667,109.25,0.6498855835240275,469.25,1.1848694725626,86.5,0.7514450867052023,73.75,1.0440677966101695,56.5,0.7433628318584071,53.5,0.9719626168224299,0.0,0.049,0.012,0.020749999999999998,GREEN,26.1,51.6
Emali,Makueni,2024-03-18,43,48,104,77,273,151,74,57,29.5,1.6271186440677967,133.75,1.1289719626168224,97.5,1.0666666666666667,484.25,0.5637583892617449,76.5,1.0065359477124183,78.25,0.7284345047923323,52.5,0.819047619047619,53.25,1.3896713615023475,0.324,0.02,0.065,0.1399,GREEN,37.7,53.5
Emali,Makueni,2024-03-25,48,47,126,101,404,182,59,58,31.0,1.5161290322580645,124.75,1.4589178356713426,94.25,1.336870026525199,438.25,0.9218482601254991,71.75,1.4076655052264808,77.75,0.7459807073954984,51.5,0.9320388349514563,60.25,0.979253112033195,0.337,0.191,0.0,0.1848,AMBER,39.3,57.1
Emali,Makueni,2024-04-01,46,33,124,101,395,225,42,47,35.0,0.9428571428571428,137.5,1.6363636363636365,98.75,1.2556962025316456,422.75,0.9343583678296866,80.25,1.2585669781931463,67.5,0.6962962962962963,47.0,0.9787234042553191,62.0,0.6774193548387096,0.127,0.133,0.0,0.091,GREEN,40.1,57.2
Emali,Makueni,2024-04-08,42,42,82,121,341,220,46,52,36.75,1.1428571428571428,165.25,1.3313161875945536,106.25,0.7717647058823529,407.0,0.8378378378378378,86.0,1.4069767441860466,59.75,0.8702928870292888,44.75,0.9385474860335196,56.75,0.8105726872246696,0.134,0.095,0.0,0.08015,GREEN,43.5,58.0
Emali,Makueni,2024-04-15,34,49,101,113,308,183,45,48,42.5,1.1529411764705881,194.5,0.9408740359897172,109.0,0.926605504587156,353.25,0.8719037508846426,100.0,1.13,53.5,0.897196261682243,44.75,0.7597765363128491,55.25,0.8144796380090498,0.073,0.03,0.0,0.03605,GREEN,46.5,57.8
Emali,Makueni,2024-04-22,27,39,108,102,377,190,41,41,42.75,0.9122807017543859,202.5,0.9382716049382716,108.25,0.9976905311778291,362.0,1.0414364640883977,109.0,0.9357798165137615,51.25,0.8,42.5,0.6352941176470588,48.0,0.8541666666666666,0.0,0.011,0.0,0.0038499999999999997,GREEN,43.4,59.0
Emali,Makueni,2024-04-29,34,48,120,76,242,191,39,49,40.75,1.177914110429448,204.5,0.9339853300733496,103.75,1.1566265060240963,355.25,0.681210415200563,109.25,0.6956521739130435,47.0,1.0425531914893618,37.25,0.912751677852349,43.5,0.896551724137931,0.085,0.044,0.011,0.04844999999999999,GREEN,39.8,56.9
Emali,Makueni,2024-05-06,29,38,100,80,179,130,37,43,44.5,0.8539325842696629,196.0,0.6632653061224489,102.75,0.9732360097323601,317.0,0.5646687697160884,103.0,0.7766990291262136,47.5,0.9052631578947369,34.25,0.8467153284671532,42.75,0.8654970760233918,0.0,0.0,0.0,0.0,GREEN,29.9,55.4
Emali,Makueni,2024-05-13,35,30,81,67,129,100,36,47,43.5,0.6896551724137931,173.5,0.5763688760806917,107.25,0.7552447552447552,276.5,0.4665461121157324,92.75,0.7223719676549866,45.25,1.0386740331491713,31.0,1.1290322580645162,40.5,0.8888888888888888,0.0,0.0,0.043,0.012899999999999998,GREEN,25.5,55.6
Emali,Makueni,2024-05-20,28,22,119,83,128,96,31,47,38.75,0.567741935483871,152.75,0.6284779050736498,102.25,1.1638141809290954,231.75,0.552319309600863,81.25,1.0215384615384615,45.0,1.0444444444444445,31.25,0.896,38.25,0.8104575163398693,0.0,0.051,0.012,0.021449999999999997,GREEN,12.5,53.1
Emali,Makueni,2024-05-27,23,39,136,85,249,154,48,48,34.5,1.1304347826086956,129.25,1.1914893617021276,105.0,1.2952380952380953,169.5,1.4690265486725664,76.5,1.1111111111111112,46.5,1.032258064516129,31.5,0.7301587301587301,35.75,1.3426573426573427,0.1,0.235,0.066,0.13705,GREEN,9.0,46.8
Emali,Makueni,2024-06-03,40,43,137,222,258,134,36,47,32.25,1.3333333333333333,120.0,1.1166666666666667,109.0,1.2568807339449541,171.25,1.5065693430656935,78.75,2.8190476190476192,46.25,1.0162162162162163,28.75,1.391304347826087,38.0,0.9473684210526315,0.182,0.632,0.102,0.3155,AMBER,4.1,47.7
Emali,Makueni,2024-06-10,32,45,144,206,246,192,39,48,33.5,1.3432835820895523,121.0,1.5867768595041323,118.25,1.2177589852008457,191.0,1.287958115183246,114.25,1.8030634573304158,47.25,1.0158730158730158,31.5,1.0158730158730158,37.75,1.033112582781457,0.28,0.326,0.014,0.21630000000000002,AMBER,3.5,49.0
Emali,Makueni,2024-06-17,33,50,125,236,293,229,34,53,37.25,1.342281879194631,144.0,1.5902777777777777,134.0,0.9328358208955224,220.25,1.330306469920545,149.0,1.5838926174496644,47.5,1.1157894736842104,30.75,1.0731707317073171,38.5,0.8831168831168831,0.281,0.224,0.049,0.19145,AMBER,9.4,49.7
Emali,Makueni,2024-06-24,46,43,126,244,244,133,46,172,44.25,0.9717514124293786,177.25,0.7503526093088858,135.5,0.9298892988929889,261.5,0.9330783938814532,187.25,1.3030707610146863,49.0,3.510204081632653,32.0,1.4375,39.25,1.1719745222929936,0.0,0.071,0.807,0.26695,AMBER,3.2,45.3
Emali,Makueni,2024-07-01,60,50,99,189,205,215,79,173,45.25,1.1049723756906078,172.0,1.25,133.0,0.7443609022556391,260.25,0.7877041306436119,227.0,0.8325991189427313,80.0,2.1625,37.75,1.5894039735099337,38.75,2.0387096774193547,0.1,0.0,0.63,0.224,AMBER,13.2,48.0
Emali,Makueni,2024-07-08,57,48,117,166,220,153,54,199,47.0,1.0212765957446808,192.25,0.7958387516254877,123.5,0.9473684210526315,247.0,0.8906882591093117,218.75,0.7588571428571429,111.5,1.7847533632286996,42.75,1.3333333333333333,49.5,1.0909090909090908,0.01,0.0,0.308,0.0959,GREEN,7.9,50.3
Emali,Makueni,2024-07-15,106,39,119,86,156,315,79,254,47.75,0.8167539267015707,182.5,1.726027397260274,116.75,1.019271948608137,240.5,0.6486486486486487,208.75,0.4119760479041916,149.25,1.7018425460636515,49.0,2.163265306122449,53.25,1.483568075117371,0.145,0.005,0.559,0.2202,AMBER,4.5,47.4
Emali,Makueni,2024-07-22,114,27,108,54,128,229,66,223,45.0,0.6,204.0,1.1225490196078431,115.25,0.9370932754880694,206.25,0.6206060606060606,171.25,0.31532846715328466,199.5,1.117794486215539,67.25,1.695167286245353,64.5,1.0232558139534884,0.025,0.0,0.209,0.07144999999999999,GREEN,4.0,46.2
Emali,Makueni,2024-07-29,100,47,103,93,198,235,72,203,41.0,1.146341463414634,228.0,1.030701754385965,110.75,0.9300225733634312,177.25,1.1170662905500706,123.75,0.7515151515151515,212.25,0.9564193168433451,84.25,1.1869436201780414,69.5,1.0359712230215827,0.076,0.031,0.053,0.053349999999999995,GREEN,7.2,50.1
Emali,Makueni,2024-08-05,99,50,131,91,229,334,72,64,40.25,1.2422360248447204,233.0,1.4334763948497855,111.75,1.1722595078299776,175.5,1.3048433048433048,99.75,0.9122807017543859,219.75,0.2912400455062571,94.25,1.0503978779840848,67.75,1.062730627306273,0.202,0.13,0.023,0.1231,GREEN,11.3,47.0
Emali,Makueni,2024-08-12,91,48,76,99,180,562,57,66,40.75,1.177914110429448,278.25,2.019766397124888,115.25,0.6594360086767896,177.75,1.0126582278481013,81.0,1.2222222222222223,186.0,0.3548387096774194,104.75,0.8687350835322196,72.25,0.7889273356401384,0.288,0.055,0.0,0.12004999999999999,GREEN,10.1,50.1
Emali,Makueni,2024-08-19,169,48,132,115,192,384,45,48,43.0,1.1162790697674418,340.0,1.1294117647058823,104.5,1.263157894736842,183.75,1.0448979591836736,84.25,1.3649851632047478,139.0,0.34532374100719426,101.0,1.6732673267326732,66.75,0.6741573033707865,0.081,0.172,0.168,0.13895,GREEN,4.3,48.1
Emali,Makueni,2024-08-26,83,64,134,293,224,152,38,54,48.25,1.3264248704663213,378.75,0.4013201320132013,110.5,1.2126696832579185,199.75,1.1214017521902377,99.5,2.9447236180904524,95.25,0.5669291338582677,114.75,0.7233115468409586,61.5,0.6178861788617886,0.155,0.546,0.0,0.24534999999999998,AMBER,5.9,44.9
Emali,Makueni,2024-09-02,87,60,173,268,210,199,38,38,52.5,1.1428571428571428,358.0,0.5558659217877095,118.25,1.4630021141649048,206.25,1.018181818181818,149.5,1.7926421404682273,58.0,0.6551724137931034,110.5,0.7873303167420814,53.0,0.7169811320754716,0.068,0.321,0.0,0.13615,GREEN,11.7,48.8
Emali,Makueni,2024-09-09,89,38,142,287,239,179,50,55,55.0,0.6909090909090909,324.25,0.5520431765612953,128.75,1.1029126213592233,201.5,1.186104218362283,193.75,1.481290322580645,51.5,1.0679611650485437,107.5,0.827906976744186,44.5,1.1235955056179776,0.0,0.191,0.039,0.07855,GREEN,4.4,46.5
Emali,Makueni,2024-09-16,88,50,131,208,204,153,30,43,52.5,0.9523809523809523,228.5,0.6695842450765864,145.25,0.9018932874354562,216.25,0.9433526011560693,240.75,0.8639667705088265,48.75,0.882051282051282,107.0,0.822429906542056,42.75,0.7017543859649122,0.0,0.0,0.0,0.0,GREEN,3.3,46.4
Emali,Makueni,2024-09-23,66,35,114,224,209,134,29,38,53.0,0.660377358490566,170.75,0.7847730600292826,145.0,0.7862068965517242,219.25,0.9532497149372862,264.0,0.8484848484848485,47.5,0.8,86.75,0.760806916426513,39.0,0.7435897435897436,0.0,0.0,0.0,0.0,GREEN,6.3,50.0
Emali,Makueni,2024-09-30,39,24,91,143,157,115,29,46,45.75,0.5245901639344263,166.25,0.6917293233082706,140.0,0.65,215.5,0.728538283062645,246.75,0.5795339412360689,43.5,1.0574712643678161,82.5,0.4727272727272727,36.75,0.7891156462585034,0.0,0.0,0.015,0.0045,GREEN,12.6,47.6
Emali,Makueni,2024-10-07,39,25,219,86,161,122,34,39,36.75,0.6802721088435374,145.25,0.8399311531841652,119.5,1.8326359832635983,202.25,0.796044499381953,215.5,0.3990719257540603,45.5,0.8571428571428571,70.5,0.5531914893617021,34.5,0.9855072463768116,0.0,0.236,0.0,0.08259999999999999,GREEN,26.5,51.1
Emali,Makueni,2024-10-14,33,41,133,87,145,165,43,45,33.5,1.2238805970149254,131.0,1.2595419847328244,138.75,0.9585585585585585,182.75,0.7934336525307798,165.25,0.5264750378214826,41.5,1.0843373493975903,58.0,0.5689655172413793,30.5,1.4098360655737705,0.158,0.0,0.091,0.08259999999999999,GREEN,37.9,52.9
Emali,Makueni,2024-10-21,35,48,228,81,229,209,43,41,31.25,1.536,134.0,1.5597014925373134,139.25,1.637342908438061,168.0,1.3630952380952381,135.0,0.6,42.0,0.9761904761904762,44.25,0.7909604519774012,33.75,1.2740740740740741,0.367,0.277,0.046,0.2392,AMBER,38.2,54.5
Emali,Makueni,2024-10-28,32,64,276,110,175,166,35,51,34.5,1.855072463768116,152.75,1.0867430441898527,167.75,1.645305514157973,173.0,1.0115606936416186,99.25,1.1083123425692696,42.75,1.1929824561403508,36.5,0.8767123287671232,37.25,0.9395973154362416,0.424,0.211,0.051,0.23754999999999998,AMBER,45.2,57.0
Emali,Makueni,2024-11-04,37,61,172,107,216,130,39,46,44.5,1.3707865168539326,165.5,0.7854984894259819,214.0,0.8037383177570093,177.5,1.2169014084507042,91.0,1.1758241758241759,44.0,1.0454545454545454,34.75,1.064748201438849,38.75,1.0064516129032257,0.176,0.099,0.029,0.10495,GREEN,44.3,58.6
Emali,Makueni,2024-11-11,35,47,266,81,210,214,39,114,53.5,0.8785046728971962,167.5,1.2776119402985076,202.25,1.315203955500618,191.25,1.0980392156862746,96.25,0.8415584415584415,45.75,2.4918032786885247,34.25,1.0218978102189782,40.0,0.975,0.056,0.115,0.403,0.18075000000000002,AMBER,43.2,55.7
Emali,Makueni,2024-11-18,56,51,118,68,206,250,47,147,55.0,0.9272727272727272,179.75,1.3908205841446453,235.5,0.5010615711252654,207.5,0.9927710843373494,94.75,0.7176781002638523,63.0,2.3333333333333335,34.75,1.6115107913669064,39.0,1.205128205128205,0.078,0.0,0.543,0.1902,AMBER,45.6,57.5
Emali,Makueni,2024-11-25,57,48,124,89,163,160,66,198,55.75,0.8609865470852018,190.0,0.8421052631578947,208.0,0.5961538461538461,201.75,0.8079306071871127,91.5,0.9726775956284153,89.5,2.212290502793296,40.0,1.425,40.0,1.65,0.0,0.0,0.538,0.16140000000000002,AMBER,40.0,54.1
Emali,Makueni,2024-12-02,61,36,94,99,158,138,75,227,51.75,0.6956521739130435,188.5,0.7320954907161804,170.0,0.5529411764705883,198.75,0.7949685534591195,86.25,1.1478260869565218,126.25,1.798019801980198,46.25,1.318918918918919,47.75,1.5706806282722514,0.0,0.034,0.388,0.1283,GREEN,32.6,53.9
Emali,Makueni,2024-12-09,55,26,103,71,176,100,62,193,45.5,0.5714285714285714,190.5,0.5249343832020997,150.5,0.6843853820598007,184.25,0.9552238805970149,84.25,0.8427299703264095,171.5,1.1253644314868805,52.25,1.0526315789473684,56.75,1.092511013215859,0.0,0.0,0.062,0.0186,GREEN,23.7,52.4
Emali,Makueni,2024-12-16,43,33,102,72,208,166,81,160,40.25,0.8198757763975155,162.0,1.0246913580246915,109.75,0.929384965831435,175.75,1.1834992887624467,81.75,0.8807339449541285,191.25,0.8366013071895425,57.25,0.7510917030567685,62.5,1.296,0.005,0.049,0.049,0.0336,GREEN,14.1,52.3
Emali,Makueni,2024-12-23,59,45,137,106,250,159,70,82,35.75,1.2587412587412588,141.0,1.127659574468085,105.75,1.2955082742316786,176.25,1.4184397163120568,82.75,1.2809667673716012,194.5,0.42159383033419023,54.0,1.0925925925925926,71.0,0.9859154929577465,0.148,0.261,0.023,0.15005,AMBER,6.5,47.8
Emali,Makueni,2024-12-30,26,38,114,91,178,130,48,50,35.0,1.0857142857142856,140.75,0.9236234458259325,109.0,1.0458715596330275,198.0,0.898989898989899,87.0,1.0459770114942528,165.5,0.3021148036253776,54.5,0.47706422018348627,72.0,0.6666666666666666,0.041,0.024,0.0,0.02275,GREEN,9.2,50.0
Kericho,Kericho,2023-01-02,131,20,76,31,104,60,123,125,,,,,,,,,,,,,,,,,0.0,0.0,0.0,0.0,GREEN,8.2,83.5
Kericho,Kericho,2023-01-09,88,24,52,43,111,86,103,115,20.0,1.2,60.0,1.4333333333333333,76.0,0.6842105263157895,104.0,1.0673076923076923,31.0,1.3870967741935485,125.0,0.92,131.0,0.6717557251908397,123.0,0.8373983739837398,0.182,0.108,0.0,0.10149999999999999,GREEN,14.4,84.1
Kericho,Kericho,2023-01-16,111,32,64,52,130,120,116,113,22.0,1.4545454545454546,73.0,1.643835616438356,64.0,1.0,107.5,1.2093023255813953,37.0,1.4054054054054055,120.0,0.9416666666666667,109.5,1.0136986301369864,113.0,1.0265486725663717,0.345,0.15,0.008,0.17565,AMBER,16.7,81.7
Kericho,Kericho,2023-01-23,84,27,78,58,112,120,139,160,25.333333333333332,1.0657894736842106,88.66666666666667,1.3533834586466165,64.0,1.21875,115.0,0.9739130434782609,42.0,1.380952380952381,117.66666666666667,1.3597733711048159,110.0,0.7636363636363637,114.0,1.219298245614035,0.102,0.151,0.132,0.12815,GREEN,7.5,83.5
Kericho,Kericho,2023-01-30,75,33,64,65,127,129,109,104,25.75,1.2815533980582525,96.5,1.3367875647668395,67.5,0.9481481481481482,114.25,1.1115973741794312,46.0,1.4130434782608696,128.25,0.8109161793372319,103.5,0.7246376811594203,120.25,0.9064449064449065,0.201,0.126,0.0,0.11445,GREEN,19.8,83.3
Kericho,Kericho,2023-02-06,84,42,84,55,142,112,141,194,29.0,1.4482758620689655,113.75,0.9846153846153847,64.5,1.302325581395349,120.0,1.1833333333333333,54.5,1.0091743119266054,123.0,1.5772357723577235,89.5,0.9385474860335196,116.75,1.2077087794432548,0.213,0.137,0.189,0.1792,AMBER,8.7,82.6
Kericho,Kericho,2023-02-13,151,29,80,51,150,83,167,166,33.5,0.8656716417910447,120.25,0.6902286902286903,72.5,1.103448275862069,127.75,1.1741682974559686,57.5,0.8869565217391304,142.75,1.1628721541155866,88.5,1.7062146892655368,126.25,1.3227722772277228,0.0,0.076,0.274,0.10880000000000001,GREEN,11.0,80.2
Kericho,Kericho,2023-02-20,159,24,70,57,143,76,207,190,32.75,0.732824427480916,111.0,0.6846846846846847,76.5,0.9150326797385621,132.75,1.0772128060263653,57.25,0.9956331877729258,156.0,1.2179487179487178,98.5,1.614213197969543,139.0,1.4892086330935252,0.0,0.021,0.293,0.09524999999999999,GREEN,10.0,81.3
Kericho,Kericho,2023-02-27,153,18,59,47,101,85,129,220,32.0,0.5625,100.0,0.85,74.5,0.7919463087248322,140.5,0.7188612099644128,57.0,0.8245614035087719,163.5,1.345565749235474,117.25,1.304904051172708,156.0,0.8269230769230769,0.0,0.0,0.168,0.0504,GREEN,24.0,81.4
Kericho,Kericho,2023-03-06,124,16,58,39,90,62,181,205,28.25,0.5663716814159292,89.0,0.6966292134831461,73.25,0.7918088737201365,134.0,0.6716417910447762,52.5,0.7428571428571429,192.5,1.0649350649350648,136.75,0.906764168190128,161.0,1.124223602484472,0.0,0.0,0.038,0.011399999999999999,GREEN,52.4,83.0
Kericho,Kericho,2023-03-13,148,18,47,109,123,91,201,256,21.75,0.8275862068965517,76.5,1.1895424836601307,66.75,0.704119850187266,121.0,1.0165289256198347,48.5,2.247422680412371,195.25,1.3111395646606914,146.75,1.008517887563884,171.0,1.1754385964912282,0.038,0.295,0.114,0.15075,AMBER,88.5,83.8
Kericho,Kericho,2023-03-20,155,25,66,140,97,96,216,269,19.0,1.3157894736842106,78.5,1.2229299363057324,58.5,1.1282051282051282,114.25,0.849015317286652,63.0,2.2222222222222223,217.75,1.235361653272101,146.0,1.0616438356164384,179.5,1.2033426183844012,0.195,0.322,0.112,0.21455,AMBER,119.4,87.4
Kericho,Kericho,2023-03-27,156,28,63,121,130,85,153,172,19.25,1.4545454545454546,83.5,1.0179640718562875,57.5,1.0956521739130434,102.75,1.2652068126520681,83.75,1.4447761194029851,237.5,0.7242105263157895,145.0,1.0758620689655172,181.75,0.8418156808803301,0.22,0.202,0.019,0.1534,AMBER,142.3,87.2
Kericho,Kericho,2023-04-03,120,20,85,125,140,103,102,154,21.75,0.9195402298850575,83.5,1.2335329341317365,58.5,1.452991452991453,110.0,1.2727272727272727,102.25,1.2224938875305624,225.5,0.6829268292682927,145.75,0.823327615780446,187.75,0.5432756324900133,0.047,0.253,0.0,0.10499999999999998,GREEN,162.7,86.2
Kericho,Kericho,2023-04-10,103,30,56,160,156,124,128,132,22.75,1.3186813186813187,93.75,1.3226666666666667,65.25,0.8582375478927203,122.5,1.273469387755102,123.75,1.292929292929293,212.75,0.6204465334900118,144.75,0.7115716753022453,168.0,0.7619047619047619,0.216,0.141,0.0,0.12494999999999999,GREEN,165.3,90.4
Kericho,Kericho,2023-04-17,93,34,75,107,104,123,106,146,25.75,1.3203883495145632,102.0,1.2058823529411764,67.5,1.1111111111111112,130.75,0.7954110898661568,136.5,0.7838827838827839,181.75,0.8033012379642366,133.5,0.6966292134831461,149.75,0.7078464106844741,0.193,0.031,0.0,0.0784,GREEN,172.6,87.1
Kericho,Kericho,2023-04-24,125,26,75,54,102,117,96,132,28.0,0.9285714285714286,108.75,1.0758620689655172,69.75,1.075268817204301,132.5,0.769811320754717,128.25,0.42105263157894735,151.0,0.8741721854304636,118.0,1.0593220338983051,122.25,0.7852760736196319,0.015,0.021,0.015,0.0171,GREEN,159.0,85.4
Kericho,Kericho,2023-05-01,84,22,56,46,109,77,106,163,27.5,0.8,116.75,0.6595289079229122,72.75,0.7697594501718213,125.5,0.8685258964143426,111.5,0.4125560538116592,141.0,1.1560283687943262,110.25,0.7619047619047619,108.0,0.9814814814814815,0.0,0.0,0.042,0.0126,GREEN,140.9,85.2
Kericho,Kericho,2023-05-08,89,16,52,34,100,63,114,158,28.0,0.5714285714285714,110.25,0.5714285714285714,65.5,0.7938931297709924,117.75,0.8492569002123143,91.75,0.37057220708446864,143.25,1.1029668411867364,101.25,0.8790123456790123,109.0,1.0458715596330275,0.0,0.0,0.035,0.0105,GREEN,110.9,86.1
Kericho,Kericho,2023-05-15,92,12,48,31,93,58,106,111,24.5,0.4897959183673469,95.0,0.6105263157894737,64.5,0.7441860465116279,103.75,0.8963855421686747,60.25,0.5145228215767634,149.75,0.7412353923205343,97.75,0.9411764705882353,105.5,1.004739336492891,0.0,0.0,0.001,0.0003,GREEN,84.5,82.3
Kericho,Kericho,2023-05-22,107,23,65,42,102,93,78,146,19.0,1.2105263157894737,78.75,1.180952380952381,57.75,1.1255411255411256,101.0,1.00990099009901,41.25,1.018181818181818,141.0,1.0354609929078014,97.5,1.0974358974358975,105.5,0.7393364928909952,0.136,0.042,0.034,0.07250000000000001,GREEN,51.5,82.3
Kericho,Kericho,2023-05-29,84,24,55,56,106,82,133,166,18.25,1.3150684931506849,72.75,1.127147766323024,55.25,0.995475113122172,101.0,1.0495049504950495,38.25,1.4640522875816993,144.5,1.1487889273356402,93.0,0.9032258064516129,101.0,1.316831683168317,0.175,0.121,0.092,0.13119999999999998,GREEN,12.6,80.3
Kericho,Kericho,2023-06-05,101,31,62,48,126,111,139,125,18.75,1.6533333333333333,74.0,1.5,55.0,1.1272727272727272,100.25,1.256857855361596,40.75,1.177914110429448,145.25,0.8605851979345955,93.0,1.086021505376344,107.75,1.2900232018561484,0.41,0.146,0.07,0.21559999999999999,AMBER,13.9,82.2
Kericho,Kericho,2023-06-12,101,37,88,67,131,119,128,129,22.5,1.6444444444444444,86.0,1.3837209302325582,57.5,1.5304347826086957,106.75,1.2271662763466042,44.25,1.5141242937853108,137.0,0.9416058394160584,96.0,1.0520833333333333,114.0,1.1228070175438596,0.383,0.331,0.033,0.25980000000000003,AMBER,16.1,82.6
Kericho,Kericho,2023-06-19,89,35,74,58,162,127,97,124,28.75,1.2173913043478262,101.25,1.254320987654321,67.5,1.0962962962962963,116.25,1.3935483870967742,53.25,1.0892018779342723,141.5,0.8763250883392226,98.25,0.905852417302799,119.5,0.8117154811715481,0.154,0.153,0.0,0.10744999999999999,GREEN,21.1,84.2
Kericho,Kericho,2023-06-26,126,27,67,68,129,139,138,152,31.75,0.8503937007874016,109.75,1.2665148063781322,69.75,0.9605734767025089,131.25,0.9828571428571429,57.25,1.1877729257641922,136.0,1.1176470588235294,93.75,1.344,124.25,1.1106639839034205,0.053,0.044,0.136,0.07475,GREEN,8.9,79.9
Kericho,Kericho,2023-07-03,119,28,79,49,112,128,165,143,32.5,0.8615384615384616,124.0,1.032258064516129,72.75,1.0859106529209621,137.0,0.8175182481751825,60.25,0.8132780082987552,132.5,1.079245283018868,104.25,1.1414868105515588,125.5,1.3147410358565736,0.006,0.024,0.109,0.0432,GREEN,14.6,83.1
Kericho,Kericho,2023-07-10,129,22,60,48,116,84,200,169,31.75,0.6929133858267716,128.25,0.6549707602339181,77.0,0.7792207792207793,133.5,0.8689138576779026,60.5,0.7933884297520661,137.0,1.2335766423357664,108.75,1.186206896551724,132.0,1.5151515151515151,0.0,0.0,0.195,0.058499999999999996,GREEN,19.1,82.3
Kericho,Kericho,2023-07-17,167,18,66,45,98,53,214,227,28.0,0.6428571428571429,119.5,0.4435146443514644,70.0,0.9428571428571428,129.75,0.7552986512524085,55.75,0.8071748878923767,147.0,1.5442176870748299,115.75,1.4427645788336934,150.0,1.4266666666666667,0.0,0.0,0.327,0.0981,GREEN,9.0,81.0
Kericho,Kericho,2023-07-24,126,17,43,35,61,54,177,282,23.75,0.7157894736842105,101.0,0.5346534653465347,68.0,0.6323529411764706,113.75,0.5362637362637362,52.5,0.6666666666666666,172.75,1.6324167872648336,135.25,0.9316081330868762,179.25,0.9874476987447699,0.0,0.0,0.169,0.0507,GREEN,19.8,81.7
Kericho,Kericho,2023-07-31,112,18,56,49,95,78,197,204,21.25,0.8470588235294118,79.75,0.9780564263322884,62.0,0.9032258064516129,96.75,0.9819121447028424,44.25,1.1073446327683616,205.25,0.9939098660170523,135.25,0.8280961182994455,189.0,1.0423280423280423,0.0,0.025,0.007,0.010849999999999999,GREEN,12.4,83.1
Kericho,Kericho,2023-08-07,167,16,74,33,107,87,196,191,18.75,0.8533333333333334,67.25,1.2936802973977695,56.25,1.3155555555555556,92.5,1.1567567567567567,44.25,0.7457627118644068,220.5,0.8662131519274376,133.5,1.250936329588015,197.0,0.9949238578680203,0.059,0.131,0.063,0.0854,GREEN,6.2,81.2
Kericho,Kericho,2023-08-14,162,24,69,73,109,134,201,239,17.25,1.391304347826087,68.0,1.9705882352941178,59.75,1.1548117154811715,90.25,1.2077562326869806,40.5,1.8024691358024691,226.0,1.0575221238938053,143.0,1.132867132867133,196.0,1.0255102040816326,0.38,0.287,0.053,0.24934999999999996,AMBER,11.0,82.0
Kericho,Kericho,2023-08-21,112,28,84,64,145,112,157,137,18.75,1.4933333333333334,88.25,1.2691218130311614,60.5,1.3884297520661157,93.0,1.5591397849462365,47.5,1.3473684210526315,229.0,0.5982532751091703,141.75,0.7901234567901234,192.75,0.814526588845655,0.288,0.34,0.0,0.2198,AMBER,23.3,81.3
Kericho,Kericho,2023-08-28,89,86,76,56,113,125,131,101,21.5,4.0,102.75,1.2165450121654502,70.75,1.0742049469964665,114.0,0.9912280701754386,54.75,1.0228310502283104,192.75,0.5239948119325551,138.25,0.64376130198915,187.75,0.6977363515312917,1.468,0.026,0.0,0.5228999999999999,RED,15.2,83.6
Kericho,Kericho,2023-09-04,114,64,98,52,134,115,118,118,38.5,1.6623376623376624,114.5,1.0043668122270741,75.75,1.2937293729372936,118.5,1.130801687763713,56.5,0.9203539823008849,167.0,0.7065868263473054,132.5,0.8603773584905661,171.25,0.689051094890511,0.315,0.118,0.0,0.15155,AMBER,8.0,82.0
Kericho,Kericho,2023-09-11,82,69,88,47,116,98,142,122,50.5,1.3663366336633664,121.5,0.8065843621399177,81.75,1.0764525993883791,125.25,0.9261477045908184,61.25,0.7673469387755102,148.75,0.8201680672268907,119.25,0.6876310272536688,151.75,0.9357495881383855,0.174,0.022,0.0,0.0686,GREEN,8.7,83.8
Kericho,Kericho,2023-09-18,79,55,52,53,110,65,124,100,61.75,0.8906882591093117,112.5,0.5777777777777777,86.5,0.6011560693641619,127.0,0.8661417322834646,54.75,0.9680365296803652,119.5,0.8368200836820083,99.25,0.7959697732997482,137.0,0.9051094890510949,0.0,0.0,0.0,0.0,GREEN,13.0,82.1
Kericho,Kericho,2023-09-25,110,56,61,49,101,76,102,132,68.5,0.8175182481751825,100.75,0.7543424317617866,78.5,0.7770700636942676,118.25,0.854122621564482,52.0,0.9423076923076923,110.25,1.1972789115646258,91.0,1.2087912087912087,128.75,0.7922330097087379,0.0,0.0,0.105,0.0315,GREEN,28.5,80.3
Kericho,Kericho,2023-10-02,99,43,42,35,64,89,142,154,61.0,0.7049180327868853,88.5,1.0056497175141244,74.75,0.5618729096989966,115.25,0.5553145336225597,50.25,0.6965174129353234,118.0,1.305084745762712,96.25,1.0285714285714285,121.5,1.168724279835391,0.001,0.0,0.117,0.03545,GREEN,58.9,83.9
Kericho,Kericho,2023-10-09,115,24,59,50,98,62,389,109,55.75,0.4304932735426009,82.0,0.7560975609756098,60.75,0.9711934156378601,97.75,1.0025575447570332,46.0,1.0869565217391304,127.0,0.8582677165354331,92.5,1.2432432432432432,127.5,3.0509803921568626,0.0,0.021,0.403,0.12825,GREEN,97.9,83.6
Kericho,Kericho,2023-10-16,67,18,66,42,145,67,329,137,44.5,0.4044943820224719,73.0,0.9178082191780822,53.5,1.233644859813084,93.25,1.5549597855227881,46.75,0.8983957219251337,123.75,1.107070707070707,100.75,0.6650124069478908,189.25,1.738441215323646,0.0,0.214,0.152,0.1205,GREEN,136.6,86.9
Kericho,Kericho,2023-10-23,78,29,60,45,91,134,327,143,35.25,0.8226950354609929,73.5,1.8231292517006803,57.0,1.0526315789473684,102.0,0.8921568627450981,44.0,1.0227272727272727,133.0,1.0751879699248121,97.75,0.7979539641943734,240.5,1.3596673596673596,0.165,0.02,0.08,0.08875,GREEN,152.0,86.6
Kericho,Kericho,2023-10-30,99,33,87,72,125,124,368,133,28.5,1.1578947368421053,88.0,1.4090909090909092,56.75,1.5330396475770924,99.5,1.256281407035176,43.0,1.6744186046511629,135.75,0.9797421731123389,89.75,1.1030640668523677,296.75,1.240101095197978,0.157,0.377,0.066,0.2067,AMBER,167.4,87.5
Kericho,Kericho,2023-11-06,105,32,79,63,150,117,377,139,26.0,1.2307692307692308,96.75,1.2093023255813953,68.0,1.161764705882353,114.75,1.3071895424836601,52.25,1.2057416267942584,130.5,1.0651340996168583,89.75,1.16991643454039,353.25,1.0672328379334748,0.151,0.176,0.071,0.13574999999999998,GREEN,180.5,88.7
Kericho,Kericho,2023-11-13,136,33,72,68,131,134,441,169,28.0,1.1785714285714286,110.5,1.2126696832579185,73.0,0.9863013698630136,127.75,1.025440313111546,55.5,1.2252252252252251,138.0,1.2246376811594204,87.25,1.5587392550143266,350.25,1.259100642398287,0.127,0.059,0.243,0.13799999999999998,GREEN,168.9,86.9
Kericho,Kericho,2023-11-20,143,28,67,47,131,91,173,167,31.75,0.8818897637795275,127.25,0.7151277013752456,74.5,0.8993288590604027,124.25,1.0543259557344065,62.0,0.7580645161290323,146.0,1.143835616438356,104.5,1.368421052631579,378.25,0.4573694646397885,0.0,0.014,0.13,0.0439,GREEN,164.5,86.6
Kericho,Kericho,2023-11-27,159,22,66,42,70,90,230,259,31.5,0.6984126984126984,116.5,0.7725321888412017,76.25,0.8655737704918033,134.25,0.521415270018622,62.5,0.672,152.0,1.7039473684210527,120.75,1.3167701863354038,339.75,0.6769683590875644,0.0,0.0,0.267,0.0801,GREEN,141.1,86.0
Kericho,Kericho,2023-12-04,155,15,60,40,103,215,226,267,28.75,0.5217391304347826,108.0,1.9907407407407407,71.0,0.8450704225352113,120.5,0.8547717842323651,55.0,0.7272727272727273,183.5,1.4550408719346049,135.75,1.141804788213628,305.25,0.7403767403767404,0.198,0.0,0.157,0.1164,GREEN,104.6,86.3
Kericho,Kericho,2023-12-11,208,14,47,32,71,194,205,270,24.5,0.5714285714285714,132.5,1.4641509433962263,66.25,0.7094339622641509,108.75,0.6528735632183909,49.25,0.649746192893401,215.5,1.2529002320185614,148.25,1.403035413153457,267.5,0.7663551401869159,0.093,0.0,0.168,0.08295,GREEN,73.7,85.1
Kericho,Kericho,2023-12-18,138,29,33,47,99,155,457,259,19.75,1.4683544303797469,147.5,1.0508474576271187,60.0,0.55,93.75,1.056,40.25,1.1677018633540373,240.75,1.0758047767393562,166.25,0.8300751879699249,208.5,2.1918465227817747,0.233,0.054,0.219,0.16615,AMBER,39.4,82.4
Kericho,Kericho,2023-12-25,163,23,65,43,108,268,319,161,20.0,1.15,163.5,1.6391437308868502,51.5,1.2621359223300972,85.75,1.2594752186588922,40.25,1.0683229813664596,263.75,0.6104265402843602,165.0,0.9878787878787879,279.5,1.141323792486583,0.199,0.159,0.024,0.1325,GREEN,14.5,84.2
Kericho,Kericho,2024-01-01,84,14,45,35,127,199,255,154,20.25,0.691358024691358,208.0,0.9567307692307693,51.25,0.8780487804878049,95.25,1.3333333333333333,40.5,0.8641975308641975,239.25,0.6436781609195402,166.0,0.5060240963855421,301.75,0.8450704225352113,0.0,0.089,0.0,0.031149999999999997,GREEN,16.3,81.2
Kericho,Kericho,2024-01-08,318,27,63,50,117,230,306,148,20.0,1.35,204.0,1.1274509803921569,47.5,1.3263157894736841,101.25,1.1555555555555554,39.25,1.2738853503184713,211.0,0.7014218009478673,148.25,2.1450252951096123,309.0,0.9902912621359223,0.192,0.198,0.286,0.2223,AMBER,17.9,81.5
Kericho,Kericho,2024-01-15,249,31,135,43,117,104,233,104,23.25,1.3333333333333333,213.0,0.48826291079812206,51.5,2.621359223300971,112.75,1.0376940133037693,43.75,0.9828571428571429,180.5,0.5761772853185596,175.75,1.4167852062588904,334.25,0.6970830216903515,0.158,0.469,0.104,0.25065,AMBER,20.7,81.9
Kericho,Kericho,2024-01-22,327,35,143,41,97,88,210,131,23.75,1.4736842105263157,200.25,0.4394506866416979,77.0,1.8571428571428572,117.25,0.8272921108742004,42.75,0.9590643274853801,141.75,0.9241622574955908,203.5,1.606879606879607,278.25,0.7547169811320755,0.225,0.243,0.152,0.2094,AMBER,23.2,81.7
Kericho,Kericho,2024-01-29,300,33,219,59,130,130,106,141,26.75,1.233644859813084,155.25,0.8373590982286635,96.5,2.2694300518134716,114.5,1.1353711790393013,42.25,1.3964497041420119,134.25,1.0502793296089385,244.5,1.2269938650306749,251.0,0.42231075697211157,0.111,0.488,0.07,0.23064999999999997,AMBER,10.5,84.5
Kericho,Kericho,2024-02-05,452,33,173,42,141,98,119,205,31.5,1.0476190476190477,138.0,0.7101449275362319,140.0,1.2357142857142858,115.25,1.2234273318872018,48.25,0.8704663212435233,131.0,1.5648854961832062,298.5,1.5142378559463987,213.75,0.5567251461988304,0.023,0.126,0.279,0.13585000000000003,GREEN,28.2,82.1
Kericho,Kericho,2024-02-12,398,35,161,60,117,87,146,211,33.0,1.0606060606060606,105.0,0.8285714285714286,167.5,0.9611940298507463,121.25,0.9649484536082474,46.25,1.2972972972972974,145.25,1.4526678141135974,332.0,1.1987951807228916,167.0,0.874251497005988,0.029,0.069,0.17,0.0853,GREEN,12.7,81.2
Kericho,Kericho,2024-02-19,165,22,167,39,100,104,173,184,34.0,0.6470588235294118,100.75,1.032258064516129,174.0,0.9597701149425287,121.25,0.8247422680412371,50.5,0.7722772277227723,172.0,1.069767441860465,369.25,0.44685172647257954,145.25,1.1910499139414803,0.006,0.0,0.05,0.0171,GREEN,17.8,81.0
Kericho,Kericho,2024-02-26,146,18,54,28,87,86,154,282,30.75,0.5853658536585366,104.75,0.8210023866348448,180.0,0.3,122.0,0.7131147540983607,50.0,0.56,185.25,1.5222672064777327,328.75,0.444106463878327,136.0,1.1323529411764706,0.0,0.0,0.161,0.0483,GREEN,17.8,84.1
Kericho,Kericho,2024-03-04,161,13,63,34,86,61,199,231,27.0,0.48148148148148145,93.75,0.6506666666666666,138.75,0.4540540540540541,111.25,0.7730337078651686,42.25,0.8047337278106509,220.5,1.0476190476190477,290.25,0.5546942291128337,148.0,1.3445945945945945,0.0,0.0,0.07,0.021,GREEN,49.3,86.6
Kericho,Kericho,2024-03-11,168,20,55,44,106,89,221,216,22.0,0.9090909090909091,84.5,1.0532544378698225,111.25,0.4943820224719101,97.5,1.087179487179487,40.25,1.093167701863354,227.0,0.9515418502202643,217.5,0.7724137931034483,168.0,1.3154761904761905,0.011,0.045,0.053,0.0355,GREEN,83.1,88.5
Kericho,Kericho,2024-03-18,120,30,68,52,130,111,158,201,18.25,1.643835616438356,85.0,1.3058823529411765,84.75,0.8023598820058997,94.75,1.3720316622691293,36.25,1.4344827586206896,228.25,0.8806133625410734,160.0,0.75,186.75,0.8460508701472557,0.367,0.201,0.0,0.19879999999999998,AMBER,123.2,82.5
Kericho,Kericho,2024-03-25,110,69,82,55,101,124,203,144,20.25,3.4074074074074074,86.75,1.4293948126801153,60.0,1.3666666666666667,102.25,0.9877750611246944,39.5,1.3924050632911393,232.5,0.6193548387096774,148.75,0.7394957983193278,183.0,1.1092896174863387,1.229,0.195,0.018,0.5038,RED,151.6,85.5
Kericho,Kericho,2024-04-01,131,74,94,48,136,103,153,161,33.0,2.242424242424242,96.25,1.07012987012987,67.0,1.4029850746268657,105.75,1.2860520094562649,46.25,1.037837837837838,198.0,0.8131313131313131,139.75,0.9373881932021467,195.25,0.7836107554417413,0.604,0.199,0.0,0.28104999999999997,AMBER,169.6,87.4
Kericho,Kericho,2024-04-08,97,51,68,64,344,131,135,430,48.25,1.0569948186528497,106.75,1.2271662763466042,74.75,0.9096989966555183,118.25,2.909090909090909,49.75,1.2864321608040201,180.5,2.3822714681440442,132.25,0.7334593572778828,183.75,0.7346938775510204,0.073,0.576,0.369,0.33785,AMBER,176.4,86.1
Kericho,Kericho,2024-04-15,90,62,71,65,339,364,105,377,56.0,1.1071428571428572,117.25,3.1044776119402986,78.0,0.9102564102564102,177.75,1.9071729957805907,54.75,1.187214611872146,234.0,1.6111111111111112,114.5,0.7860262008733624,162.25,0.6471494607087828,0.472,0.286,0.163,0.3142,AMBER,175.9,85.8
Kericho,Kericho,2024-04-22,88,46,85,44,345,414,132,425,64.0,0.71875,180.5,2.293628808864266,78.75,1.0793650793650793,230.0,1.5,58.0,0.7586206896551724,278.0,1.5287769784172662,107.0,0.822429906542056,149.0,0.8859060402684564,0.259,0.156,0.141,0.18755,AMBER,159.6,86.0
Kericho,Kericho,2024-04-29,89,67,73,47,314,285,98,348,58.25,1.150214592274678,253.0,1.1264822134387351,79.5,0.9182389937106918,291.0,1.0790378006872852,55.25,0.8506787330316742,348.25,0.9992821249102656,101.5,0.8768472906403941,131.25,0.7466666666666667,0.097,0.021,0.0,0.0413,GREEN,151.6,84.3
Kericho,Kericho,2024-05-06,101,25,66,41,280,230,308,391,56.5,0.4424778761061947,298.5,0.7705192629815746,74.25,0.8888888888888888,335.5,0.834575260804769,55.0,0.7454545454545455,395.0,0.9898734177215189,91.0,1.10989010989011,117.5,2.6212765957446806,0.0,0.0,0.298,0.0894,GREEN,116.4,85.9
Kericho,Kericho,2024-05-13,106,18,38,37,184,173,279,419,50.0,0.36,323.25,0.5351894818252126,73.75,0.5152542372881356,319.5,0.5758998435054773,49.25,0.751269035532995,385.25,1.0876054510058404,92.0,1.1521739130434783,160.75,1.7356143079315707,0.0,0.0,0.184,0.0552,GREEN,86.5,83.8
Kericho,Kericho,2024-05-20,68,17,70,41,84,250,294,139,39.0,0.4358974358974359,275.5,0.9074410163339383,65.5,1.0687022900763359,280.75,0.2991985752448798,42.25,0.9704142011834319,395.75,0.35123183828174354,96.0,0.7083333333333334,204.25,1.4394124847001224,0.0,0.019,0.073,0.02855,GREEN,43.3,84.1
Kericho,Kericho,2024-05-27,120,30,58,48,132,98,224,102,31.75,0.9448818897637795,234.5,0.417910447761194,61.75,0.9392712550607287,215.5,0.6125290023201856,41.5,1.1566265060240963,324.25,0.3145720894371627,91.0,1.3186813186813187,244.75,0.9152196118488254,0.0,0.037,0.08,0.03695,GREEN,25.5,81.2
Kericho,Kericho,2024-06-03,119,27,73,59,115,111,235,126,22.5,1.2,187.75,0.5912117177097204,58.0,1.2586206896551724,170.0,0.6764705882352942,41.75,1.4131736526946108,262.75,0.47954329210275926,98.75,1.2050632911392405,276.25,0.8506787330316742,0.095,0.17,0.051,0.10805,GREEN,9.9,81.2
Kericho,Kericho,2024-06-10,64,24,74,47,131,117,296,169,23.0,1.0434782608695652,158.0,0.740506329113924,59.75,1.2384937238493723,128.75,1.0174757281553397,46.25,1.0162162162162163,196.5,0.8600508905852418,103.25,0.6198547215496368,258.0,1.1472868217054264,0.021,0.076,0.025,0.04145,GREEN,15.1,81.5
Kericho,Kericho,2024-06-17,115,26,67,64,148,125,100,125,24.5,1.0612244897959184,144.0,0.8680555555555556,68.75,0.9745454545454545,115.5,1.2813852813852813,48.75,1.3128205128205128,134.0,0.9328358208955224,92.75,1.2398921832884098,262.25,0.3813155386081983,0.029,0.148,0.06,0.07995,GREEN,18.2,83.6
Kericho,Kericho,2024-06-24,139,28,59,66,134,108,152,165,26.75,1.0467289719626167,112.75,0.9578713968957872,68.0,0.8676470588235294,131.5,1.0190114068441065,54.5,1.2110091743119267,130.5,1.264367816091954,104.5,1.3301435406698565,213.75,0.7111111111111111,0.022,0.054,0.153,0.0725,GREEN,7.2,82.1
Kericho,Kericho,2024-07-01,140,28,53,67,129,90,131,188,26.25,1.0666666666666667,115.25,0.7809110629067245,68.25,0.7765567765567766,132.0,0.9772727272727273,59.0,1.1355932203389831,146.25,1.2854700854700856,109.25,1.2814645308924486,195.75,0.669220945083014,0.032,0.032,0.146,0.0662,GREEN,22.6,81.8
Kericho,Kericho,2024-07-08,125,24,66,33,123,79,207,486,26.5,0.9056603773584906,110.0,0.7181818181818181,63.25,1.0434782608695652,135.5,0.9077490774907749,61.0,0.5409836065573771,161.75,3.0046367851622873,114.5,1.091703056768559,169.75,1.2194403534609721,0.0,0.012,0.594,0.1824,AMBER,18.2,80.5
Kericho,Kericho,2024-07-15,190,16,44,42,65,88,159,499,26.5,0.6037735849056604,100.5,0.8756218905472637,61.25,0.7183673469387755,133.5,0.4868913857677903,57.5,0.7304347826086957,241.0,2.070539419087137,129.75,1.464354527938343,147.5,1.0779661016949154,0.0,0.0,0.415,0.12449999999999999,GREEN,16.1,82.8
Kericho,Kericho,2024-07-22,464,19,40,25,74,64,215,479,24.0,0.7916666666666666,91.25,0.7013698630136986,55.5,0.7207207207207207,112.75,0.656319290465632,52.0,0.4807692307692308,334.5,1.4319880418535127,148.5,3.1245791245791246,162.25,1.325115562403698,0.0,0.0,0.701,0.2103,AMBER,26.5,84.4
Kericho,Kericho,2024-07-29,510,20,55,27,101,55,621,931,21.75,0.9195402298850575,80.25,0.6853582554517134,50.75,1.083743842364532,97.75,1.0332480818414322,41.75,0.6467065868263473,413.0,2.2542372881355934,229.75,2.2198041349292708,178.0,3.4887640449438204,0.0,0.033,1.054,0.32775,AMBER,5.7,82.3
Kericho,Kericho,2024-08-05,591,42,39,50,131,107,478,1080,19.75,2.1265822784810124,71.5,1.4965034965034965,51.25,0.7609756097560976,90.75,1.443526170798898,31.75,1.5748031496062993,598.75,1.803757828810021,322.25,1.8339798293250582,300.5,1.5906821963394342,0.634,0.252,0.521,0.4664,RED,16.8,84.7
Kericho,Kericho,2024-08-12,415,62,80,50,120,133,523,1002,24.25,2.556701030927835,78.5,1.694267515923567,44.5,1.797752808988764,92.75,1.2938005390835579,36.0,1.3888888888888888,747.25,1.340916694546671,438.75,0.9458689458689459,368.25,1.4202308214528174,0.878,0.395,0.161,0.49384999999999996,RED,11.1,83.2
Kericho,Kericho,2024-08-19,297,47,91,59,202,198,431,383,35.75,1.3146853146853146,89.75,2.2061281337047354,53.5,1.7009345794392523,106.5,1.8967136150234742,38.0,1.5526315789473684,873.0,0.43871706758304696,495.0,0.6,459.25,0.9384866630375612,0.391,0.567,0.0,0.33529999999999993,AMBER,18.8,82.0
Kericho,Kericho,2024-08-26,269,44,144,62,207,239,313,306,42.75,1.0292397660818713,123.25,1.9391480730223123,66.25,2.1735849056603773,138.5,1.4945848375451263,46.5,1.3333333333333333,849.0,0.36042402826855124,453.25,0.5934914506343077,513.25,0.6098392596200682,0.202,0.542,0.0,0.2604,AMBER,18.4,82.5
Kericho,Kericho,2024-09-02,87,68,144,67,262,206,289,442,48.75,1.3948717948717948,169.25,1.2171344165435747,88.5,1.6271186440677967,165.0,1.587878787878788,55.25,1.2126696832579185,692.75,0.6380368098159509,393.0,0.22137404580152673,436.25,0.6624641833810888,0.231,0.384,0.0,0.21525,AMBER,20.2,79.9
Kericho,Kericho,2024-09-09,105,69,146,54,212,226,83,129,55.25,1.248868778280543,194.0,1.1649484536082475,114.75,1.2723311546840959,197.75,1.0720606826801518,59.5,0.907563025210084,533.25,0.2419127988748242,267.0,0.39325842696629215,389.0,0.2133676092544987,0.151,0.096,0.0,0.08645,GREEN,7.4,82.2
Kericho,Kericho,2024-09-16,87,23,123,70,199,151,123,168,57.0,0.40350877192982454,217.25,0.6950517836593786,131.25,0.9371428571428572,220.75,0.9014722536806342,60.5,1.1570247933884297,315.0,0.5333333333333333,189.5,0.45910290237467016,279.0,0.44086021505376344,0.0,0.037,0.0,0.012949999999999998,GREEN,14.6,81.9
Kericho,Kericho,2024-09-23,92,20,141,45,191,151,90,155,51.0,0.39215686274509803,205.5,0.7347931873479319,139.25,1.0125673249551166,220.0,0.8681818181818182,63.25,0.7114624505928854,261.25,0.5933014354066986,137.0,0.6715328467153284,202.0,0.44554455445544555,0.0,0.004,0.0,0.0014,GREEN,14.4,79.1
Kericho,Kericho,2024-09-30,80,13,50,46,45,69,119,143,45.0,0.28888888888888886,183.5,0.3760217983651226,138.5,0.36101083032490977,216.0,0.20833333333333334,59.0,0.7796610169491526,223.5,0.639821029082774,92.75,0.862533692722372,146.25,0.8136752136752137,0.0,0.0,0.0,0.0,GREEN,51.5,82.8
Kericho,Kericho,2024-10-07,97,20,66,64,123,91,112,144,31.25,0.64,149.25,0.609715242881072,115.0,0.5739130434782609,161.75,0.7604327666151468,53.75,1.1906976744186046,148.75,0.9680672268907563,91.0,1.065934065934066,103.75,1.0795180722891566,0.0,0.044,0.03,0.024399999999999998,GREEN,88.8,84.6
Kericho,Kericho,2024-10-14,102,23,58,134,96,98,129,107,19.0,1.2105263157894737,115.5,0.8484848484848485,95.0,0.6105263157894737,139.5,0.6881720430107527,56.25,2.382222222222222,152.5,0.7016393442622951,89.0,1.146067415730337,111.0,1.162162162162162,0.1,0.323,0.064,0.16724999999999998,AMBER,135.7,87.0
Kericho,Kericho,2024-10-21,59,27,73,119,123,98,112,139,19.0,1.4210526315789473,102.25,0.9584352078239609,78.75,0.926984126984127,113.75,1.0813186813186813,72.25,1.6470588235294117,137.25,1.0127504553734061,92.75,0.6361185983827493,112.5,0.9955555555555555,0.2,0.173,0.003,0.13145,GREEN,144.2,87.2
Kericho,Kericho,2024-10-28,103,32,93,92,94,85,111,164,20.75,1.5421686746987953,89.0,0.9550561797752809,61.75,1.5060728744939271,96.75,0.9715762273901809,90.75,1.0137741046831956,133.25,1.2307692307692308,84.5,1.2189349112426036,118.0,0.940677966101695,0.258,0.147,0.116,0.17654999999999998,AMBER,154.9,85.7
Kericho,Kericho,2024-11-04,98,25,74,140,120,101,130,369,25.5,0.9803921568627451,93.0,1.086021505376344,72.5,1.0206896551724138,109.0,1.1009174311926606,102.25,1.36919315403423,138.5,2.664259927797834,90.25,1.0858725761772854,116.0,1.1206896551724137,0.017,0.119,0.485,0.1931,AMBER,170.3,87.3
Kericho,Kericho,2024-11-11,107,28,78,124,149,104,149,416,26.75,1.0467289719626167,95.5,1.0890052356020943,74.5,1.0469798657718121,108.25,1.3764434180138567,121.25,1.022680412371134,194.75,2.1360718870346598,90.5,1.1823204419889504,120.5,1.2365145228215768,0.04,0.119,0.388,0.17204999999999998,AMBER,165.9,86.2
Kericho,Kericho,2024-11-18,182,39,82,58,85,93,173,593,28.0,1.3928571428571428,97.0,0.9587628865979382,79.5,1.0314465408805031,121.5,0.6995884773662552,118.75,0.4884210526315789,272.0,2.1801470588235294,91.75,1.9836512261580381,125.5,1.3784860557768925,0.187,0.009,0.624,0.2558,AMBER,153.7,86.1
Kericho,Kericho,2024-11-25,177,44,58,56,126,93,196,509,31.0,1.4193548387096775,95.75,0.9712793733681462,81.75,0.709480122324159,112.0,1.125,103.5,0.5410628019323671,385.5,1.3203631647211413,122.5,1.4448979591836735,140.75,1.3925399644760212,0.199,0.033,0.262,0.1598,AMBER,141.4,89.8
Kericho,Kericho,2024-12-02,138,39,38,33,91,73,150,505,34.0,1.1470588235294117,97.75,0.7468030690537084,73.0,0.5205479452054794,120.0,0.7583333333333333,94.5,0.3492063492063492,471.75,1.0704822469528352,141.0,0.9787234042553191,162.0,0.9259259259259259,0.07,0.0,0.019,0.0302,GREEN,115.0,86.0
Kericho,Kericho,2024-12-09,189,32,50,41,86,62,221,582,37.5,0.8533333333333334,90.75,0.6831955922865014,64.0,0.78125,112.75,0.7627494456762749,67.75,0.6051660516605166,505.75,1.1507661888284726,151.0,1.2516556291390728,167.0,1.3233532934131738,0.0,0.0,0.157,0.047099999999999996,GREEN,88.1,84.5
Kericho,Kericho,2024-12-16,196,41,65,43,104,91,213,251,38.5,1.0649350649350648,80.25,1.1339563862928348,57.0,1.1403508771929824,97.0,1.0721649484536082,47.0,0.9148936170212766,547.25,0.45865692096847877,171.5,1.1428571428571428,185.0,1.1513513513513514,0.058,0.059,0.061,0.05925,GREEN,41.4,84.9
Kericho,Kericho,2024-12-23,158,53,52,59,115,86,155,157,39.0,1.358974358974359,79.75,1.078369905956113,52.75,0.985781990521327,101.75,1.1302211302211302,43.25,1.3641618497109826,461.75,0.34001082837033025,175.0,0.9028571428571428,195.0,0.7948717948717948,0.186,0.12,0.0,0.10709999999999999,GREEN,19.6,80.9
Kericho,Kericho,2024-12-30,104,16,63,41,83,61,113,141,41.25,0.3878787878787879,78.0,0.782051282051282,51.25,1.2292682926829268,99.0,0.8383838383838383,44.0,0.9318181818181818,373.75,0.37725752508361204,170.25,0.6108663729809104,184.75,0.6116373477672531,0.0,0.065,0.0,0.02275,GREEN,37.1,83.2
Kisumu,Kisumu,2023-01-02,37,114,105,60,156,344,39,33,,,,,,,,,,,,,,,,,0.0,0.0,0.0,0.0,GREEN,15.1,73.8
Kisumu,Kisumu,2023-01-09,26,123,82,69,148,964,44,58,114.0,1.0789473684210527,344.0,2.802325581395349,105.0,0.780952380952381,156.0,0.9487179487179487,60.0,1.15,33.0,1.7575757575757576,37.0,0.7027027027027027,39.0,1.1282051282051282,0.398,0.035,0.223,0.21845000000000003,AMBER,10.5,74.9
Kisumu,Kisumu,2023-01-16,69,116,143,94,164,1173,40,34,118.5,0.9789029535864979,654.0,1.7935779816513762,93.5,1.5294117647058822,152.0,1.0789473684210527,64.5,1.4573643410852712,45.5,0.7472527472527473,31.5,2.1904761904761907,41.5,0.963855421686747,0.159,0.278,0.298,0.24235,AMBER,11.7,71.5
Kisumu,Kisumu,2023-01-23,72,145,122,92,196,1199,42,37,117.66666666666667,1.2322946175637393,827.0,1.449818621523579,110.0,1.1090909090909091,156.0,1.2564102564102564,74.33333333333333,1.2376681614349776,41.666666666666664,0.888,44.0,1.6363636363636365,41.0,1.024390243902439,0.2,0.155,0.163,0.17315,AMBER,6.7,76.5
Kisumu,Kisumu,2023-01-30,78,127,159,68,217,1017,38,34,124.5,1.0200803212851406,920.0,1.1054347826086957,113.0,1.407079646017699,166.0,1.3072289156626506,78.75,0.8634920634920635,40.5,0.8395061728395061,51.0,1.5294117647058822,41.25,0.9212121212121213,0.031,0.197,0.132,0.1194,GREEN,11.7,72.8
Kisumu,Kisumu,2023-02-06,78,124,129,107,230,1411,55,49,127.75,0.9706457925636007,1088.25,1.2965770732827935,126.5,1.0197628458498025,181.25,1.2689655172413794,80.75,1.325077399380805,40.75,1.2024539877300613,61.25,1.273469387755102,41.0,1.3414634146341464,0.059,0.153,0.179,0.12789999999999999,GREEN,14.7,77.8
Kisumu,Kisumu,2023-02-13,101,129,118,76,254,1248,54,64,128.0,1.0078125,1200.0,1.04,138.25,0.8535262206148282,201.75,1.258983890954151,90.25,0.8421052631578947,38.5,1.6623376623376624,74.25,1.3602693602693603,43.75,1.2342857142857142,0.012,0.069,0.306,0.12014999999999999,GREEN,18.3,74.4
Kisumu,Kisumu,2023-02-20,340,78,92,70,214,462,57,73,131.25,0.5942857142857143,1218.75,0.3790769230769231,132.0,0.696969696969697,224.25,0.9542920847268673,85.75,0.8163265306122449,46.0,1.5869565217391304,82.25,4.133738601823708,47.25,1.2063492063492063,0.0,0.0,0.941,0.2823,AMBER,18.1,75.6
Kisumu,Kisumu,2023-02-27,146,68,88,74,162,298,74,58,114.5,0.5938864628820961,1034.5,0.28806186563557273,124.5,0.7068273092369478,228.75,0.7081967213114754,80.25,0.9221183800623053,55.0,1.0545454545454545,149.25,0.9782244556113903,51.0,1.4509803921568627,0.0,0.0,0.09,0.027,GREEN,32.0,76.3
Kisumu,Kisumu,2023-03-06,149,66,89,54,140,327,133,55,99.75,0.6616541353383458,854.75,0.38256800233986543,106.75,0.8337236533957846,215.0,0.6511627906976745,81.75,0.6605504587155964,61.0,0.9016393442622951,166.25,0.8962406015037594,60.0,2.216666666666667,0.0,0.0,0.203,0.0609,GREEN,38.5,77.0
Kisumu,Kisumu,2023-03-13,166,78,80,76,141,273,177,66,85.25,0.9149560117302052,583.75,0.46766595289079227,96.75,0.8268733850129198,192.5,0.7324675324675325,68.5,1.1094890510948905,62.5,1.056,184.0,0.9021739130434783,79.5,2.2264150943396226,0.0,0.026,0.219,0.07479999999999999,GREEN,61.1,78.0
Kisumu,Kisumu,2023-03-20,151,115,80,110,189,449,131,80,72.5,1.5862068965517242,340.0,1.3205882352941176,87.25,0.9169054441260746,164.25,1.1506849315068493,68.5,1.6058394160583942,63.0,1.2698412698412698,200.25,0.7540574282147315,110.25,1.1882086167800454,0.343,0.182,0.103,0.21465,AMBER,84.1,83.5
Kisumu,Kisumu,2023-03-27,149,107,109,88,199,620,167,74,81.75,1.308868501529052,336.75,1.8411284335560505,84.25,1.2937685459940653,158.0,1.259493670886076,78.5,1.1210191082802548,64.75,1.1428571428571428,153.0,0.9738562091503268,128.75,1.2970873786407766,0.315,0.181,0.088,0.19999999999999998,AMBER,98.8,82.0
Kisumu,Kisumu,2023-04-03,34,105,149,83,231,427,116,209,91.5,1.1475409836065573,417.25,1.0233672857998801,89.5,1.664804469273743,167.25,1.3811659192825112,82.0,1.0121951219512195,68.75,3.04,153.75,0.22113821138211381,152.0,0.7631578947368421,0.075,0.293,0.544,0.29200000000000004,AMBER,117.6,82.4
Kisumu,Kisumu,2023-04-10,31,167,170,104,196,469,101,136,101.25,1.6493827160493828,442.25,1.0604861503674392,104.5,1.6267942583732058,190.0,1.0315789473684212,89.25,1.165266106442577,107.25,1.268065268065268,125.0,0.248,147.75,0.6835871404399323,0.321,0.225,0.071,0.21239999999999998,AMBER,117.3,84.7
Kisumu,Kisumu,2023-04-17,32,129,119,87,237,509,41,154,123.5,1.0445344129554657,491.25,1.0361323155216284,127.0,0.937007874015748,203.75,1.1631901840490797,96.25,0.9038961038961039,124.75,1.2344689378757514,91.25,0.3506849315068493,128.75,0.31844660194174756,0.028,0.044,0.063,0.0441,GREEN,119.0,82.5
Kisumu,Kisumu,2023-04-24,37,126,96,94,256,431,52,157,127.0,0.9921259842519685,506.25,0.851358024691358,136.75,0.7020109689213894,215.75,1.186558516801854,90.5,1.0386740331491713,143.25,1.0959860383944153,61.5,0.6016260162601627,106.25,0.4894117647058824,0.0,0.059,0.026,0.028449999999999996,GREEN,114.8,81.8
Kisumu,Kisumu,2023-05-01,28,87,108,89,186,317,66,127,131.75,0.6603415559772297,459.0,0.690631808278867,133.5,0.8089887640449438,230.0,0.808695652173913,92.0,0.967391304347826,164.0,0.774390243902439,33.5,0.835820895522388,77.5,0.8516129032258064,0.0,0.0,0.0,0.0,GREEN,101.7,80.1
Kisumu,Kisumu,2023-05-08,34,85,102,217,176,349,85,145,127.25,0.6679764243614931,431.5,0.8088064889918888,123.25,0.8275862068965517,218.75,0.8045714285714286,93.5,2.320855614973262,143.5,1.0104529616724738,32.0,1.0625,65.0,1.3076923076923077,0.0,0.308,0.07,0.1288,GREEN,82.8,77.4
Kisumu,Kisumu,2023-05-15,34,73,91,185,154,227,83,49,106.75,0.6838407494145199,401.5,0.5653798256537983,106.25,0.8564705882352941,213.75,0.7204678362573099,121.75,1.5195071868583163,145.75,0.3361921097770154,32.75,1.0381679389312977,61.0,1.360655737704918,0.0,0.121,0.07,0.06335,GREEN,60.9,81.4
Kisumu,Kisumu,2023-05-22,41,76,131,224,156,370,77,39,92.75,0.8194070080862533,331.0,1.1178247734138973,99.25,1.3198992443324937,193.0,0.8082901554404145,146.25,1.5316239316239317,119.5,0.3263598326359833,33.25,1.2330827067669172,71.5,1.0769230769230769,0.024,0.215,0.071,0.10495,GREEN,31.1,74.1
Kisumu,Kisumu,2023-05-29,28,116,117,308,196,356,59,56,80.25,1.4454828660436136,315.75,1.1274742676167855,108.0,1.0833333333333333,168.0,1.1666666666666667,178.75,1.7230769230769232,90.0,0.6222222222222222,34.25,0.8175182481751825,77.75,0.7588424437299035,0.237,0.237,0.0,0.1659,AMBER,18.0,74.3
Kisumu,Kisumu,2023-06-05,30,113,156,262,208,575,42,45,87.5,1.2914285714285714,325.5,1.7665130568356375,110.25,1.4149659863945578,170.5,1.219941348973607,233.5,1.1220556745182013,72.25,0.6228373702422145,34.25,0.8759124087591241,76.0,0.5526315789473685,0.292,0.205,0.0,0.17395,AMBER,15.5,72.7
Kisumu,Kisumu,2023-06-12,28,128,123,294,223,442,43,46,94.5,1.3544973544973544,382.0,1.1570680628272252,123.75,0.9939393939393939,178.5,1.2492997198879552,244.75,1.2012257405515832,47.25,0.9735449735449735,33.25,0.8421052631578947,65.25,0.6590038314176245,0.2,0.113,0.0,0.10955,GREEN,13.7,73.8
Kisumu,Kisumu,2023-06-19,25,124,252,114,198,488,39,39,108.25,1.1454965357967668,435.75,1.1199082042455537,131.75,1.9127134724857684,195.75,1.0114942528735633,272.0,0.41911764705882354,46.5,0.8387096774193549,31.75,0.7874015748031497,55.25,0.7058823529411765,0.093,0.262,0.0,0.12425,GREEN,19.4,74.4
Kisumu,Kisumu,2023-06-26,51,171,222,106,221,562,93,48,120.25,1.4220374220374221,465.25,1.2079527135948416,162.0,1.3703703703703705,206.25,1.0715151515151515,244.5,0.4335378323108384,46.5,1.032258064516129,27.75,1.837837837837838,45.75,2.0327868852459017,0.242,0.124,0.39,0.24509999999999998,AMBER,7.8,74.1
Kisumu,Kisumu,2023-07-03,38,124,207,89,223,380,82,43,134.0,0.9253731343283582,516.75,0.7353652636671505,188.25,1.099601593625498,212.5,1.0494117647058823,194.0,0.4587628865979381,44.5,0.9662921348314607,33.5,1.1343283582089552,54.25,1.5115207373271888,0.0,0.041,0.119,0.05005,GREEN,6.1,74.1
Kisumu,Kisumu,2023-07-10,45,93,202,97,231,427,94,71,136.75,0.680073126142596,468.0,0.9123931623931624,201.0,1.0049751243781095,216.25,1.068208092485549,150.75,0.6434494195688225,44.0,1.6136363636363635,35.5,1.267605633802817,64.25,1.4630350194552528,0.0,0.02,0.308,0.09939999999999999,GREEN,18.5,75.7
Kisumu,Kisumu,2023-07-17,66,103,176,65,190,413,68,103,128.0,0.8046875,464.25,0.8896068928379106,220.75,0.797281993204983,218.25,0.870561282932417,101.5,0.6403940886699507,50.25,2.0497512437810945,39.75,1.6603773584905661,77.0,0.8831168831168831,0.0,0.0,0.445,0.1335,GREEN,9.9,75.5
Kisumu,Kisumu,2023-07-24,41,59,141,61,185,205,125,65,122.75,0.48065173116089616,445.5,0.4601571268237935,201.75,0.6988847583643123,216.25,0.8554913294797688,89.25,0.6834733893557423,66.25,0.9811320754716981,50.0,0.82,84.25,1.4836795252225519,0.0,0.0,0.081,0.0243,GREEN,14.4,75.2
Kisumu,Kisumu,2023-07-31,61,95,91,66,147,355,113,108,94.75,1.0026385224274406,356.25,0.9964912280701754,181.5,0.5013774104683195,207.25,0.7092882991556092,78.0,0.8461538461538461,70.5,1.5319148936170213,47.5,1.2842105263157895,92.25,1.2249322493224932,0.001,0.0,0.25,0.07535,GREEN,8.7,73.3
Kisumu,Kisumu,2023-08-07,41,78,132,93,214,429,46,85,87.5,0.8914285714285715,350.0,1.2257142857142858,152.5,0.8655737704918033,188.25,1.1367861885790174,72.25,1.28719723183391,86.75,0.9798270893371758,53.25,0.7699530516431925,100.0,0.46,0.045,0.103,0.0,0.0518,GREEN,16.3,73.9
Kisumu,Kisumu,2023-08-14,55,100,164,110,214,521,41,59,83.75,1.1940298507462686,350.5,1.4864479315263908,135.0,1.2148148148148148,184.0,1.1630434782608696,71.25,1.543859649122807,90.25,0.6537396121883656,52.25,1.0526315789473684,88.0,0.4659090909090909,0.189,0.231,0.013,0.1509,AMBER,20.6,75.4
Kisumu,Kisumu,2023-08-21,27,138,122,102,292,408,41,55,83.0,1.6626506024096386,377.5,1.080794701986755,132.0,0.9242424242424242,190.0,1.5368421052631578,82.5,1.2363636363636363,79.25,0.694006309148265,49.5,0.5454545454545454,81.25,0.5046153846153846,0.331,0.198,0.0,0.18514999999999998,AMBER,7.2,76.9
Kisumu,Kisumu,2023-08-28,24,152,128,102,197,411,44,44,102.75,1.4793187347931873,428.25,0.9597197898423818,127.25,1.005893909626719,216.75,0.908881199538639,92.75,1.0997304582210243,76.75,0.5732899022801303,46.0,0.5217391304347826,60.25,0.7302904564315352,0.228,0.025,0.0,0.08854999999999999,GREEN,15.7,76.3
Kisumu,Kisumu,2023-09-04,30,137,142,86,192,540,37,57,117.0,1.170940170940171,442.25,1.2210288298473715,136.5,1.0402930402930404,229.25,0.8375136314067612,101.75,0.8452088452088452,60.75,0.9382716049382716,36.75,0.8163265306122449,43.0,0.8604651162790697,0.125,0.011,0.0,0.047599999999999996,GREEN,7.7,75.0
Kisumu,Kisumu,2023-09-11,38,122,184,84,189,487,34,48,131.75,0.9259962049335864,470.0,1.0361702127659576,139.0,1.3237410071942446,223.75,0.8446927374301676,100.0,0.84,53.75,0.8930232558139535,34.0,1.1176470588235294,40.75,0.8343558282208589,0.007,0.092,0.029,0.04335,GREEN,7.0,72.5
Kisumu,Kisumu,2023-09-18,33,105,115,70,129,428,33,131,137.25,0.7650273224043715,461.5,0.9274106175514626,144.0,0.7986111111111112,217.5,0.593103448275862,93.5,0.7486631016042781,51.0,2.5686274509803924,29.75,1.1092436974789917,39.0,0.8461538461538461,0.0,0.0,0.446,0.1338,GREEN,6.7,73.0
Kisumu,Kisumu,2023-09-25,31,72,114,50,153,363,33,117,129.0,0.5581395348837209,466.5,0.7781350482315113,142.25,0.8014059753954306,176.75,0.8656294200848657,85.5,0.5847953216374269,70.0,1.6714285714285715,31.25,0.992,37.0,0.8918918918918919,0.0,0.0,0.179,0.0537,GREEN,15.5,74.5
Kisumu,Kisumu,2023-10-02,40,64,103,59,124,242,28,253,109.0,0.5871559633027523,454.5,0.5324532453245324,138.75,0.7423423423423423,165.75,0.7481146304675717,72.5,0.8137931034482758,88.25,2.86685552407932,33.0,1.2121212121212122,34.25,0.8175182481751825,0.0,0.0,0.551,0.1653,AMBER,43.3,76.3
Kisumu,Kisumu,2023-10-09,44,86,105,71,170,357,32,270,90.75,0.9476584022038568,380.0,0.9394736842105263,129.0,0.813953488372093,148.75,1.1428571428571428,65.75,1.079847908745247,137.25,1.9672131147540983,35.5,1.2394366197183098,32.0,1.0,0.0,0.057,0.318,0.11535,GREEN,62.7,78.0
Kisumu,Kisumu,2023-10-16,36,128,129,113,199,431,33,242,81.75,1.5657492354740061,347.5,1.2402877697841728,109.25,1.1807780320366132,144.0,1.3819444444444444,62.5,1.808,192.75,1.2555123216601816,37.0,0.972972972972973,31.5,1.0476190476190477,0.317,0.342,0.076,0.25345,AMBER,86.5,79.0
Kisumu,Kisumu,2023-10-23,30,131,136,116,266,417,43,201,87.5,1.497142857142857,348.25,1.1974156496769561,112.75,1.206208425720621,161.5,1.6470588235294117,73.25,1.583617747440273,220.5,0.9115646258503401,37.75,0.7947019867549668,31.5,1.3650793650793651,0.276,0.367,0.061,0.24334999999999998,AMBER,101.1,80.6
Kisumu,Kisumu,2023-10-30,31,98,152,107,251,641,38,117,102.25,0.9584352078239609,361.75,1.7719419488597097,118.25,1.285412262156448,189.75,1.3227931488801055,89.75,1.192200557103064,241.5,0.484472049689441,37.5,0.8266666666666667,34.0,1.1176470588235294,0.154,0.212,0.02,0.1341,GREEN,115.6,80.4
Kisumu,Kisumu,2023-11-06,27,143,114,132,205,549,34,81,110.75,1.2911963882618511,461.5,1.1895991332611051,130.5,0.8735632183908046,221.5,0.9255079006772009,101.75,1.2972972972972974,207.5,0.39036144578313253,35.25,0.7659574468085106,36.5,0.9315068493150684,0.176,0.069,0.0,0.08574999999999999,GREEN,129.4,80.8
Kisumu,Kisumu,2023-11-13,41,126,136,120,190,412,64,53,125.0,1.008,509.5,0.8086359175662414,132.75,1.024482109227872,230.25,0.8251900108577633,117.0,1.0256410256410255,160.25,0.33073322932917315,31.0,1.3225806451612903,37.0,1.7297297297297298,0.004,0.013,0.202,0.06655,GREEN,118.8,83.9
Kisumu,Kisumu,2023-11-20,35,112,134,65,223,513,50,59,124.5,0.8995983935742972,504.75,1.0163447251114412,134.5,0.9962825278810409,228.0,0.9780701754385965,118.75,0.5473684210526316,113.0,0.5221238938053098,32.25,1.0852713178294573,44.75,1.1173184357541899,0.003,0.0,0.041,0.01335,GREEN,109.6,80.8
Kisumu,Kisumu,2023-11-27,56,120,122,99,152,352,72,77,119.75,1.0020876826722338,528.75,0.6657210401891253,134.0,0.9104477611940298,217.25,0.6996547756041427,106.0,0.9339622641509434,77.5,0.9935483870967742,33.5,1.671641791044776,46.5,1.5483870967741935,0.001,0.0,0.259,0.07805000000000001,GREEN,93.0,82.1
Kisumu,Kisumu,2023-12-04,72,106,117,83,212,386,81,93,125.25,0.846307385229541,456.5,0.8455640744797371,126.5,0.924901185770751,192.5,1.1012987012987012,104.0,0.7980769230769231,67.5,1.3777777777777778,39.75,1.8113207547169812,55.0,1.4727272727272727,0.0,0.027,0.382,0.12405,GREEN,76.6,82.2
Kisumu,Kisumu,2023-12-11,62,82,90,60,499,317,51,90,116.0,0.7068965517241379,415.75,0.7624774503908599,127.25,0.7072691552062869,194.25,2.5688545688545688,91.75,0.6539509536784741,70.5,1.2765957446808511,51.0,1.2156862745098038,66.75,0.7640449438202247,0.0,0.418,0.128,0.18469999999999998,AMBER,56.3,76.9
Kisumu,Kisumu,2023-12-18,51,80,82,59,467,303,66,83,105.0,0.7619047619047619,392.0,0.7729591836734694,115.75,0.7084233261339092,271.5,1.720073664825046,76.75,0.7687296416938111,79.75,1.0407523510971788,56.25,0.9066666666666666,63.5,1.0393700787401574,0.0,0.192,0.017,0.0723,GREEN,30.7,75.1
Kisumu,Kisumu,2023-12-25,56,328,124,93,426,472,56,64,97.0,3.381443298969072,339.5,1.390279823269514,102.75,1.2068126520681266,332.5,1.281203007518797,75.25,1.2358803986710964,85.75,0.7463556851311953,60.25,0.9294605809128631,67.5,0.8296296296296296,1.209,0.189,0.0,0.4893,RED,9.1,75.9
Kisumu,Kisumu,2024-01-01,41,301,86,51,604,366,35,44,149.0,2.0201342281879193,369.5,0.9905277401894452,103.25,0.8329297820823245,401.0,1.5062344139650872,73.75,0.6915254237288135,82.5,0.5333333333333333,60.25,0.6804979253112033,63.5,0.5511811023622047,0.485,0.135,0.0,0.21699999999999997,AMBER,15.9,74.9
Kisumu,Kisumu,2024-01-08,41,394,102,85,563,464,42,43,197.75,1.9924146649810366,364.5,1.2729766803840878,95.5,1.068062827225131,499.0,1.128256513026052,65.75,1.2927756653992395,70.25,0.6120996441281139,52.5,0.780952380952381,52.0,0.8076923076923077,0.526,0.122,0.0,0.22679999999999997,AMBER,16.0,73.6
Kisumu,Kisumu,2024-01-15,28,360,117,85,746,599,35,42,275.75,1.3055303717135087,401.25,1.492834890965732,98.5,1.1878172588832487,515.0,1.4485436893203882,72.0,1.1805555555555556,58.5,0.717948717948718,47.25,0.5925925925925926,49.75,0.7035175879396985,0.244,0.215,0.0,0.16065,AMBER,17.6,73.4
Kisumu,Kisumu,2024-01-22,36,405,130,80,167,801,36,42,345.75,1.1713665943600868,475.25,1.6854287217254076,107.25,1.2121212121212122,584.75,0.28559213339033773,78.5,1.019108280254777,48.25,0.8704663212435233,41.5,0.8674698795180723,42.0,0.8571428571428571,0.218,0.065,0.0,0.09905,GREEN,8.2,75.9
Kisumu,Kisumu,2024-01-29,32,356,103,119,204,755,38,42,365.0,0.9753424657534246,557.5,1.3542600896860986,108.75,0.9471264367816092,520.0,0.3923076923076923,75.25,1.5813953488372092,42.75,0.9824561403508771,36.5,0.8767123287671232,37.0,1.027027027027027,0.071,0.136,0.005,0.07395,GREEN,13.2,78.9
Kisumu,Kisumu,2024-02-05,45,110,459,98,220,720,45,51,378.75,0.29042904290429045,654.75,1.0996563573883162,113.0,4.061946902654867,420.0,0.5238095238095238,92.25,1.062330623306233,42.25,1.2071005917159763,34.25,1.313868613138686,37.75,1.1920529801324504,0.02,0.865,0.166,0.35955,AMBER,6.4,74.1
Kisumu,Kisumu,2024-02-12,49,140,307,96,209,679,45,73,307.75,0.45491470349309504,718.75,0.944695652173913,202.25,1.5179233621755253,334.25,0.62528047868362,95.5,1.0052356020942408,44.25,1.6497175141242937,35.25,1.3900709219858156,38.5,1.1688311688311688,0.0,0.148,0.299,0.1415,GREEN,17.7,76.0
Kisumu,Kisumu,2024-02-19,33,132,418,97,177,677,68,59,252.75,0.5222551928783383,738.75,0.9164128595600677,249.75,1.6736736736736737,200.0,0.885,98.25,0.9872773536895675,52.0,1.1346153846153846,40.5,0.8148148148148148,41.0,1.6585365853658536,0.0,0.191,0.146,0.11065,GREEN,12.7,75.4
Kisumu,Kisumu,2024-02-26,52,91,246,142,181,602,75,67,184.5,0.4932249322493225,707.75,0.8505828329212293,321.75,0.7645687645687645,202.5,0.8938271604938272,102.5,1.3853658536585365,56.25,1.191111111111111,39.75,1.3081761006289307,49.0,1.530612244897959,0.0,0.09,0.216,0.0963,GREEN,13.7,76.5
Kisumu,Kisumu,2024-03-04,58,83,614,128,118,281,70,58,118.25,0.7019027484143763,669.5,0.4197162061239731,357.5,1.7174825174825175,196.75,0.5997458703939009,108.25,1.1824480369515011,62.5,0.928,44.75,1.2960893854748603,58.25,1.201716738197425,0.0,0.246,0.108,0.1185,GREEN,29.9,78.8
Kisumu,Kisumu,2024-03-11,43,97,1007,160,162,388,61,91,111.5,0.8699551569506726,559.75,0.6931665922286735,396.25,2.541324921135647,171.25,0.945985401459854,115.75,1.3822894168466522,64.25,1.416342412451362,48.0,0.8958333333333334,64.5,0.9457364341085271,0.0,0.526,0.111,0.21739999999999998,AMBER,64.7,78.8
Kisumu,Kisumu,2024-03-18,56,99,288,176,193,414,55,62,100.75,0.9826302729528535,487.0,0.8501026694045175,571.25,0.5041575492341357,159.5,1.2100313479623825,131.75,1.3358633776091082,68.75,0.9018181818181819,46.5,1.2043010752688172,68.5,0.8029197080291971,0.0,0.134,0.051,0.06219999999999999,GREEN,80.8,80.7
Kisumu,Kisumu,2024-03-25,36,131,359,186,224,568,49,70,92.5,1.4162162162162162,421.25,1.3483679525222552,538.75,0.6663573085846868,163.5,1.3700305810397553,151.5,1.2277227722772277,69.5,1.0071942446043165,52.25,0.6889952153110048,65.25,0.7509578544061303,0.267,0.152,0.002,0.14725,GREEN,102.3,79.6
Kisumu,Kisumu,2024-04-01,35,164,540,239,421,481,64,59,102.5,1.6,412.75,1.1653543307086613,567.0,0.9523809523809523,174.25,2.4160688665710186,162.5,1.4707692307692308,70.25,0.8398576512455516,48.25,0.7253886010362695,58.75,1.0893617021276596,0.318,0.487,0.015,0.28625,AMBER,115.2,80.2
Kisumu,Kisumu,2024-04-08,40,136,489,120,322,722,44,54,122.75,1.1079429735234216,462.75,1.5602377093462994,548.5,0.8915223336371924,250.0,1.288,190.25,0.6307490144546649,70.5,0.7659574468085106,42.5,0.9411764705882353,57.25,0.7685589519650655,0.163,0.077,0.0,0.08399999999999999,GREEN,123.0,82.7
Kisumu,Kisumu,2024-04-15,29,165,216,98,293,548,34,44,132.5,1.2452830188679245,546.25,1.003203661327231,419.0,0.5155131264916468,290.0,1.0103448275862068,180.25,0.5436893203883495,61.25,0.7183673469387755,41.75,0.6946107784431138,53.0,0.6415094339622641,0.117,0.003,0.0,0.042,GREEN,124.3,82.7
Kisumu,Kisumu,2024-04-22,36,76,83,81,429,407,40,39,149.0,0.5100671140939598,579.75,0.7020267356619232,401.0,0.20698254364089774,315.0,1.361904761904762,160.75,0.5038880248833593,56.75,0.6872246696035242,35.0,1.0285714285714285,47.75,0.837696335078534,0.0,0.097,0.007,0.03605,GREEN,106.3,79.5
Kisumu,Kisumu,2024-04-29,24,124,137,93,344,347,37,34,135.25,0.9168207024029574,539.5,0.6431881371640408,332.0,0.4126506024096386,366.25,0.9392491467576792,134.5,0.6914498141263941,49.0,0.6938775510204082,35.0,0.6857142857142857,45.5,0.8131868131868132,0.0,0.0,0.0,0.0,GREEN,95.4,79.3
Kisumu,Kisumu,2024-05-06,43,93,128,77,255,370,42,26,125.25,0.7425149700598802,506.0,0.7312252964426877,231.25,0.5535135135135135,347.0,0.7348703170028819,98.0,0.7857142857142857,42.75,0.6081871345029239,32.25,1.3333333333333333,38.75,1.0838709677419356,0.0,0.0,0.097,0.0291,GREEN,82.1,77.9
Kisumu,Kisumu,2024-05-13,31,176,105,79,173,261,42,46,114.5,1.537117903930131,418.0,0.6244019138755981,141.0,0.7446808510638298,330.25,0.5238455715367146,87.25,0.9054441260744985,35.75,1.2867132867132867,33.0,0.9393939393939394,38.25,1.0980392156862746,0.255,0.0,0.093,0.11714999999999999,GREEN,56.1,79.5
Kisumu,Kisumu,2024-05-20,33,239,90,86,169,382,45,50,117.25,2.038379530916844,346.25,1.103249097472924,113.25,0.7947019867549668,300.25,0.5628642797668609,82.5,1.0424242424242425,36.25,1.3793103448275863,33.5,0.9850746268656716,40.25,1.1180124223602483,0.514,0.01,0.121,0.2197,AMBER,40.0,78.0
Kisumu,Kisumu,2024-05-27,34,198,120,95,223,442,34,48,158.0,1.2531645569620253,340.0,1.3,115.0,1.0434782608695652,235.25,0.9479277364505845,83.75,1.1343283582089552,39.0,1.2307692307692308,32.75,1.0381679389312977,41.5,0.8192771084337349,0.18,0.044,0.071,0.0997,GREEN,15.7,74.8
Kisumu,Kisumu,2024-06-03,36,919,134,94,210,461,40,35,176.5,5.206798866855524,363.75,1.2673539518900343,110.75,1.2099322799097065,205.0,1.024390243902439,84.25,1.1157270029673592,42.5,0.8235294117647058,35.25,1.0212765957446808,40.75,0.9815950920245399,1.478,0.093,0.005,0.5513499999999999,RED,8.4,75.1
Kisumu,Kisumu,2024-06-10,25,1075,102,86,288,437,29,52,383.0,2.8067885117493474,386.5,1.130659767141009,112.25,0.9086859688195991,193.75,1.486451612903226,88.5,0.9717514124293786,44.75,1.1620111731843576,33.5,0.746268656716418,40.25,0.7204968944099379,0.884,0.13,0.043,0.3678,AMBER,12.5,74.9
Kisumu,Kisumu,2024-06-17,33,1276,138,98,283,396,32,40,607.75,2.0995475113122173,430.5,0.9198606271777003,111.5,1.2376681614349776,222.5,1.2719101123595506,90.25,1.0858725761772854,46.25,0.8648648648648649,32.0,1.03125,37.0,0.8648648648648649,0.522,0.16,0.008,0.2411,AMBER,9.9,75.5
Kisumu,Kisumu,2024-06-24,36,368,153,106,212,468,54,47,867.0,0.4244521337946944,434.0,1.0783410138248848,123.5,1.2388663967611335,251.0,0.8446215139442231,93.25,1.1367292225201073,43.75,1.0742857142857143,32.0,1.125,33.75,1.6,0.016,0.1,0.151,0.0859,GREEN,15.9,74.2
Kisumu,Kisumu,2024-07-01,35,326,139,69,238,527,47,57,909.5,0.35843870258383725,440.5,1.1963677639046537,131.75,1.0550284629981024,248.25,0.9587109768378651,96.0,0.71875,43.5,1.3103448275862069,32.5,1.0769230769230769,38.75,1.2129032258064516,0.039,0.016,0.137,0.06035,GREEN,6.7,76.5
Kisumu,Kisumu,2024-07-08,59,304,95,101,208,426,53,71,761.25,0.3993431855500821,457.0,0.9321663019693655,133.0,0.7142857142857143,255.25,0.8148873653281097,89.75,1.1253481894150419,49.0,1.4489795918367347,32.25,1.8294573643410852,40.5,1.308641975308642,0.0,0.029,0.379,0.12384999999999999,GREEN,9.2,76.6
Kisumu,Kisumu,2024-07-15,52,105,87,98,200,281,65,58,568.5,0.18469656992084432,454.25,0.6186020913593836,131.25,0.6628571428571428,235.25,0.8501594048884166,93.5,1.0481283422459893,53.75,1.0790697674418606,40.75,1.2760736196319018,46.5,1.3978494623655915,0.0,0.011,0.156,0.05065,GREEN,6.2,76.6
Kisumu,Kisumu,2024-07-22,58,76,94,45,120,277,73,76,275.75,0.2756119673617407,425.5,0.6509988249118684,118.5,0.7932489451476793,214.5,0.5594405594405595,93.5,0.48128342245989303,58.25,1.3047210300429184,45.5,1.2747252747252746,54.75,1.3333333333333333,0.0,0.0,0.205,0.06149999999999999,GREEN,13.1,77.1
Kisumu,Kisumu,2024-07-29,56,149,109,59,183,365,55,80,202.75,0.7348951911220715,377.75,0.9662475181998676,103.75,1.0506024096385542,191.5,0.9556135770234987,78.25,0.7539936102236422,65.5,1.2213740458015268,51.0,1.0980392156862746,59.5,0.9243697478991597,0.0,0.014,0.084,0.030100000000000002,GREEN,4.6,73.1
Kisumu,Kisumu,2024-08-05,49,209,75,88,219,358,29,82,158.5,1.3186119873817035,337.25,1.061527057079318,96.25,0.7792207792207793,177.75,1.2320675105485233,75.75,1.1617161716171618,71.25,1.1508771929824562,56.25,0.8711111111111111,61.5,0.4715447154471545,0.164,0.1,0.04,0.10439999999999999,GREEN,15.6,77.2
Kisumu,Kisumu,2024-08-12,60,222,79,85,153,477,48,65,134.75,1.6474953617810761,320.25,1.4894613583138174,91.25,0.8657534246575342,180.5,0.8476454293628809,72.5,1.1724137931034482,74.0,0.8783783783783784,53.75,1.1162790697674418,55.5,0.8648648648648649,0.405,0.04,0.029,0.16444999999999999,AMBER,10.5,75.6
Kisumu,Kisumu,2024-08-19,40,269,130,103,181,505,56,44,164.0,1.6402439024390243,369.25,1.3676371022342586,89.25,1.4565826330532212,168.75,1.0725925925925925,69.25,1.4873646209386282,75.75,0.5808580858085809,55.75,0.7174887892376681,51.25,1.0926829268292684,0.378,0.262,0.015,0.2285,AMBER,6.7,70.8
Kisumu,Kisumu,2024-08-26,25,215,123,100,155,425,41,46,212.25,1.0129564193168434,426.25,0.9970674486803519,98.25,1.251908396946565,184.0,0.842391304347826,83.75,1.1940298507462686,67.75,0.6789667896678967,51.25,0.4878048780487805,47.0,0.8723404255319149,0.006,0.117,0.0,0.04305,GREEN,15.7,79.3
Kisumu,Kisumu,2024-09-02,31,224,126,84,211,528,47,38,228.75,0.9792349726775956,441.25,1.196600566572238,101.75,1.2383292383292384,177.0,1.192090395480226,94.0,0.8936170212765957,59.25,0.6413502109704642,43.5,0.7126436781609196,43.5,1.0804597701149425,0.039,0.119,0.013,0.05919999999999999,GREEN,10.0,73.1
Kisumu,Kisumu,2024-09-09,35,117,117,112,230,506,32,37,232.5,0.5032258064516129,483.75,1.0459948320413437,114.5,1.0218340611353711,175.0,1.3142857142857143,93.0,1.2043010752688172,48.25,0.7668393782383419,39.0,0.8974358974358975,48.0,0.6666666666666666,0.009,0.138,0.0,0.05145,GREEN,12.2,75.3
Kisumu,Kisumu,2024-09-16,36,86,130,91,232,480,29,36,206.25,0.416969696969697,491.0,0.9775967413441955,124.0,1.0483870967741935,194.25,1.1943371943371943,99.75,0.9122807017543859,41.25,0.8727272727272727,32.75,1.099236641221374,44.0,0.6590909090909091,0.0,0.066,0.025,0.0306,GREEN,9.8,73.9
Kisumu,Kisumu,2024-09-23,28,96,101,68,168,400,42,32,160.5,0.5981308411214953,484.75,0.8251676121712223,124.0,0.8145161290322581,207.0,0.8115942028985508,96.75,0.7028423772609819,39.25,0.8152866242038217,31.75,0.8818897637795275,37.25,1.1275167785234899,0.0,0.0,0.021,0.0063,GREEN,7.5,75.0
Kisumu,Kisumu,2024-09-30,38,75,87,77,174,214,40,41,130.75,0.5736137667304015,478.5,0.44723092998955066,118.5,0.7341772151898734,210.25,0.8275862068965517,88.75,0.8676056338028169,35.75,1.1468531468531469,32.5,1.1692307692307693,37.5,1.0666666666666667,0.0,0.0,0.093,0.027899999999999998,GREEN,42.1,75.7
Kisumu,Kisumu,2024-10-07,24,92,80,218,132,297,41,53,93.5,0.983957219251337,400.0,0.7425,108.75,0.735632183908046,201.0,0.6567164179104478,87.0,2.5057471264367814,36.5,1.452054794520548,34.25,0.7007299270072993,35.75,1.1468531468531469,0.0,0.351,0.145,0.16635,AMBER,58.7,79.8
Kisumu,Kisumu,2024-10-14,39,106,56,219,141,445,44,60,87.25,1.2148997134670487,347.75,1.2796549245147375,99.5,0.5628140703517588,176.5,0.7988668555240793,113.5,1.9295154185022025,40.5,1.4814814814814814,31.5,1.2380952380952381,38.0,1.1578947368421053,0.158,0.217,0.214,0.19544999999999996,AMBER,81.9,78.8
Kisumu,Kisumu,2024-10-21,26,98,146,304,206,503,41,41,92.25,1.062330623306233,339.0,1.4837758112094395,81.0,1.8024691358024691,153.75,1.3398373983739837,145.5,2.089347079037801,46.5,0.8817204301075269,32.25,0.8062015503875969,41.75,0.9820359281437125,0.126,0.572,0.0,0.24429999999999996,AMBER,101.9,79.8
Kisumu,Kisumu,2024-10-28,32,125,174,776,233,540,41,52,92.75,1.3477088948787062,364.75,1.4804660726525016,92.25,1.886178861788618,163.25,1.4272588055130169,204.5,3.7946210268948657,48.75,1.0666666666666667,31.75,1.0078740157480315,41.5,0.9879518072289156,0.261,1.017,0.02,0.4532999999999999,RED,123.0,80.3
Kisumu,Kisumu,2024-11-04,38,130,127,810,223,809,43,42,105.25,1.2351543942992873,446.25,1.8128851540616246,114.0,1.1140350877192982,178.0,1.252808988764045,379.25,2.135794330916282,51.5,0.8155339805825242,30.25,1.256198347107438,41.75,1.029940119760479,0.274,0.365,0.069,0.24435,AMBER,128.5,84.8
Kisumu,Kisumu,2024-11-11,41,118,137,814,152,544,51,41,114.75,1.028322440087146,574.25,0.9473225946887244,125.75,1.0894632206759443,200.75,0.7571606475716065,527.25,1.543859649122807,48.75,0.841025641025641,33.75,1.2148148148148148,42.25,1.2071005917159763,0.013,0.152,0.088,0.08414999999999999,GREEN,120.2,81.0
Kisumu,Kisumu,2024-11-18,52,121,131,238,205,546,62,70,117.75,1.0276008492569002,599.0,0.9115191986644408,146.0,0.8972602739726028,203.5,1.0073710073710074,676.0,0.3520710059171598,44.0,1.5909090909090908,34.25,1.5182481751824817,44.0,1.4090909090909092,0.013,0.002,0.355,0.11175,GREEN,114.3,80.8
Kisumu,Kisumu,2024-11-25,56,117,142,215,152,472,70,73,123.5,0.9473684210526315,609.75,0.7740877408774087,142.25,0.9982425307557118,203.25,0.7478474784747847,659.5,0.3260045489006823,51.25,1.424390243902439,40.75,1.3742331288343559,49.25,1.4213197969543148,0.0,0.0,0.277,0.08310000000000001,GREEN,108.8,79.9
Kisumu,Kisumu,2024-12-02,66,118,113,161,183,379,80,95,121.5,0.9711934156378601,592.75,0.6393926613243357,134.25,0.8417132216014898,183.0,1.0,519.25,0.3100625902744343,56.5,1.6814159292035398,46.75,1.411764705882353,56.5,1.415929203539823,0.0,0.0,0.354,0.10619999999999999,GREEN,79.8,77.7
Kisumu,Kisumu,2024-12-09,65,74,90,57,148,257,60,59,118.5,0.6244725738396625,485.25,0.5296239052035033,130.75,0.6883365200764818,173.0,0.8554913294797688,357.0,0.15966386554621848,69.75,0.8458781362007168,53.75,1.2093023255813953,65.75,0.9125475285171103,0.0,0.0,0.052,0.0156,GREEN,60.7,78.6
Kisumu,Kisumu,2024-12-16,51,96,100,83,143,384,70,106,107.5,0.8930232558139535,413.5,0.9286577992744861,119.0,0.8403361344537815,172.0,0.8313953488372093,167.75,0.4947839046199702,74.25,1.4276094276094276,59.75,0.8535564853556485,68.0,1.0294117647058822,0.0,0.0,0.119,0.035699999999999996,GREEN,39.5,78.0
Kisumu,Kisumu,2024-12-23,57,109,115,88,175,365,58,87,101.25,1.0765432098765433,373.0,0.9785522788203753,111.25,1.0337078651685394,156.5,1.1182108626198084,129.0,0.6821705426356589,83.25,1.045045045045045,59.5,0.957983193277311,70.0,0.8285714285714286,0.036,0.041,0.012,0.030549999999999997,GREEN,14.5,72.0
Kisumu,Kisumu,2024-12-30,25,66,78,84,140,333,34,45,99.25,0.6649874055415617,346.25,0.9617328519855596,104.5,0.7464114832535885,162.25,0.8628659476117103,97.25,0.8637532133676092,86.75,0.5187319884726225,59.75,0.41841004184100417,67.0,0.5074626865671642,0.0,0.0,0.0,0.0,GREEN,19.1,74.9
Machakos,Machakos,2023-01-02,54,29,65,79,183,98,156,66,,,,,,,,,,,,,,,,,0.0,0.0,0.0,0.0,GREEN,8.1,54.1
Machakos,Machakos,2023-01-09,45,41,123,85,174,138,201,63,29.0,1.4137931034482758,98.0,1.4081632653061225,65.0,1.8923076923076922,183.0,0.9508196721311475,79.0,1.0759493670886076,66.0,0.9545454545454546,54.0,0.8333333333333334,156.0,1.2884615384615385,0.278,0.271,0.048,0.20654999999999998,AMBER,6.1,55.2
Machakos,Machakos,2023-01-16,46,33,120,82,200,194,157,68,35.0,0.9428571428571428,118.0,1.6440677966101696,94.0,1.2765957446808511,178.5,1.1204481792717087,82.0,1.0,64.5,1.054263565891473,49.5,0.9292929292929293,178.5,0.8795518207282913,0.129,0.11,0.014,0.08785,GREEN,4.7,56.1
Machakos,Machakos,2023-01-23,57,52,122,88,207,173,158,65,34.333333333333336,1.5145631067961165,143.33333333333334,1.2069767441860464,102.66666666666667,1.1883116883116882,185.66666666666666,1.1149012567324956,82.0,1.0731707317073171,65.66666666666667,0.9898477157360406,48.333333333333336,1.1793103448275861,171.33333333333334,0.9221789883268482,0.286,0.101,0.045,0.14895,GREEN,8.0,57.3
Machakos,Machakos,2023-01-30,51,37,129,91,233,145,164,51,38.75,0.9548387096774194,150.75,0.9618573797678275,107.5,1.2,191.0,1.219895287958115,83.5,1.089820359281437,65.5,0.7786259541984732,50.5,1.00990099009901,168.0,0.9761904761904762,0.0,0.136,0.002,0.04820000000000001,GREEN,6.0,55.5
Machakos,Machakos,2023-02-06,71,46,182,94,232,191,201,93,40.75,1.1288343558282208,162.5,1.1753846153846155,123.5,1.4736842105263157,203.5,1.1400491400491402,86.5,1.0867052023121386,61.75,1.5060728744939271,49.75,1.4271356783919598,170.0,1.1823529411764706,0.096,0.192,0.272,0.1824,AMBER,8.3,55.2
Machakos,Machakos,2023-02-13,78,36,131,92,163,164,91,125,42.0,0.8571428571428571,175.75,0.9331436699857752,138.25,0.9475587703435805,218.0,0.7477064220183486,88.75,1.036619718309859,69.25,1.8050541516245486,56.25,1.3866666666666667,170.0,0.5352941176470588,0.0,0.009,0.311,0.09645,GREEN,12.1,54.9
Machakos,Machakos,2023-02-20,64,40,89,79,199,114,82,92,42.75,0.935672514619883,168.25,0.6775631500742942,141.0,0.6312056737588653,208.75,0.9532934131736527,91.25,0.8657534246575342,83.5,1.1017964071856288,64.25,0.9961089494163424,153.5,0.5342019543973942,0.0,0.0,0.027,0.0081,GREEN,4.7,56.8
Machakos,Machakos,2023-02-27,81,31,69,66,127,87,110,129,39.75,0.779874213836478,153.5,0.5667752442996743,132.75,0.519774011299435,206.75,0.6142684401451027,89.0,0.7415730337078652,90.25,1.4293628808864265,66.0,1.2272727272727273,134.5,0.8178438661710037,0.0,0.0,0.171,0.051300000000000005,GREEN,7.7,55.2
Machakos,Machakos,2023-03-06,97,18,90,53,141,77,112,100,38.25,0.47058823529411764,139.0,0.5539568345323741,117.75,0.7643312101910829,180.25,0.782246879334258,82.75,0.6404833836858006,109.75,0.9111617312072893,73.5,1.3197278911564625,121.0,0.9256198347107438,0.0,0.0,0.08,0.024,GREEN,23.1,57.4
Machakos,Machakos,2023-03-13,67,33,197,55,168,129,256,115,31.25,1.056,110.5,1.167420814479638,94.75,2.079155672823219,157.5,1.0666666666666667,72.5,0.7586206896551724,111.5,1.031390134529148,80.0,0.8375,98.75,2.5924050632911393,0.06,0.324,0.274,0.21660000000000001,AMBER,37.8,59.2
Machakos,Machakos,2023-03-20,82,34,217,94,125,131,295,130,30.5,1.1147540983606556,101.75,1.2874692874692875,111.25,1.950561797752809,158.75,0.7874015748031497,63.25,1.4861660079051384,109.0,1.1926605504587156,77.25,1.0614886731391586,140.0,2.107142857142857,0.112,0.383,0.251,0.24855,AMBER,45.1,58.5
Machakos,Machakos,2023-03-27,194,47,193,116,196,157,246,88,29.0,1.6206896551724137,106.0,1.4811320754716981,143.25,1.3472949389179756,140.25,1.3975044563279857,67.0,1.7313432835820894,118.5,0.7426160337552743,81.75,2.3730886850152904,193.25,1.2729624838292368,0.391,0.375,0.389,0.38480000000000003,AMBER,60.5,62.9
Machakos,Machakos,2023-04-03,124,45,244,108,190,133,206,82,33.0,1.3636363636363635,123.5,1.0769230769230769,174.25,1.4002869440459111,157.5,1.2063492063492063,79.5,1.3584905660377358,108.25,0.7575057736720554,110.0,1.1272727272727272,227.25,0.9064906490649065,0.188,0.252,0.032,0.1636,AMBER,63.2,64.1
Machakos,Machakos,2023-04-10,346,48,211,76,184,193,147,49,39.75,1.2075471698113207,137.5,1.4036363636363636,212.75,0.9917743830787309,169.75,1.0839469808541973,93.25,0.8150134048257373,103.75,0.472289156626506,116.75,2.9635974304068524,250.75,0.5862412761714856,0.179,0.022,0.491,0.21764999999999998,AMBER,59.2,62.5
Machakos,Machakos,2023-04-17,298,38,255,103,246,117,154,61,43.5,0.8735632183908046,153.5,0.762214983713355,216.25,1.1791907514450868,173.75,1.4158273381294963,98.5,1.0456852791878173,87.25,0.6991404011461319,186.5,1.5978552278820375,223.5,0.6890380313199105,0.0,0.172,0.149,0.1049,GREEN,61.9,62.2
Machakos,Machakos,2023-04-24,281,38,133,100,174,140,63,48,44.5,0.8539325842696629,150.0,0.9333333333333333,225.75,0.5891472868217055,204.0,0.8529411764705882,100.75,0.9925558312655087,70.0,0.6857142857142857,240.5,1.1683991683991684,188.25,0.3346613545816733,0.0,0.0,0.042,0.0126,GREEN,55.1,61.1
Machakos,Machakos,2023-05-01,341,34,97,74,155,146,59,72,42.25,0.8047337278106509,145.75,1.0017152658662092,210.75,0.46026097271648875,198.5,0.7808564231738035,96.75,0.7648578811369509,60.0,1.2,262.25,1.3002859866539562,142.5,0.41403508771929826,0.0,0.0,0.128,0.0384,GREEN,51.9,62.3
Machakos,Machakos,2023-05-08,86,35,108,193,156,96,55,76,39.5,0.8860759493670886,149.0,0.6442953020134228,174.0,0.6206896551724138,189.75,0.8221343873517787,88.25,2.186968838526912,57.5,1.3217391304347825,316.5,0.2717219589257504,105.75,0.5200945626477541,0.0,0.277,0.086,0.12275,GREEN,41.0,59.7
Machakos,Machakos,2023-05-15,109,30,79,141,143,98,37,65,36.25,0.8275862068965517,124.75,0.7855711422845691,148.25,0.5328836424957841,182.75,0.7824897400820794,117.5,1.2,64.25,1.0116731517509727,251.5,0.43339960238568587,82.75,0.4471299093655589,0.0,0.047,0.003,0.01735,GREEN,29.4,59.1
Machakos,Machakos,2023-05-22,68,27,99,221,151,100,65,70,34.25,0.7883211678832117,120.0,0.8333333333333334,104.25,0.9496402877697842,157.0,0.9617834394904459,127.0,1.7401574803149606,65.25,1.0727969348659003,204.25,0.3329253365973072,53.5,1.2149532710280373,0.0,0.173,0.055,0.07705,GREEN,16.6,57.7
Machakos,Machakos,2023-05-29,54,119,85,216,207,112,68,64,31.5,3.7777777777777777,110.0,1.018181818181818,95.75,0.8877284595300261,151.25,1.368595041322314,157.25,1.3736089030206677,70.75,0.9045936395759717,151.0,0.3576158940397351,54.0,1.2592592592592593,1.323,0.185,0.043,0.5407,RED,12.6,56.0
Machakos,Machakos,2023-06-05,43,78,120,194,208,186,48,75,52.75,1.4786729857819905,101.5,1.832512315270936,92.75,1.2938005390835579,164.25,1.2663622526636225,192.75,1.006485084306096,68.75,1.0909090909090908,79.25,0.5425867507886435,56.25,0.8533333333333334,0.394,0.156,0.024,0.19970000000000002,AMBER,6.8,56.0
Machakos,Machakos,2023-06-12,60,102,110,262,428,171,64,69,63.5,1.6062992125984252,124.0,1.3790322580645162,95.75,1.1488250652741514,177.25,2.414668547249647,193.0,1.3575129533678756,68.5,1.0072992700729928,68.5,0.8759124087591241,54.5,1.1743119266055047,0.364,0.503,0.031,0.31275,AMBER,13.5,55.1
Machakos,Machakos,2023-06-19,42,109,134,108,596,184,53,47,81.5,1.3374233128834356,142.25,1.2934973637961336,103.5,1.2946859903381642,248.5,2.398390342052314,223.25,0.48376259798432253,69.5,0.6762589928057554,56.25,0.7466666666666667,61.25,0.8653061224489796,0.219,0.456,0.0,0.23625,AMBER,7.5,54.2
Machakos,Machakos,2023-06-26,55,99,149,95,581,193,67,94,102.0,0.9705882352941176,163.25,1.1822358346094946,112.25,1.3273942093541202,359.75,1.6150104239054899,195.0,0.48717948717948717,63.75,1.4745098039215687,49.75,1.1055276381909547,58.25,1.150214592274678,0.036,0.257,0.178,0.15595,AMBER,10.6,55.5
Machakos,Machakos,2023-07-03,58,88,121,93,644,94,99,90,97.0,0.9072164948453608,183.5,0.5122615803814714,128.25,0.9434697855750487,453.25,1.420849420849421,164.75,0.5644916540212443,71.25,1.263157894736842,50.0,1.16,58.0,1.706896551724138,0.0,0.112,0.228,0.1076,GREEN,6.2,54.5
Machakos,Machakos,2023-07-10,81,39,91,78,332,151,78,86,99.5,0.39195979899497485,160.5,0.940809968847352,128.5,0.708171206225681,562.25,0.5904846598488217,139.5,0.5591397849462365,75.0,1.1466666666666667,53.75,1.5069767441860464,70.75,1.1024734982332156,0.0,0.0,0.183,0.0549,GREEN,9.6,55.2
Machakos,Machakos,2023-07-17,99,30,101,58,663,102,83,105,83.75,0.3582089552238806,155.5,0.6559485530546624,123.75,0.8161616161616162,538.25,1.231769623780771,93.5,0.6203208556149733,79.25,1.3249211356466877,59.0,1.6779661016949152,74.25,1.1178451178451179,0.0,0.062,0.276,0.1045,GREEN,6.6,55.8
Machakos,Machakos,2023-07-24,72,25,83,57,140,82,126,82,64.0,0.390625,135.0,0.6074074074074074,115.5,0.7186147186147186,555.0,0.25225225225225223,81.0,0.7037037037037037,93.75,0.8746666666666667,73.25,0.9829351535836177,81.75,1.5412844036697249,0.0,0.0,0.09,0.027,GREEN,5.8,54.8
Machakos,Machakos,2023-07-31,57,34,121,75,158,123,95,91,45.5,0.7472527472527473,107.25,1.1468531468531469,99.0,1.2222222222222223,444.75,0.3552557616638561,71.5,1.048951048951049,90.75,1.002754820936639,77.5,0.7354838709677419,96.5,0.9844559585492227,0.029,0.074,0.001,0.03635,GREEN,4.9,55.3
Machakos,Machakos,2023-08-07,90,38,110,78,207,130,109,108,32.0,1.1875,114.5,1.1353711790393013,99.0,1.1111111111111112,323.25,0.6403712296983759,67.0,1.164179104477612,91.0,1.1868131868131868,77.25,1.1650485436893203,95.5,1.1413612565445026,0.116,0.07,0.115,0.0996,GREEN,8.3,54.9
Machakos,Machakos,2023-08-14,86,46,106,97,261,169,63,99,31.75,1.4488188976377954,109.25,1.5469107551487413,103.75,1.0216867469879518,292.0,0.8938356164383562,67.0,1.4477611940298507,96.5,1.0259067357512954,79.5,1.0817610062893082,103.25,0.6101694915254238,0.323,0.111,0.027,0.15999999999999998,AMBER,12.3,53.5
Machakos,Machakos,2023-08-21,83,44,137,86,231,166,55,86,35.75,1.2307692307692308,126.0,1.3174603174603174,105.0,1.3047619047619048,191.5,1.206266318537859,76.75,1.1205211726384365,95.0,0.9052631578947369,76.25,1.0885245901639344,98.25,0.5597964376590331,0.173,0.169,0.022,0.1263,GREEN,5.7,54.5
Machakos,Machakos,2023-08-28,104,37,122,89,238,175,50,68,40.5,0.9135802469135802,147.0,1.1904761904761905,118.5,1.029535864978903,214.25,1.1108518086347725,84.0,1.0595238095238095,96.0,0.7083333333333334,79.0,1.3164556962025316,80.5,0.6211180124223602,0.038,0.052,0.079,0.0552,GREEN,7.0,54.1
Machakos,Machakos,2023-09-04,100,52,124,103,360,155,54,60,41.25,1.2606060606060605,160.0,0.96875,118.75,1.0442105263157895,234.25,1.536819637139808,87.5,1.177142857142857,90.25,0.6648199445983379,90.75,1.1019283746556474,69.25,0.779783393501805,0.124,0.197,0.025,0.11984999999999998,GREEN,4.1,53.7
Machakos,Machakos,2023-09-11,86,38,100,90,327,131,46,67,44.75,0.8491620111731844,166.25,0.7879699248120301,122.25,0.8179959100204499,272.5,1.2,93.75,0.96,78.25,0.8562300319488818,93.25,0.9222520107238605,55.5,0.8288288288288288,0.0,0.053,0.0,0.018549999999999997,GREEN,13.2,53.6
Machakos,Machakos,2023-09-18,77,32,104,74,283,122,62,63,42.75,0.7485380116959064,156.75,0.7783094098883573,120.75,0.8612836438923396,289.0,0.9792387543252595,92.0,0.8043478260869565,70.25,0.896797153024911,93.25,0.8257372654155496,51.25,1.2097560975609756,0.0,0.0,0.035,0.0105,GREEN,8.9,54.1
Machakos,Machakos,2023-09-25,112,30,93,150,234,113,62,51,39.75,0.7547169811320755,145.75,0.7753001715265866,112.5,0.8266666666666667,302.0,0.7748344370860927,89.0,1.6853932584269662,64.5,0.7906976744186046,91.75,1.220708446866485,53.0,1.169811320754717,0.0,0.16,0.083,0.0809,GREEN,7.1,59.0
Machakos,Machakos,2023-10-02,51,21,76,99,202,115,51,60,38.0,0.5526315789473685,130.25,0.8829174664107485,105.25,0.7220902612826603,301.0,0.6710963455149501,104.25,0.9496402877697842,60.25,0.995850622406639,93.75,0.544,56.0,0.9107142857142857,0.0,0.0,0.0,0.0,GREEN,26.3,58.5
Machakos,Machakos,2023-10-09,51,29,84,116,213,140,51,77,30.25,0.9586776859504132,120.25,1.1642411642411643,93.25,0.900804289544236,261.5,0.8145315487571702,103.25,1.1234866828087167,60.25,1.2780082987551866,81.5,0.6257668711656442,55.25,0.9230769230769231,0.033,0.029,0.074,0.043899999999999995,GREEN,34.8,61.5
Machakos,Machakos,2023-10-16,45,39,110,86,174,124,52,84,28.0,1.3928571428571428,122.5,1.0122448979591836,89.25,1.2324929971988796,233.0,0.7467811158798283,109.75,0.7835990888382688,62.75,1.3386454183266931,72.75,0.6185567010309279,56.5,0.9203539823008849,0.189,0.066,0.09,0.11624999999999999,GREEN,40.7,61.1
Machakos,Machakos,2023-10-23,44,44,100,150,144,157,48,74,29.75,1.4789915966386555,123.0,1.2764227642276422,90.75,1.1019283746556474,205.75,0.6998784933171325,112.75,1.3303769401330376,68.0,1.088235294117647,64.75,0.6795366795366795,54.0,0.8888888888888888,0.283,0.106,0.024,0.14335,GREEN,54.5,62.4
Machakos,Machakos,2023-10-30,31,39,101,206,210,412,33,83,33.25,1.1729323308270676,134.0,3.074626865671642,92.5,1.0918918918918918,183.25,1.145975443383356,112.75,1.8270509977827052,73.75,1.1254237288135593,47.75,0.6492146596858639,50.5,0.6534653465346535,0.497,0.258,0.033,0.27415,AMBER,59.7,64.3
Machakos,Machakos,2023-11-06,48,42,138,65,207,449,58,68,37.75,1.1125827814569536,208.25,2.156062424969988,98.75,1.3974683544303796,185.25,1.1174089068825912,139.5,0.4659498207885305,79.5,0.8553459119496856,42.75,1.1228070175438596,46.0,1.2608695652173914,0.285,0.144,0.074,0.17234999999999998,AMBER,59.6,64.2
Machakos,Machakos,2023-11-13,73,52,134,79,209,447,67,104,41.0,1.2682926829268293,285.5,1.5656742556917689,112.25,1.1937639198218264,183.75,1.1374149659863946,126.75,0.6232741617357002,77.25,1.3462783171521036,42.0,1.7380952380952381,47.75,1.4031413612565444,0.241,0.092,0.344,0.21974999999999997,AMBER,66.1,63.3
Machakos,Machakos,2023-11-20,61,45,93,93,178,433,79,125,44.25,1.0169491525423728,366.25,1.1822525597269624,118.25,0.7864693446088795,192.5,0.9246753246753247,125.0,0.744,82.25,1.5197568389057752,49.0,1.2448979591836735,51.5,1.5339805825242718,0.045,0.0,0.289,0.10244999999999999,GREEN,56.0,64.3
Machakos,Machakos,2023-11-27,60,48,77,52,257,200,78,78,44.5,1.0786516853932584,435.25,0.4595060310166571,116.5,0.6609442060085837,201.0,1.2786069651741294,110.75,0.46952595936794583,95.0,0.8210526315789474,53.25,1.1267605633802817,59.25,1.3164556962025316,0.037,0.074,0.084,0.06405,GREEN,49.9,61.3
Machakos,Machakos,2023-12-04,88,36,78,64,186,313,109,116,46.75,0.7700534759358288,382.25,0.8188358404185743,110.5,0.7058823529411765,212.75,0.8742655699177438,72.25,0.8858131487889274,93.75,1.2373333333333334,60.5,1.4545454545454546,70.5,1.5460992907801419,0.0,0.0,0.268,0.0804,GREEN,38.3,61.3
Machakos,Machakos,2023-12-11,92,28,76,69,106,85,136,116,45.25,0.6187845303867403,348.25,0.2440775305096913,95.5,0.7958115183246073,207.5,0.5108433734939759,72.0,0.9583333333333334,105.75,1.0969267139479906,70.5,1.3049645390070923,83.25,1.6336336336336337,0.0,0.0,0.208,0.0624,GREEN,27.8,56.2
Machakos,Machakos,2023-12-18,75,24,108,91,159,103,85,105,39.25,0.6114649681528662,257.75,0.39961202715809896,81.0,1.3333333333333333,181.75,0.874828060522696,69.5,1.3093525179856116,108.75,0.9655172413793104,75.25,0.9966777408637874,100.5,0.845771144278607,0.0,0.167,0.0,0.05845,GREEN,17.5,56.9
Machakos,Machakos,2023-12-25,73,41,103,83,160,154,111,114,34.0,1.2058823529411764,175.25,0.8787446504992867,84.75,1.2153392330383481,177.0,0.903954802259887,69.0,1.2028985507246377,103.75,1.0987951807228915,78.75,0.926984126984127,102.0,1.088235294117647,0.098,0.108,0.041,0.0844,GREEN,10.5,55.1
Machakos,Machakos,2024-01-01,51,30,82,60,131,140,62,68,32.25,0.9302325581395349,163.75,0.8549618320610687,91.25,0.8986301369863013,152.75,0.8576104746317512,76.75,0.7817589576547231,112.75,0.6031042128603105,82.0,0.6219512195121951,110.25,0.562358276643991,0.0,0.0,0.0,0.0,GREEN,4.6,57.1
Machakos,Machakos,2024-01-08,48,34,108,68,141,152,59,154,30.75,1.1056910569105691,120.5,1.2614107883817427,92.25,1.170731707317073,139.0,1.014388489208633,75.75,0.8976897689768977,100.75,1.5285359801488834,72.75,0.6597938144329897,98.5,0.5989847715736041,0.102,0.052,0.141,0.09619999999999998,GREEN,11.1,55.8
Machakos,Machakos,2024-01-15,57,43,114,89,206,143,55,172,32.25,1.3333333333333333,137.25,1.041894353369763,100.25,1.1371571072319202,147.75,1.3942470389170898,75.5,1.1788079470198676,110.25,1.560090702947846,61.75,0.9230769230769231,79.25,0.694006309148265,0.167,0.186,0.149,0.16824999999999998,AMBER,12.1,55.5
Machakos,Machakos,2024-01-22,68,51,97,96,183,140,58,204,37.0,1.3783783783783783,147.25,0.9507640067911715,101.75,0.9533169533169533,159.5,1.1473354231974922,75.0,1.28,127.0,1.6062992125984252,57.25,1.1877729257641922,71.75,0.8083623693379791,0.18,0.105,0.209,0.16244999999999998,AMBER,7.5,55.9
Machakos,Machakos,2024-01-29,37,49,99,120,238,94,69,178,39.5,1.240506329113924,143.75,0.6539130434782608,100.25,0.9875311720698254,165.25,1.4402420574886536,78.25,1.5335463258785942,149.5,1.1906354515050168,56.0,0.6607142857142857,58.5,1.1794871794871795,0.114,0.242,0.081,0.14889999999999998,GREEN,4.0,56.7
Machakos,Machakos,2024-02-05,71,105,98,105,235,172,59,230,44.25,2.3728813559322033,132.25,1.3005671077504726,104.5,0.937799043062201,192.0,1.2239583333333333,93.25,1.126005361930295,177.0,1.2994350282485876,52.5,1.3523809523809525,60.25,0.979253112033195,0.712,0.089,0.168,0.33075,AMBER,13.1,55.0
Machakos,Machakos,2024-02-12,71,126,159,88,233,169,79,234,62.0,2.032258064516129,137.25,1.2313296903460837,102.0,1.5588235294117647,215.5,1.0812064965197217,102.5,0.8585365853658536,196.0,1.1938775510204083,58.25,1.2188841201716738,60.25,1.3112033195020747,0.537,0.18,0.158,0.29835,AMBER,9.6,56.3
Machakos,Machakos,2024-02-19,94,90,119,75,153,136,109,113,82.75,1.0876132930513596,143.75,0.9460869565217391,113.25,1.0507726269315674,222.25,0.688413948256468,102.25,0.7334963325183375,211.5,0.5342789598108747,61.75,1.5222672064777327,66.25,1.6452830188679246,0.042,0.014,0.238,0.091,GREEN,11.0,52.7
Machakos,Machakos,2024-02-26,91,86,84,101,165,131,112,92,92.5,0.9297297297297298,142.75,0.9176882661996497,118.75,0.7073684210526315,214.75,0.7683352735739232,97.0,1.041237113402062,188.75,0.48741721854304637,68.25,1.3333333333333333,79.0,1.4177215189873418,0.0,0.01,0.153,0.0494,GREEN,10.2,54.1
Machakos,Machakos,2024-03-04,85,62,91,64,142,72,83,106,101.75,0.6093366093366094,152.0,0.47368421052631576,115.0,0.7913043478260869,196.5,0.72264631043257,92.25,0.6937669376693767,167.25,0.6337817638266069,81.75,1.039755351681957,89.75,0.924791086350975,0.0,0.0,0.01,0.003,GREEN,23.7,55.9
Machakos,Machakos,2024-03-11,92,81,85,62,143,112,95,111,91.0,0.8901098901098901,127.0,0.8818897637795275,113.25,0.7505518763796909,173.25,0.8253968253968254,82.0,0.7560975609756098,136.25,0.8146788990825689,85.25,1.0791788856304985,95.75,0.9921671018276762,0.0,0.0,0.02,0.006,GREEN,32.1,61.6
Machakos,Machakos,2024-03-18,73,41,123,76,155,132,102,85,79.75,0.5141065830721003,112.75,1.170731707317073,94.75,1.2981530343007917,150.75,1.0281923714759535,75.5,1.0066225165562914,105.5,0.8056872037914692,90.5,0.8066298342541437,99.75,1.0225563909774436,0.034,0.094,0.004,0.046,GREEN,51.3,61.2
Machakos,Machakos,2024-03-25,62,35,117,75,240,153,91,83,67.5,0.5185185185185185,111.75,1.3691275167785235,95.75,1.2219321148825066,151.25,1.5867768595041323,75.75,0.9900990099009901,98.5,0.8426395939086294,85.25,0.7272727272727273,98.0,0.9285714285714286,0.074,0.219,0.0,0.10254999999999999,GREEN,50.7,60.5
Machakos,Machakos,2024-04-01,68,58,110,59,211,196,82,86,54.75,1.0593607305936072,117.25,1.671641791044776,104.0,1.0576923076923077,170.0,1.2411764705882353,69.25,0.851985559566787,96.25,0.8935064935064935,78.0,0.8717948717948718,92.75,0.8840970350404312,0.163,0.081,0.0,0.0854,GREEN,57.4,64.3
Machakos,Machakos,2024-04-08,43,33,138,98,228,168,62,69,53.75,0.6139534883720931,148.25,1.1332209106239461,108.75,1.2689655172413794,187.25,1.2176234979973297,68.0,1.4411764705882353,91.25,0.7561643835616438,73.75,0.5830508474576271,92.5,0.6702702702702703,0.027,0.237,0.0,0.0924,GREEN,59.1,67.4
Machakos,Machakos,2024-04-15,54,41,125,116,179,160,63,76,41.75,0.9820359281437125,162.25,0.9861325115562404,122.0,1.0245901639344261,208.5,0.8585131894484412,77.0,1.5064935064935066,80.75,0.9411764705882353,61.5,0.8780487804878049,84.25,0.7477744807121661,0.0,0.125,0.0,0.04375,GREEN,60.3,65.8
Machakos,Machakos,2024-04-22,50,44,253,66,158,309,62,61,41.75,1.0538922155688624,169.25,1.825701624815362,122.5,2.0653061224489795,214.5,0.7365967365967366,87.0,0.7586206896551724,78.5,0.7770700636942676,56.75,0.8810572687224669,74.5,0.8322147651006712,0.191,0.302,0.0,0.17254999999999998,AMBER,53.4,64.0
Machakos,Machakos,2024-04-29,32,40,225,80,161,382,72,68,44.0,0.9090909090909091,208.25,1.8343337334933973,156.5,1.4376996805111821,194.0,0.8298969072164949,84.75,0.943952802359882,73.0,0.9315068493150684,53.75,0.5953488372093023,67.25,1.070631970260223,0.167,0.124,0.012,0.10545,GREEN,47.4,60.9
Machakos,Machakos,2024-05-06,45,30,197,62,151,209,55,61,39.5,0.759493670886076,254.75,0.8204121687929342,185.25,1.0634278002699056,181.5,0.8319559228650137,90.0,0.6888888888888889,68.5,0.8905109489051095,44.75,1.005586592178771,64.75,0.8494208494208494,0.0,0.018,0.001,0.006599999999999999,GREEN,43.0,62.1
Machakos,Machakos,2024-05-13,52,24,180,63,109,191,59,75,38.75,0.6193548387096774,265.0,0.720754716981132,200.0,0.9,162.25,0.6718027734976888,81.0,0.7777777777777778,66.5,1.1278195488721805,45.25,1.149171270718232,63.0,0.9365079365079365,0.0,0.0,0.071,0.021299999999999996,GREEN,30.3,57.8
Machakos,Machakos,2024-05-20,46,33,265,68,154,334,50,80,34.5,0.9565217391304348,272.75,1.2245646196150322,213.75,1.239766081871345,144.75,1.063903281519862,67.75,1.003690036900369,66.25,1.2075471698113207,44.75,1.0279329608938548,62.0,0.8064516129032258,0.045,0.086,0.062,0.06445,GREEN,15.2,59.5
Machakos,Machakos,2024-05-27,31,35,258,141,131,341,48,72,31.75,1.1023622047244095,279.0,1.2222222222222223,216.75,1.1903114186851211,143.75,0.9113043478260869,68.25,2.065934065934066,71.0,1.0140845070422535,43.75,0.7085714285714285,59.0,0.8135593220338984,0.093,0.303,0.004,0.1398,GREEN,9.0,53.0
Machakos,Machakos,2024-06-03,59,50,120,166,161,155,61,78,30.5,1.639344262295082,268.75,0.5767441860465117,225.0,0.5333333333333333,136.25,1.181651376146789,83.5,1.9880239520958083,72.0,1.0833333333333333,43.5,1.3563218390804597,53.0,1.150943396226415,0.304,0.279,0.136,0.24485,AMBER,3.8,56.3
Machakos,Machakos,2024-06-10,51,50,117,180,225,168,52,68,35.5,1.408450704225352,255.25,0.6581782566111655,205.75,0.56865127582017,138.75,1.6216216216216217,109.5,1.643835616438356,76.25,0.8918032786885246,47.0,1.0851063829787233,54.5,0.9541284403669725,0.194,0.316,0.021,0.1848,AMBER,4.0,52.9
Machakos,Machakos,2024-06-17,53,52,121,252,227,147,58,76,42.0,1.2380952380952381,249.5,0.5891783567134269,190.0,0.6368421052631579,167.75,1.353204172876304,138.75,1.8162162162162163,74.5,1.0201342281879195,46.75,1.1336898395721926,52.75,1.099526066350711,0.113,0.285,0.055,0.1558,AMBER,5.2,54.5
Machakos,Machakos,2024-06-24,56,38,99,246,192,165,88,83,46.75,0.8128342245989305,202.75,0.813810110974106,154.0,0.6428571428571429,186.0,1.032258064516129,184.75,1.3315290933694182,73.5,1.129251700680272,48.5,1.1546391752577319,54.75,1.6073059360730593,0.0,0.086,0.174,0.08229999999999998,GREEN,7.7,54.7
Machakos,Machakos,2024-07-01,75,41,127,186,164,147,102,81,47.5,0.8631578947368421,158.75,0.925984251968504,114.25,1.1115973741794312,201.25,0.8149068322981367,211.0,0.8815165876777251,76.25,1.062295081967213,54.75,1.36986301369863,64.75,1.5752895752895753,0.0,0.032,0.205,0.07269999999999999,GREEN,14.5,55.8
Machakos,Machakos,2024-07-08,99,35,89,199,149,141,122,110,45.25,0.7734806629834254,156.75,0.8995215311004785,116.0,0.7672413793103449,202.0,0.7376237623762376,216.0,0.9212962962962963,77.0,1.4285714285714286,58.75,1.6851063829787234,75.0,1.6266666666666667,0.0,0.0,0.39,0.11699999999999999,GREEN,12.3,53.0
Machakos,Machakos,2024-07-15,73,26,87,143,145,89,121,96,41.5,0.6265060240963856,150.0,0.5933333333333334,109.0,0.7981651376146789,183.0,0.7923497267759563,220.75,0.6477916194790487,87.5,1.0971428571428572,70.75,1.0318021201413428,92.5,1.308108108108108,0.0,0.0,0.085,0.025500000000000002,GREEN,12.4,55.3
Machakos,Machakos,2024-07-22,105,25,86,118,143,95,135,155,35.0,0.7142857142857143,135.5,0.7011070110701108,100.5,0.8557213930348259,162.5,0.88,193.5,0.6098191214470284,92.5,1.6756756756756757,75.75,1.386138613861386,108.25,1.2471131639722863,0.0,0.0,0.318,0.0954,GREEN,3.3,51.4
Machakos,Machakos,2024-07-29,87,28,89,149,176,133,104,107,31.75,0.8818897637795275,118.0,1.1271186440677967,97.25,0.9151670951156813,150.25,1.1713810316139768,161.5,0.9226006191950464,110.5,0.9683257918552036,88.0,0.9886363636363636,120.0,0.8666666666666667,0.025,0.046,0.0,0.024849999999999997,GREEN,3.9,54.4
Machakos,Machakos,2024-08-05,67,40,98,175,163,133,79,116,28.5,1.4035087719298245,114.5,1.1615720524017468,87.75,1.1168091168091168,153.25,1.063621533442088,152.25,1.1494252873563218,117.0,0.9914529914529915,91.0,0.7362637362637363,120.5,0.6556016597510373,0.224,0.085,0.0,0.10815,GREEN,7.2,54.9
Machakos,Machakos,2024-08-12,93,35,95,169,160,171,70,241,29.75,1.1764705882352942,112.5,1.52,90.0,1.0555555555555556,156.75,1.0207336523125996,146.25,1.1555555555555554,118.5,2.0337552742616034,83.0,1.1204819277108433,109.75,0.6378132118451025,0.188,0.058,0.306,0.1779,AMBER,9.3,55.5
Machakos,Machakos,2024-08-19,64,56,456,92,212,175,86,169,32.0,1.75,133.0,1.3157894736842106,92.0,4.956521739130435,160.5,1.320872274143302,152.75,0.602291325695581,154.75,1.0920840064620356,88.0,0.7272727272727273,97.0,0.8865979381443299,0.419,0.936,0.025,0.48174999999999996,RED,7.4,55.9
Machakos,Machakos,2024-08-26,55,114,344,105,182,155,59,122,39.75,2.8679245283018866,153.0,1.0130718954248366,184.5,1.8644986449864498,177.75,1.0239099859353025,146.25,0.717948717948718,158.25,0.7709320695102686,77.75,0.707395498392283,84.75,0.696165191740413,0.89,0.251,0.0,0.39935,AMBER,5.3,59.6
Machakos,Machakos,2024-09-02,48,133,352,94,188,141,60,190,61.25,2.1714285714285713,158.5,0.889589905362776,248.25,1.4179254783484392,179.25,1.0488145048814506,135.25,0.6950092421441775,162.0,1.1728395061728396,69.75,0.6881720430107527,73.5,0.8163265306122449,0.556,0.131,0.046,0.25425,AMBER,5.2,52.2
Machakos,Machakos,2024-09-09,44,134,267,87,231,134,54,210,84.5,1.5857988165680474,160.5,0.8348909657320872,311.75,0.8564554931836408,185.5,1.2452830188679245,115.0,0.7565217391304347,180.5,1.1634349030470914,65.0,0.676923076923077,68.75,0.7854545454545454,0.278,0.065,0.044,0.13324999999999998,GREEN,6.6,54.7
Machakos,Machakos,2024-09-16,51,97,331,85,198,144,55,152,109.25,0.8878718535469108,151.25,0.9520661157024793,354.75,0.9330514446793516,203.25,0.974169741697417,94.5,0.8994708994708994,172.75,0.8798842257597684,52.75,0.966824644549763,64.75,0.8494208494208494,0.0,0.0,0.0,0.0,GREEN,5.2,55.1
Machakos,Machakos,2024-09-23,61,100,277,76,158,114,62,124,119.5,0.8368200836820083,143.5,0.794425087108014,323.5,0.8562596599690881,199.75,0.7909887359198998,92.75,0.8194070080862533,168.5,0.7359050445103857,49.5,1.2323232323232323,57.0,1.087719298245614,0.0,0.0,0.073,0.0219,GREEN,10.9,57.1
Machakos,Machakos,2024-09-30,47,57,80,58,105,107,49,157,116.0,0.49137931034482757,133.25,0.8030018761726079,306.75,0.26079869600651995,193.75,0.5419354838709678,85.5,0.6783625730994152,169.0,0.9289940828402367,51.0,0.9215686274509803,57.75,0.8484848484848485,0.0,0.0,0.0,0.0,GREEN,17.4,59.2
Machakos,Machakos,2024-10-07,49,37,76,64,159,129,61,142,97.0,0.38144329896907214,124.75,1.034068136272545,238.75,0.3183246073298429,173.0,0.9190751445086706,76.5,0.8366013071895425,160.75,0.8833592534992224,50.75,0.9655172413793104,55.0,1.1090909090909091,0.007,0.0,0.018,0.00785,GREEN,33.1,61.1
Machakos,Machakos,2024-10-14,60,37,117,81,204,154,130,149,72.75,0.5085910652920962,123.5,1.2469635627530364,191.0,0.612565445026178,155.0,1.3161290322580645,70.75,1.1448763250883391,143.75,1.0365217391304349,52.0,1.1538461538461537,56.75,2.290748898678414,0.049,0.118,0.263,0.13735,GREEN,44.2,58.7
Machakos,Machakos,2024-10-21,47,38,84,66,374,162,72,180,57.75,0.658008658008658,126.0,1.2857142857142858,137.5,0.610909090909091,156.5,2.389776357827476,69.75,0.946236559139785,143.0,1.2587412587412588,54.25,0.8663594470046083,75.5,0.9536423841059603,0.057,0.371,0.069,0.17049999999999998,AMBER,55.5,62.6
Machakos,Machakos,2024-10-28,53,43,121,89,950,342,82,164,42.25,1.017751479289941,138.0,2.4782608695652173,89.25,1.3557422969187676,210.5,4.513064133016627,67.25,1.3234200743494424,157.0,1.0445859872611465,50.75,1.0443349753694582,78.0,1.0512820512820513,0.304,0.976,0.032,0.45759999999999995,RED,60.7,65.6
Machakos,Machakos,2024-11-04,56,51,127,59,960,429,117,59,38.75,1.3161290322580645,196.75,2.1804320203303686,99.5,1.2763819095477387,421.75,2.2762299940723176,75.0,0.7866666666666666,158.75,0.3716535433070866,52.25,1.0717703349282297,86.25,1.3565217391304347,0.386,0.419,0.077,0.30484999999999995,AMBER,61.8,66.1
Machakos,Machakos,2024-11-11,58,41,124,69,987,404,156,89,42.25,0.9704142011834319,271.75,1.486660533578657,112.25,1.1046770601336302,622.0,1.5868167202572347,73.75,0.9355932203389831,138.0,0.644927536231884,54.0,1.0740740740740742,100.25,1.5561097256857854,0.097,0.186,0.111,0.13235,GREEN,69.2,61.5
Machakos,Machakos,2024-11-18,73,37,119,63,781,309,139,105,43.25,0.8554913294797688,334.25,0.9244577412116679,114.0,1.043859649122807,817.75,0.9550596147966982,70.75,0.8904593639575972,123.0,0.8536585365853658,53.5,1.3644859813084111,106.75,1.3021077283372364,0.0,0.012,0.141,0.0465,GREEN,61.5,64.5
Machakos,Machakos,2024-11-25,85,35,118,92,740,389,64,100,43.0,0.813953488372093,371.0,1.0485175202156334,122.75,0.9613034623217923,919.5,0.8047852093529092,70.0,1.3142857142857143,104.25,0.9592326139088729,60.0,1.4166666666666667,123.5,0.5182186234817814,0.01,0.073,0.104,0.06025,GREEN,53.5,63.0
Machakos,Machakos,2024-12-02,77,25,111,69,352,321,118,115,41.0,0.6097560975609756,382.75,0.8386675375571522,122.0,0.9098360655737705,867.0,0.405997693194925,70.75,0.9752650176678446,88.25,1.3031161473087818,68.0,1.1323529411764706,119.0,0.9915966386554622,0.0,0.0,0.114,0.0342,GREEN,42.7,59.8
Machakos,Machakos,2024-12-09,94,31,76,47,139,75,87,124,34.5,0.8985507246376812,355.75,0.21082220660576248,118.0,0.6440677966101694,715.0,0.1944055944055944,73.25,0.6416382252559727,102.25,1.2127139364303179,73.25,1.2832764505119454,119.25,0.7295597484276729,0.0,0.0,0.128,0.0384,GREEN,26.7,60.0
Machakos,Machakos,2024-12-16,76,28,79,74,143,104,92,120,32.0,0.875,273.5,0.3802559414990859,106.0,0.7452830188679245,503.0,0.28429423459244535,67.75,1.0922509225092252,111.0,1.0810810810810811,82.25,0.9240121580547113,102.0,0.9019607843137255,0.0,0.022,0.022,0.014299999999999998,GREEN,19.0,56.9
Machakos,Machakos,2024-12-23,70,41,114,91,164,126,96,106,29.75,1.3781512605042017,222.25,0.5669291338582677,96.0,1.1875,343.5,0.4774381368267831,70.5,1.2907801418439717,114.75,0.9237472766884531,83.0,0.8433734939759037,90.25,1.0637119113573408,0.18,0.121,0.011,0.10865,GREEN,8.4,54.4
Machakos,Machakos,2024-12-30,38,32,89,75,160,126,53,82,31.25,1.024,156.5,0.805111821086262,95.0,0.9368421052631579,199.5,0.8020050125313283,70.25,1.0676156583629892,116.25,0.7053763440860215,79.25,0.4794952681388013,98.25,0.539440203562341,0.011,0.016,0.0,0.00945,GREEN,1.4,57.4
Mariakani,Kilifi,2023-01-02,40,71,84,62,100,354,35,46,,,,,,,,,,,,,,,,,0.0,0.0,0.0,0.0,GREEN,8.0,73.9
Mariakani,Kilifi,2023-01-09,34,93,99,70,163,411,33,57,71.0,1.3098591549295775,354.0,1.1610169491525424,84.0,1.1785714285714286,100.0,1.63,62.0,1.1290322580645162,46.0,1.2391304347826086,40.0,0.85,35.0,0.9428571428571428,0.179,0.249,0.064,0.16899999999999998,AMBER,15.4,69.6
Mariakani,Kilifi,2023-01-16,39,117,115,77,156,403,50,57,82.0,1.4268292682926829,382.5,1.05359477124183,91.5,1.2568306010928962,131.5,1.1863117870722433,66.0,1.1666666666666667,51.5,1.1067961165048543,37.0,1.054054054054054,34.0,1.4705882352941178,0.213,0.161,0.12,0.1669,AMBER,4.8,73.2
Mariakani,Kilifi,2023-01-23,44,91,110,91,205,530,44,58,93.66666666666667,0.9715302491103203,389.3333333333333,1.3613013698630139,99.33333333333333,1.1073825503355705,139.66666666666666,1.4677804295942722,69.66666666666667,1.3062200956937797,53.333333333333336,1.0875,37.666666666666664,1.168141592920354,39.333333333333336,1.11864406779661,0.072,0.227,0.085,0.13015,GREEN,22.8,70.7
Mariakani,Kilifi,2023-01-30,43,122,84,88,193,500,55,45,93.0,1.3118279569892473,424.5,1.1778563015312131,102.0,0.8235294117647058,156.0,1.2371794871794872,75.0,1.1733333333333333,54.5,0.8256880733944955,39.25,1.0955414012738853,40.5,1.3580246913580247,0.184,0.104,0.084,0.126,GREEN,4.0,68.8
Mariakani,Kilifi,2023-02-06,50,111,96,64,178,472,53,58,105.75,1.049645390070922,461.0,1.0238611713665944,102.0,0.9411764705882353,179.25,0.99302649930265,81.5,0.7852760736196319,54.25,1.0691244239631337,40.0,1.25,45.5,1.164835164835165,0.028,0.0,0.108,0.0422,GREEN,15.3,69.2
Mariakani,Kilifi,2023-02-13,37,133,141,87,158,408,45,87,110.25,1.2063492063492063,476.25,0.8566929133858268,101.25,1.3925925925925926,183.0,0.8633879781420765,80.0,1.0875,54.5,1.5963302752293578,44.0,0.8409090909090909,50.5,0.8910891089108911,0.098,0.132,0.159,0.12819999999999998,GREEN,3.8,74.9
Mariakani,Kilifi,2023-02-20,58,70,99,65,115,384,69,57,114.25,0.612691466083151,477.5,0.8041884816753927,107.75,0.9187935034802784,183.5,0.6267029972752044,82.5,0.7878787878787878,62.0,0.9193548387096774,43.5,1.3333333333333333,49.25,1.401015228426396,0.0,0.0,0.15,0.045,GREEN,8.5,72.6
Mariakani,Kilifi,2023-02-27,61,93,106,41,158,320,78,79,109.0,0.8532110091743119,441.0,0.7256235827664399,105.0,1.0095238095238095,161.0,0.9813664596273292,76.0,0.5394736842105263,61.75,1.2793522267206479,47.0,1.297872340425532,55.5,1.4054054054054055,0.0,0.003,0.217,0.06614999999999999,GREEN,11.3,72.9
Mariakani,Kilifi,2023-03-06,55,78,80,49,99,221,76,71,101.75,0.7665847665847666,396.0,0.5580808080808081,110.5,0.7239819004524887,152.25,0.6502463054187192,64.25,0.7626459143968871,70.25,1.01067615658363,51.5,1.0679611650485437,61.25,1.2408163265306122,0.0,0.0,0.06,0.018,GREEN,31.5,73.7
Mariakani,Kilifi,2023-03-13,73,59,81,64,132,271,82,91,93.5,0.6310160427807486,333.25,0.8132033008252063,106.5,0.7605633802816901,132.5,0.9962264150943396,60.5,1.0578512396694215,73.5,1.2380952380952381,52.75,1.3838862559241707,67.0,1.2238805970149254,0.0,0.013,0.197,0.06365,GREEN,42.8,76.1
Mariakani,Kilifi,2023-03-20,42,73,93,57,156,312,65,77,75.0,0.9733333333333334,299.0,1.0434782608695652,91.5,1.0163934426229508,126.0,1.2380952380952381,54.75,1.0410958904109588,74.5,1.0335570469798658,61.75,0.680161943319838,76.25,0.8524590163934426,0.009,0.078,0.009,0.03315,GREEN,60.8,75.2
Mariakani,Kilifi,2023-03-27,61,140,97,88,159,357,52,81,75.75,1.8481848184818481,281.0,1.2704626334519573,90.0,1.0777777777777777,136.25,1.1669724770642202,52.75,1.6682464454976302,79.5,1.0188679245283019,57.75,1.0562770562770563,75.25,0.6910299003322259,0.457,0.222,0.019,0.24335,AMBER,68.3,77.4
Mariakani,Kilifi,2023-04-03,56,103,77,67,208,433,47,63,87.5,1.177142857142857,290.25,1.491817398794143,87.75,0.8774928774928775,136.5,1.5238095238095237,64.5,1.0387596899224807,80.0,0.7875,57.75,0.9696969696969697,68.75,0.6836363636363636,0.183,0.149,0.0,0.1162,GREEN,78.6,78.5
Mariakani,Kilifi,2023-04-10,37,178,106,73,144,432,42,40,93.75,1.8986666666666667,343.25,1.258557902403496,87.0,1.2183908045977012,163.75,0.8793893129770992,69.0,1.0579710144927537,78.0,0.5128205128205128,58.0,0.6379310344827587,61.5,0.6829268292682927,0.479,0.075,0.0,0.1939,AMBER,82.4,77.4
Mariakani,Kilifi,2023-04-17,38,87,122,70,218,404,42,41,123.5,0.7044534412955465,383.5,1.0534550195567145,93.25,1.3083109919571045,166.75,1.3073463268365817,71.25,0.9824561403508771,65.25,0.6283524904214559,49.0,0.7755102040816326,51.5,0.8155339805825242,0.011,0.169,0.0,0.063,GREEN,82.0,79.3
Mariakani,Kilifi,2023-04-24,44,113,89,55,180,372,185,52,127.0,0.889763779527559,406.5,0.915129151291513,100.5,0.8855721393034826,182.25,0.9876543209876543,74.5,0.738255033557047,56.25,0.9244444444444444,48.0,0.9166666666666666,45.75,4.043715846994536,0.0,0.0,0.5,0.15,AMBER,76.6,78.5
Mariakani,Kilifi,2023-05-01,34,98,95,57,143,383,162,46,120.25,0.814968814968815,410.25,0.9335770871419866,98.5,0.9644670050761421,187.5,0.7626666666666667,66.25,0.8603773584905661,49.0,0.9387755102040817,43.75,0.7771428571428571,79.0,2.050632911392405,0.0,0.0,0.175,0.0525,GREEN,72.0,76.3
Mariakani,Kilifi,2023-05-08,42,79,88,52,126,370,150,48,119.0,0.6638655462184874,397.75,0.9302325581395349,103.0,0.8543689320388349,171.25,0.7357664233576642,63.75,0.8156862745098039,44.75,1.0726256983240223,38.25,1.0980392156862746,107.75,1.3921113689095128,0.0,0.0,0.109,0.0327,GREEN,62.4,75.7
Mariakani,Kilifi,2023-05-15,33,68,57,49,73,240,145,60,94.25,0.7214854111405835,382.25,0.6278613472858077,98.5,0.5786802030456852,166.75,0.43778110944527737,58.5,0.8376068376068376,46.75,1.2834224598930482,39.5,0.8354430379746836,134.75,1.0760667903525047,0.0,0.0,0.088,0.026399999999999996,GREEN,37.9,73.9
Mariakani,Kilifi,2023-05-22,31,88,73,32,114,303,142,58,89.5,0.9832402234636871,341.25,0.8879120879120879,82.25,0.8875379939209727,130.5,0.8735632183908046,53.25,0.6009389671361502,51.5,1.1262135922330097,38.25,0.8104575163398693,160.5,0.8847352024922118,0.0,0.0,0.034,0.0102,GREEN,24.1,72.3
Mariakani,Kilifi,2023-05-29,40,95,76,74,141,316,142,67,83.25,1.1411411411411412,324.0,0.9753086419753086,78.25,0.9712460063897763,114.0,1.236842105263158,47.5,1.5578947368421052,53.0,1.2641509433962264,35.0,1.1428571428571428,149.75,0.9482470784641068,0.067,0.193,0.106,0.12279999999999999,GREEN,8.5,71.8
Mariakani,Kilifi,2023-06-05,38,94,86,81,168,401,47,50,82.5,1.1393939393939394,307.25,1.305126118795769,73.5,1.1700680272108843,113.5,1.4801762114537445,51.75,1.565217391304348,58.25,0.8583690987124464,36.5,1.0410958904109588,144.75,0.32469775474956825,0.127,0.308,0.01,0.15525,AMBER,9.3,74.0
Mariakani,Kilifi,2023-06-12,29,137,84,92,205,525,117,47,86.25,1.5884057971014494,315.0,1.6666666666666667,73.0,1.1506849315068493,124.0,1.653225806451613,59.0,1.5593220338983051,58.75,0.8,35.5,0.8169014084507042,119.0,0.9831932773109243,0.413,0.347,0.0,0.26599999999999996,AMBER,9.8,72.7
Mariakani,Kilifi,2023-06-19,47,133,91,61,230,527,80,56,103.5,1.285024154589372,386.25,1.3644012944983819,79.75,1.141065830721003,157.0,1.464968152866242,69.75,0.8745519713261649,55.5,1.009009009009009,34.5,1.3623188405797102,112.0,0.7142857142857143,0.208,0.164,0.093,0.1581,AMBER,7.2,71.8
Mariakani,Kilifi,2023-06-26,44,121,126,74,180,510,134,145,114.75,1.0544662309368191,442.25,1.1531938948558507,84.25,1.4955489614243322,186.0,0.967741935483871,77.0,0.961038961038961,55.0,2.6363636363636362,38.5,1.1428571428571428,96.5,1.38860103626943,0.057,0.14,0.537,0.23004999999999998,AMBER,12.0,71.7
Mariakani,Kilifi,2023-07-03,59,120,85,84,168,473,159,169,121.25,0.9896907216494846,490.75,0.9638308711156394,96.75,0.8785529715762274,195.75,0.8582375478927203,77.0,1.0909090909090908,74.5,2.2684563758389262,39.5,1.4936708860759493,94.5,1.6825396825396826,0.0,0.021,0.575,0.17984999999999998,AMBER,12.9,72.7
Mariakani,Kilifi,2023-07-10,75,109,91,77,138,391,162,198,127.75,0.8532289628180039,508.75,0.7685503685503685,96.5,0.9430051813471503,195.75,0.7049808429118773,77.75,0.9903536977491961,104.25,1.8992805755395683,44.75,1.675977653631285,122.5,1.3224489795918368,0.0,0.0,0.463,0.1389,GREEN,4.9,76.9
Mariakani,Kilifi,2023-07-17,67,72,72,72,97,325,178,271,120.75,0.5962732919254659,475.25,0.6838506049447659,98.25,0.732824427480916,179.0,0.5418994413407822,74.0,0.972972972972973,142.0,1.908450704225352,56.25,1.191111111111111,133.75,1.330841121495327,0.0,0.0,0.345,0.1035,GREEN,8.4,72.6
Mariakani,Kilifi,2023-07-24,78,69,78,50,100,249,81,245,105.5,0.6540284360189573,424.75,0.5862271924661565,93.5,0.8342245989304813,145.75,0.6861063464837049,76.75,0.6514657980456026,195.75,1.251596424010217,61.25,1.273469387755102,158.25,0.5118483412322274,0.0,0.0,0.135,0.0405,GREEN,7.5,71.2
Mariakani,Kilifi,2023-07-31,56,75,94,58,126,288,85,244,92.5,0.8108108108108109,359.5,0.8011126564673157,81.5,1.1533742331288344,125.75,1.0019880715705765,70.75,0.8197879858657244,220.75,1.1053227633069083,69.75,0.8028673835125448,145.0,0.5862068965517241,0.0,0.044,0.028,0.023799999999999998,GREEN,6.7,73.4
Mariakani,Kilifi,2023-08-07,73,110,101,51,171,372,74,102,81.25,1.353846153846154,313.25,1.1875498802873103,83.75,1.2059701492537314,115.25,1.4837310195227766,64.25,0.7937743190661478,239.5,0.42588726513569936,69.0,1.0579710144927537,126.5,0.5849802371541502,0.206,0.187,0.014,0.14175000000000001,GREEN,5.3,74.1
Mariakani,Kilifi,2023-08-14,48,107,103,85,176,428,71,84,81.5,1.312883435582822,308.5,1.3873581847649918,86.25,1.1942028985507247,123.5,1.4251012145748987,57.75,1.4718614718614718,215.5,0.38979118329466356,68.5,0.7007299270072993,104.5,0.6794258373205742,0.226,0.278,0.0,0.1764,AMBER,15.3,72.6
Mariakani,Kilifi,2023-08-21,43,130,100,72,179,488,62,53,90.25,1.440443213296399,334.25,1.4599850411368736,94.0,1.0638297872340425,143.25,1.24956369982548,61.0,1.180327868852459,168.75,0.31407407407407406,63.75,0.6745098039215687,77.75,0.797427652733119,0.301,0.127,0.0,0.1498,GREEN,17.4,72.3
Mariakani,Kilifi,2023-08-28,30,114,87,80,161,463,43,59,105.5,1.080568720379147,394.0,1.1751269035532994,99.5,0.8743718592964824,163.0,0.9877300613496932,66.5,1.2030075187969924,120.75,0.4886128364389234,55.0,0.5454545454545454,73.0,0.589041095890411,0.073,0.047,0.0,0.041999999999999996,GREEN,18.3,72.5
Mariakani,Kilifi,2023-09-04,40,131,134,77,121,586,49,60,115.25,1.1366594360086768,437.75,1.338663620788121,97.75,1.370843989769821,171.75,0.7045123726346434,72.0,1.0694444444444444,74.5,0.8053691275167785,48.5,0.8247422680412371,62.5,0.784,0.133,0.121,0.0,0.0889,GREEN,14.8,71.2
Mariakani,Kilifi,2023-09-11,42,94,87,47,116,339,34,58,120.5,0.7800829875518672,491.25,0.6900763358778625,106.0,0.8207547169811321,159.25,0.728414442700157,78.5,0.5987261146496815,64.0,0.90625,40.25,1.0434782608695652,56.25,0.6044444444444445,0.0,0.0,0.011,0.0032999999999999995,GREEN,16.2,71.6
Mariakani,Kilifi,2023-09-18,43,98,287,59,112,408,43,51,117.25,0.835820895522388,469.0,0.8699360341151386,102.0,2.8137254901960786,144.25,0.7764298093587522,69.0,0.855072463768116,57.5,0.8869565217391304,38.75,1.1096774193548387,47.0,0.9148936170212766,0.0,0.514,0.027,0.188,AMBER,10.9,71.0
Mariakani,Kilifi,2023-09-25,30,94,265,63,125,305,42,57,109.25,0.8604118993135011,449.0,0.6792873051224945,148.75,1.781512605042017,127.5,0.9803921568627451,65.75,0.9581749049429658,57.0,1.0,38.75,0.7741935483870968,42.25,0.9940828402366864,0.0,0.221,0.0,0.07735,GREEN,10.9,76.9
Mariakani,Kilifi,2023-10-02,41,68,177,49,126,240,56,128,104.25,0.6522781774580336,409.5,0.5860805860805861,193.25,0.9159120310478654,118.5,1.0632911392405062,61.5,0.7967479674796748,56.5,2.265486725663717,38.75,1.0580645161290323,42.0,1.3333333333333333,0.0,0.017,0.408,0.12835,GREEN,29.9,73.5
Mariakani,Kilifi,2023-10-09,41,84,264,63,149,269,48,109,88.5,0.9491525423728814,323.0,0.8328173374613003,204.0,1.2941176470588236,119.75,1.244258872651357,54.5,1.1559633027522935,73.5,1.4829931972789117,39.0,1.0512820512820513,43.75,1.0971428571428572,0.0,0.185,0.158,0.11215,GREEN,47.1,75.9
Mariakani,Kilifi,2023-10-16,42,124,291,75,167,819,36,114,86.0,1.441860465116279,305.5,2.6808510638297873,248.25,1.1722054380664653,128.0,1.3046875,58.5,1.2820512820512822,86.25,1.3217391304347825,38.75,1.0838709677419356,47.25,0.7619047619047619,0.546,0.196,0.107,0.2918,AMBER,60.1,75.6
Mariakani,Kilifi,2023-10-23,34,128,361,64,151,882,50,141,92.5,1.3837837837837839,408.25,2.1604409063074095,249.25,1.448345035105316,141.75,1.0652557319223985,62.5,1.024,102.0,1.3823529411764706,38.5,0.8831168831168831,45.5,1.098901098901099,0.414,0.15,0.118,0.23279999999999995,AMBER,75.6,79.8
Mariakani,Kilifi,2023-10-30,24,134,96,72,202,971,52,111,101.0,1.3267326732673268,552.5,1.7574660633484163,273.25,0.3513266239707228,148.25,1.3625632377740304,62.75,1.1474103585657371,123.0,0.9024390243902439,39.5,0.6075949367088608,47.5,1.0947368421052632,0.307,0.131,0.016,0.1581,AMBER,80.6,78.8
Mariakani,Kilifi,2023-11-06,43,134,85,78,151,906,45,112,117.5,1.1404255319148937,735.25,1.2322339340360422,253.0,0.3359683794466403,167.25,0.9028400597907325,68.5,1.1386861313868613,118.75,0.9431578947368421,35.25,1.2198581560283688,46.5,0.967741935483871,0.113,0.032,0.055,0.06725,GREEN,88.9,83.6
Mariakani,Kilifi,2023-11-13,95,133,96,87,195,821,61,71,130.0,1.023076923076923,894.5,0.917831190609279,208.25,0.460984393757503,167.75,1.1624441132637855,72.25,1.2041522491349481,119.5,0.5941422594142259,35.75,2.6573426573426575,45.75,1.3333333333333333,0.011,0.091,0.47,0.17669999999999997,AMBER,83.2,80.1
Mariakani,Kilifi,2023-11-20,117,138,101,71,122,795,40,76,132.25,1.0434782608695652,895.0,0.888268156424581,159.5,0.6332288401253918,174.75,0.698140200286123,75.25,0.9435215946843853,108.75,0.6988505747126437,49.0,2.3877551020408165,52.0,0.7692307692307693,0.021,0.0,0.347,0.11144999999999998,GREEN,80.6,79.3
Mariakani,Kilifi,2023-11-27,123,92,90,49,123,391,42,89,134.75,0.6827458256029685,873.25,0.4477526481534498,94.5,0.9523809523809523,167.5,0.7343283582089553,77.0,0.6363636363636364,92.5,0.9621621621621622,69.75,1.7634408602150538,49.5,0.8484848484848485,0.0,0.0,0.191,0.0573,GREEN,63.4,76.5
Mariakani,Kilifi,2023-12-04,137,94,74,57,163,214,62,71,124.25,0.7565392354124748,728.25,0.2938551321661517,93.0,0.7956989247311828,147.75,1.1032148900169205,71.25,0.8,87.0,0.8160919540229885,94.5,1.4497354497354498,47.0,1.3191489361702127,0.0,0.028,0.166,0.0596,GREEN,54.6,75.4
Mariakani,Kilifi,2023-12-11,150,67,47,55,107,271,79,273,114.25,0.5864332603938731,555.25,0.4880684376407024,90.25,0.5207756232686981,150.75,0.7097844112769486,66.0,0.8333333333333334,76.75,3.55700325732899,118.0,1.271186440677966,51.25,1.5414634146341464,0.0,0.0,0.84,0.252,AMBER,36.8,74.7
Mariakani,Kilifi,2023-12-18,96,77,84,71,117,418,93,546,97.75,0.7877237851662404,417.75,1.0005984440454818,78.0,1.0769230769230769,128.75,0.9087378640776699,58.0,1.2241379310344827,127.25,4.2907662082514735,131.75,0.7286527514231499,55.75,1.6681614349775784,0.0,0.074,0.911,0.29919999999999997,AMBER,29.8,74.2
Mariakani,Kilifi,2023-12-25,71,96,116,70,173,393,59,483,82.5,1.1636363636363636,323.5,1.21483771251932,73.75,1.5728813559322035,127.5,1.3568627450980393,58.0,1.206896551724138,244.75,1.9734422880490297,126.5,0.5612648221343873,69.0,0.855072463768116,0.121,0.306,0.26,0.22744999999999999,AMBER,14.6,71.5
Mariakani,Kilifi,2024-01-01,37,84,84,46,154,294,40,336,83.5,1.0059880239520957,324.0,0.9074074074074074,80.25,1.0467289719626167,140.0,1.1,63.25,0.7272727272727273,343.25,0.9788783685360525,113.5,0.32599118942731276,73.25,0.5460750853242321,0.003,0.04,0.0,0.01505,GREEN,18.5,70.9
Mariakani,Kilifi,2024-01-08,48,85,97,63,139,358,46,438,81.0,1.0493827160493827,344.0,1.0406976744186047,82.75,1.1722054380664653,137.75,1.0090744101633393,60.5,1.0413223140495869,409.5,1.0695970695970696,88.5,0.5423728813559322,67.75,0.6789667896678967,0.032,0.061,0.019,0.03824999999999999,GREEN,11.2,73.7
Mariakani,Kilifi,2024-01-15,36,125,106,79,170,459,42,344,85.5,1.4619883040935673,365.75,1.2549555707450444,95.25,1.1128608923884515,145.75,1.1663807890222984,62.5,1.264,450.75,0.7631724902939545,63.0,0.5714285714285714,59.5,0.7058823529411765,0.27,0.138,0.0,0.1428,GREEN,9.8,75.7
Mariakani,Kilifi,2024-01-22,35,117,110,88,176,428,42,171,97.5,1.2,376.0,1.1382978723404256,100.75,1.0918114143920596,159.0,1.1069182389937107,64.5,1.3643410852713178,400.25,0.42723297938788257,48.0,0.7291666666666666,46.75,0.8983957219251337,0.123,0.14,0.0,0.09204999999999999,GREEN,18.6,74.2
Mariakani,Kilifi,2024-01-29,38,123,120,85,101,515,43,36,102.75,1.197080291970803,384.75,1.3385315139701104,99.25,1.2090680100755669,159.75,0.6322378716744914,69.0,1.2318840579710144,322.25,0.11171450737005431,39.0,0.9743589743589743,42.5,1.011764705882353,0.161,0.113,0.002,0.0965,GREEN,14.6,71.1
Mariakani,Kilifi,2024-02-05,50,143,110,75,137,434,66,49,112.5,1.271111111111111,440.0,0.9863636363636363,108.25,1.0161662817551964,146.5,0.9351535836177475,78.75,0.9523809523809523,247.25,0.19817997977755308,39.25,1.2738853503184713,43.25,1.5260115606936415,0.129,0.005,0.156,0.0937,GREEN,17.6,70.0
Mariakani,Kilifi,2024-02-12,52,113,93,83,186,521,75,89,127.0,0.889763779527559,459.0,1.1350762527233116,111.5,0.8340807174887892,146.0,1.273972602739726,81.75,1.0152905198776758,150.0,0.5933333333333334,39.75,1.3081761006289307,48.25,1.5544041450777202,0.027,0.077,0.169,0.08710000000000001,GREEN,10.6,70.4
Mariakani,Kilifi,2024-02-19,65,121,79,61,130,460,72,102,124.0,0.9758064516129032,474.5,0.9694415173867229,108.25,0.7297921478060047,150.0,0.8666666666666667,82.75,0.7371601208459214,86.25,1.182608695652174,43.75,1.4857142857142858,56.5,1.2743362831858407,0.0,0.0,0.216,0.0648,GREEN,7.9,73.7
Mariakani,Kilifi,2024-02-26,60,75,75,60,141,292,95,76,125.0,0.6,482.5,0.6051813471502591,100.5,0.746268656716418,138.5,1.0180505415162455,76.0,0.7894736842105263,69.0,1.1014492753623188,51.25,1.170731707317073,64.0,1.484375,0.0,0.005,0.15,0.04675,GREEN,11.0,72.6
Mariakani,Kilifi,2024-03-04,66,53,120,55,114,237,83,90,113.0,0.4690265486725664,426.75,0.5553602811950791,89.25,1.3445378151260505,148.5,0.7676767676767676,69.75,0.7885304659498208,79.0,1.139240506329114,56.75,1.1629955947136563,77.0,1.077922077922078,0.0,0.098,0.091,0.061599999999999995,GREEN,25.0,72.2
Mariakani,Kilifi,2024-03-11,153,78,130,64,154,306,89,97,90.5,0.861878453038674,377.5,0.8105960264900662,91.75,1.4168937329700273,142.75,1.0788091068301227,64.75,0.9884169884169884,89.25,1.0868347338935573,60.75,2.5185185185185186,81.25,1.0953846153846154,0.0,0.139,0.419,0.17434999999999998,AMBER,42.1,74.7
Mariakani,Kilifi,2024-03-18,113,57,163,73,118,366,62,79,81.75,0.6972477064220184,323.75,1.1305019305019306,101.0,1.613861386138614,134.75,0.87569573283859,60.0,1.2166666666666666,91.25,0.8657534246575342,86.0,1.313953488372093,84.75,0.7315634218289085,0.026,0.224,0.078,0.1109,GREEN,62.6,77.5
Mariakani,Kilifi,2024-03-25,300,126,182,80,173,356,58,76,65.75,1.9163498098859315,300.25,1.1856786011656952,122.0,1.4918032786885247,131.75,1.3130929791271346,63.0,1.2698412698412698,85.5,0.8888888888888888,98.0,3.061224489795918,82.25,0.7051671732522796,0.472,0.286,0.515,0.41979999999999995,RED,74.9,75.7
Mariakani,Kilifi,2024-04-01,189,100,203,131,171,373,50,64,78.5,1.2738853503184713,316.25,1.1794466403162056,148.75,1.3647058823529412,139.75,1.223613595706619,68.0,1.9264705882352942,85.5,0.7485380116959064,158.0,1.1962025316455696,73.0,0.684931506849315,0.166,0.379,0.049,0.20544999999999997,AMBER,89.5,78.4
Mariakani,Kilifi,2024-04-08,240,110,219,159,155,541,45,41,90.25,1.2188365650969528,350.25,1.5446109921484654,169.5,1.2920353982300885,154.0,1.0064935064935066,87.0,1.8275862068965518,79.0,0.5189873417721519,188.75,1.271523178807947,64.75,0.694980694980695,0.213,0.278,0.068,0.19225,AMBER,80.8,80.4
Mariakani,Kilifi,2024-04-15,231,381,105,134,152,518,46,50,98.25,3.877862595419847,409.0,1.2665036674816625,191.75,0.5475880052151239,154.25,0.9854132901134521,110.75,1.2099322799097065,65.0,0.7692307692307693,210.5,1.0973871733966747,53.75,0.8558139534883721,1.42,0.049,0.024,0.5213499999999999,RED,79.5,79.6
Mariakani,Kilifi,2024-04-22,100,326,79,140,169,481,48,53,179.25,1.8186889818688983,447.0,1.0760626398210291,177.25,0.44569816643159377,162.75,1.0384024577572966,126.0,1.1111111111111112,57.75,0.9177489177489178,240.0,0.4166666666666667,49.75,0.964824120603015,0.404,0.036,0.0,0.154,AMBER,82.6,79.8
Mariakani,Kilifi,2024-04-29,129,264,85,110,163,363,59,53,229.25,1.1515812431842967,478.25,0.7590172503920544,151.5,0.5610561056105611,161.75,1.007727975270479,141.0,0.7801418439716312,52.0,1.0192307692307692,190.0,0.6789473684210526,47.25,1.2486772486772486,0.072,0.002,0.047,0.039999999999999994,GREEN,70.6,79.4
Mariakani,Kilifi,2024-05-06,40,164,79,123,132,394,50,39,270.25,0.606845513413506,475.75,0.8281660535995796,122.0,0.6475409836065574,159.75,0.8262910798122066,135.75,0.9060773480662984,49.25,0.7918781725888325,175.0,0.22857142857142856,49.5,1.0101010101010102,0.0,0.0,0.002,0.0006,GREEN,58.5,79.1
Mariakani,Kilifi,2024-05-13,39,221,48,35,112,239,42,58,283.75,0.7788546255506608,439.0,0.5444191343963554,87.0,0.5517241379310345,154.0,0.7272727272727273,126.75,0.27613412228796846,48.75,1.1897435897435897,125.0,0.312,50.75,0.8275862068965517,0.0,0.0,0.051,0.015299999999999998,GREEN,48.2,75.0
Mariakani,Kilifi,2024-05-20,46,262,95,64,121,346,45,54,243.75,1.074871794871795,369.25,0.937034529451591,72.75,1.3058419243986255,144.0,0.8402777777777778,102.0,0.6274509803921569,50.75,1.064039408866995,77.0,0.5974025974025974,49.75,0.9045226130653267,0.036,0.087,0.017,0.04814999999999999,GREEN,31.3,73.5
Mariakani,Kilifi,2024-05-27,36,128,91,67,139,291,56,44,227.75,0.562019758507135,335.5,0.8673621460506706,76.75,1.1856677524429968,132.0,1.053030303030303,83.0,0.8072289156626506,51.0,0.8627450980392157,63.5,0.5669291338582677,49.0,1.1428571428571428,0.0,0.067,0.024,0.030649999999999997,GREEN,4.4,71.1
Mariakani,Kilifi,2024-06-03,34,101,104,95,144,400,51,67,193.75,0.5212903225806451,317.5,1.2598425196850394,78.25,1.329073482428115,126.0,1.1428571428571428,72.25,1.314878892733564,48.75,1.3743589743589744,40.25,0.84472049689441,48.25,1.0569948186528497,0.052,0.205,0.109,0.12264999999999998,GREEN,13.7,71.7
Mariakani,Kilifi,2024-06-10,40,93,125,75,159,435,56,50,178.0,0.5224719101123596,319.0,1.3636363636363635,84.5,1.4792899408284024,129.0,1.2325581395348837,65.25,1.1494252873563218,55.75,0.8968609865470852,38.75,1.032258064516129,48.5,1.1546391752577319,0.073,0.233,0.034,0.1173,GREEN,5.5,71.7
Mariakani,Kilifi,2024-06-17,42,140,96,77,192,452,42,50,146.0,0.958904109589041,368.0,1.2282608695652173,103.75,0.9253012048192771,140.75,1.3641207815275311,75.25,1.0232558139534884,53.75,0.9302325581395349,39.0,1.0769230769230769,52.0,0.8076923076923077,0.046,0.103,0.019,0.05785,GREEN,4.8,71.9
Mariakani,Kilifi,2024-06-24,54,115,113,86,191,357,49,70,115.5,0.9956709956709957,394.5,0.9049429657794676,104.0,1.0865384615384615,158.5,1.2050473186119874,78.5,1.0955414012738853,52.75,1.3270142180094786,38.0,1.4210526315789473,51.25,0.9560975609756097,0.0,0.101,0.192,0.09295,GREEN,5.3,75.4
Mariakani,Kilifi,2024-07-01,53,121,96,72,132,459,58,95,112.25,1.0779510022271714,411.0,1.1167883211678833,109.5,0.8767123287671232,171.5,0.7696793002915452,83.25,0.8648648648648649,59.25,1.6033755274261603,42.5,1.2470588235294118,49.5,1.1717171717171717,0.06,0.0,0.251,0.0963,GREEN,10.7,70.4
Mariakani,Kilifi,2024-07-08,53,122,197,70,129,424,67,91,117.25,1.0405117270788913,425.75,0.9958896065766295,107.5,1.8325581395348838,168.5,0.7655786350148368,77.5,0.9032258064516129,66.25,1.3735849056603773,47.25,1.1216931216931216,51.25,1.3073170731707318,0.019,0.236,0.181,0.14354999999999998,GREEN,14.9,70.6
Mariakani,Kilifi,2024-07-15,88,87,157,67,117,273,64,98,124.5,0.6987951807228916,423.0,0.6453900709219859,125.5,1.250996015936255,161.0,0.7267080745341615,76.25,0.8786885245901639,76.5,1.2810457516339868,50.5,1.7425742574257426,54.0,1.1851851851851851,0.0,0.071,0.291,0.11214999999999999,GREEN,10.9,71.7
Mariakani,Kilifi,2024-07-22,55,66,187,48,109,199,81,76,111.25,0.5932584269662922,378.25,0.5261070720423001,140.75,1.3285968028419184,142.25,0.7662565905096661,73.75,0.6508474576271186,88.5,0.8587570621468926,62.0,0.8870967741935484,59.5,1.361344537815126,0.0,0.093,0.06,0.05055,GREEN,5.1,73.4
Mariakani,Kilifi,2024-07-29,65,85,168,69,97,271,79,89,99.0,0.8585858585858586,338.75,0.8,159.25,1.054945054945055,121.75,0.7967145790554415,64.25,1.0739299610894941,90.0,0.9888888888888889,62.25,1.0441767068273093,67.5,1.1703703703703703,0.0,0.033,0.039,0.02325,GREEN,11.4,73.2
Mariakani,Kilifi,2024-08-05,67,130,224,50,129,394,86,76,90.0,1.4444444444444444,291.75,1.350471293916024,177.25,1.2637517630465445,113.0,1.1415929203539823,63.5,0.7874015748031497,88.5,0.8587570621468926,65.25,1.0268199233716475,72.75,1.1821305841924399,0.281,0.112,0.037,0.14865,GREEN,7.8,71.1
Mariakani,Kilifi,2024-08-12,64,227,160,91,129,378,47,82,92.0,2.467391304347826,284.25,1.3298153034300793,184.0,0.8695652173913043,113.0,1.1415929203539823,58.5,1.5555555555555556,84.75,0.967551622418879,68.75,0.9309090909090909,77.5,0.6064516129032258,0.763,0.167,0.0,0.3255,AMBER,10.3,71.8
Mariakani,Kilifi,2024-08-19,43,246,122,57,183,436,48,71,127.0,1.937007874015748,310.5,1.4041867954911433,184.75,0.6603518267929634,116.0,1.5775862068965518,64.5,0.8837209302325582,80.75,0.8792569659442725,62.75,0.6852589641434262,73.25,0.6552901023890785,0.526,0.154,0.0,0.238,AMBER,9.4,69.4
Mariakani,Kilifi,2024-08-26,28,231,122,95,423,383,92,65,172.0,1.3430232558139534,369.75,1.0358350236646383,168.5,0.7240356083086054,134.5,3.1449814126394053,66.75,1.4232209737827715,79.5,0.8176100628930818,59.75,0.4686192468619247,65.0,1.4153846153846155,0.17,0.671,0.069,0.31505,AMBER,3.5,70.5
Mariakani,Kilifi,2024-09-02,35,162,105,56,388,578,84,36,208.5,0.7769784172661871,397.75,1.453174104336895,157.0,0.6687898089171974,216.0,1.7962962962962963,73.25,0.764505119453925,73.5,0.4897959183673469,50.5,0.693069306930693,68.25,1.2307692307692308,0.091,0.212,0.038,0.11744999999999997,GREEN,10.2,69.0
Mariakani,Kilifi,2024-09-09,43,191,95,95,902,1113,82,48,216.5,0.8822170900692841,443.75,2.508169014084507,127.25,0.7465618860510805,280.75,3.2128227960819236,74.75,1.2709030100334449,63.5,0.7559055118110236,42.5,1.011764705882353,67.75,1.2103321033210332,0.302,0.653,0.038,0.34565,AMBER,5.1,74.0
Mariakani,Kilifi,2024-09-16,42,119,95,69,912,1142,97,63,207.5,0.5734939759036145,627.5,1.8199203187250996,111.0,0.8558558558558559,474.0,1.9240506329113924,75.75,0.9108910891089109,55.0,1.1454545454545455,37.25,1.1275167785234899,76.5,1.2679738562091503,0.164,0.246,0.115,0.178,AMBER,8.1,69.2
Mariakani,Kilifi,2024-09-23,42,166,105,50,784,875,69,41,175.75,0.9445234708392604,804.0,1.0883084577114428,104.25,1.0071942446043165,656.25,1.1946666666666668,78.75,0.6349206349206349,53.0,0.7735849056603774,37.0,1.135135135135135,88.75,0.7774647887323943,0.018,0.054,0.034,0.0354,GREEN,7.9,72.6
Mariakani,Kilifi,2024-09-30,43,396,49,63,900,633,168,59,159.5,2.4827586206896552,927.0,0.6828478964401294,100.0,0.49,746.5,1.2056262558606832,67.5,0.9333333333333333,47.0,1.2553191489361701,40.5,1.0617283950617284,83.0,2.0240963855421685,0.704,0.055,0.254,0.34185,AMBER,30.0,73.6
Mariakani,Kilifi,2024-10-07,46,433,87,49,408,803,91,61,218.0,1.9862385321100917,940.75,0.8535742758437417,86.0,1.0116279069767442,874.5,0.4665523156089194,69.25,0.7075812274368231,52.75,1.1563981042654028,42.5,1.0823529411764705,104.0,0.875,0.468,0.003,0.062,0.18345,AMBER,43.6,78.4
Mariakani,Kilifi,2024-10-14,34,569,77,156,363,868,73,52,278.5,2.043087971274686,863.25,1.0055024616275703,84.0,0.9166666666666666,751.0,0.4833555259653795,57.75,2.7012987012987013,56.0,0.9285714285714286,43.25,0.7861271676300579,106.25,0.6870588235294117,0.497,0.397,0.0,0.31289999999999996,AMBER,71.3,80.1
Mariakani,Kilifi,2024-10-21,32,545,98,247,167,387,107,41,391.0,1.39386189258312,794.75,0.4869455803711859,79.5,1.2327044025157232,613.75,0.2720977596741344,79.5,3.106918238993711,53.25,0.7699530516431925,41.25,0.7757575757575758,100.25,1.0673316708229426,0.187,0.558,0.011,0.26405,AMBER,75.8,77.3
Mariakani,Kilifi,2024-10-28,41,632,100,199,197,378,97,52,485.75,1.301080802882141,672.75,0.5618729096989966,77.75,1.2861736334405145,459.5,0.42872687704026113,128.75,1.5456310679611651,53.25,0.9765258215962441,38.75,1.0580645161290323,109.75,0.8838268792710706,0.143,0.208,0.015,0.12735,GREEN,83.3,77.4
Mariakani,Kilifi,2024-11-04,32,308,99,235,158,380,93,64,544.75,0.5653969710876549,609.0,0.6239737274220033,90.5,1.0939226519337018,283.75,0.5568281938325991,162.75,1.443932411674347,51.5,1.2427184466019416,38.25,0.8366013071895425,92.0,1.0108695652173914,0.0,0.13,0.067,0.06559999999999999,GREEN,91.2,81.0
Mariakani,Kilifi,2024-11-11,38,99,103,318,136,585,48,79,513.5,0.19279454722492698,503.25,1.1624441132637855,93.5,1.1016042780748663,221.25,0.6146892655367232,209.25,1.5197132616487454,52.25,1.5119617224880382,34.75,1.0935251798561152,92.5,0.518918918918919,0.032,0.15,0.16,0.1117,GREEN,86.8,78.8
Mariakani,Kilifi,2024-11-18,64,115,81,297,119,432,64,76,396.0,0.2904040404040404,432.5,0.9988439306358381,100.0,0.81,164.5,0.723404255319149,249.75,1.1891891891891893,59.0,1.2881355932203389,35.75,1.7902097902097902,86.25,0.7420289855072464,0.0,0.044,0.274,0.0976,GREEN,78.3,81.2
Mariakani,Kilifi,2024-11-25,63,58,103,122,177,448,63,70,288.5,0.20103986135181975,443.75,1.0095774647887323,95.75,1.0757180156657964,152.5,1.160655737704918,262.25,0.4652049571020019,67.75,1.033210332103321,43.75,1.44,75.5,0.8344370860927153,0.002,0.064,0.119,0.05879999999999999,GREEN,73.8,77.9
Mariakani,Kilifi,2024-12-02,64,74,57,103,127,270,78,110,145.0,0.5103448275862069,461.25,0.5853658536585366,96.5,0.5906735751295337,147.5,0.8610169491525423,243.0,0.42386831275720166,72.25,1.5224913494809689,49.25,1.299492385786802,67.0,1.164179104477612,0.0,0.0,0.242,0.0726,GREEN,60.7,73.6
Mariakani,Kilifi,2024-12-09,66,69,71,95,115,195,83,100,86.5,0.7976878612716763,433.75,0.4495677233429395,86.0,0.8255813953488372,139.75,0.8228980322003577,210.0,0.4523809523809524,83.75,1.1940298507462686,57.25,1.1528384279475983,63.25,1.3122529644268774,0.0,0.0,0.142,0.04259999999999999,GREEN,40.3,73.0
Mariakani,Kilifi,2024-12-16,63,96,74,45,119,262,72,75,79.0,1.2151898734177216,336.25,0.779182156133829,78.0,0.9487179487179487,134.5,0.8847583643122676,154.25,0.2917341977309562,89.0,0.8426966292134831,64.25,0.980544747081712,72.0,1.0,0.102,0.0,0.0,0.035699999999999996,GREEN,38.0,75.6
Mariakani,Kilifi,2024-12-23,71,105,74,61,120,344,67,86,74.25,1.4141414141414141,293.75,1.171063829787234,76.25,0.9704918032786886,134.5,0.8921933085501859,91.25,0.6684931506849315,88.75,0.9690140845070423,64.0,1.109375,74.0,0.9054054054054054,0.231,0.0,0.027,0.08895,GREEN,10.5,73.9
Mariakani,Kilifi,2024-12-30,30,65,81,61,109,308,47,55,86.0,0.7558139534883721,267.75,1.1503267973856208,69.0,1.173913043478261,120.25,0.9064449064449065,76.0,0.8026315789473685,92.75,0.5929919137466307,66.0,0.45454545454545453,75.0,0.6266666666666667,0.03,0.049,0.0,0.027649999999999997,GREEN,4.0,71.8
Mombasa,Mombasa,2023-01-02,32,95,101,63,162,326,42,56,,,,,,,,,,,,,,,,,0.0,0.0,0.0,0.0,GREEN,8.3,80.7
Mombasa,Mombasa,2023-01-09,32,83,107,88,170,381,38,48,95.0,0.8736842105263158,326.0,1.1687116564417177,101.0,1.0594059405940595,162.0,1.0493827160493827,63.0,1.3968253968253967,56.0,0.8571428571428571,32.0,1.0,42.0,0.9047619047619048,0.034,0.123,0.0,0.05495,GREEN,13.3,79.5
Mombasa,Mombasa,2023-01-16,42,108,112,83,159,408,39,40,89.0,1.2134831460674158,353.5,1.1541725601131543,104.0,1.0769230769230769,166.0,0.9578313253012049,75.5,1.099337748344371,52.0,0.7692307692307693,32.0,1.3125,40.0,0.975,0.132,0.045,0.078,0.08535,GREEN,7.7,78.6
Mombasa,Mombasa,2023-01-23,37,125,115,94,248,504,39,42,95.33333333333333,1.3111888111888113,371.6666666666667,1.3560538116591927,106.66666666666667,1.078125,163.66666666666666,1.5152749490835031,78.0,1.205128205128205,48.0,0.875,35.333333333333336,1.0471698113207546,39.666666666666664,0.9831932773109244,0.219,0.207,0.012,0.15269999999999997,AMBER,21.7,78.8
Mombasa,Mombasa,2023-01-30,73,146,129,96,150,572,45,45,102.75,1.4209245742092458,404.75,1.4132180358245832,108.75,1.186206896551724,184.75,0.8119079837618404,82.0,1.170731707317073,46.5,0.967741935483871,35.75,2.041958041958042,39.5,1.139240506329114,0.283,0.093,0.284,0.2168,AMBER,5.6,80.7
Mombasa,Mombasa,2023-02-06,78,163,98,95,251,525,55,42,115.5,1.4112554112554112,466.25,1.126005361930295,115.75,0.8466522678185745,181.75,1.3810178817056395,90.25,1.0526315789473684,43.75,0.96,46.0,1.6956521739130435,40.25,1.3664596273291925,0.221,0.114,0.235,0.18774999999999997,AMBER,15.9,78.5
Mombasa,Mombasa,2023-02-13,131,109,97,87,208,502,54,65,135.5,0.8044280442804428,502.25,0.9995022399203584,113.5,0.8546255506607929,202.0,1.0297029702970297,92.0,0.9456521739130435,42.25,1.5384615384615385,57.5,2.2782608695652176,44.5,1.2134831460674158,0.0,0.008,0.499,0.1525,AMBER,13.2,78.2
Mombasa,Mombasa,2023-02-20,138,105,100,146,150,356,60,67,135.75,0.7734806629834254,525.75,0.6771279125059438,109.75,0.9111617312072893,214.25,0.7001166861143524,93.0,1.5698924731182795,48.5,1.3814432989690721,79.75,1.7304075235109717,48.25,1.2435233160621761,0.0,0.133,0.325,0.14405,GREEN,10.7,80.3
Mombasa,Mombasa,2023-02-27,144,97,100,105,321,326,71,65,130.75,0.7418738049713193,488.75,0.6670076726342711,106.0,0.9433962264150944,189.75,1.691699604743083,106.0,0.9905660377358491,54.75,1.187214611872146,105.0,1.3714285714285714,53.5,1.3271028037383177,0.0,0.184,0.197,0.1235,GREEN,15.8,79.5
Mombasa,Mombasa,2023-03-06,132,67,103,121,252,233,71,77,118.5,0.5654008438818565,427.25,0.545348156816852,98.75,1.0430379746835443,232.5,1.0838709677419356,108.25,1.117782909930716,59.75,1.288702928870293,122.75,1.075356415478615,60.0,1.1833333333333333,0.0,0.062,0.126,0.0595,GREEN,40.6,79.4
Mombasa,Mombasa,2023-03-13,52,108,90,115,358,331,61,56,94.5,1.1428571428571428,354.25,0.9343683839096684,100.0,0.9,232.75,1.5381310418904404,114.75,1.0021786492374727,68.5,0.8175182481751825,136.25,0.381651376146789,64.0,0.953125,0.068,0.144,0.0,0.07419999999999999,GREEN,62.4,82.4
Mombasa,Mombasa,2023-03-20,65,83,77,109,408,464,67,71,94.25,0.8806366047745358,311.5,1.4895666131621188,98.25,0.7837150127226463,270.25,1.5097132284921368,121.75,0.8952772073921971,66.25,1.0716981132075472,116.5,0.5579399141630901,65.75,1.0190114068441065,0.098,0.136,0.022,0.0885,GREEN,80.9,80.9
Mombasa,Mombasa,2023-03-27,59,129,102,306,428,470,54,68,88.75,1.4535211267605634,338.5,1.3884785819793206,92.5,1.1027027027027028,334.75,1.2785660941000747,112.5,2.72,67.25,1.0111524163568772,98.25,0.6005089058524173,67.5,0.8,0.293,0.505,0.003,0.2802,AMBER,90.6,85.0
Mombasa,Mombasa,2023-04-03,44,139,135,160,471,589,47,57,96.75,1.4366925064599483,374.5,1.5727636849132176,93.0,1.4516129032258065,361.5,1.3029045643153527,162.75,0.9831029185867896,68.0,0.8382352941176471,77.0,0.5714285714285714,63.25,0.7430830039525692,0.322,0.209,0.0,0.18585,AMBER,108.6,84.5
Mombasa,Mombasa,2023-04-10,38,152,107,205,204,464,42,50,114.75,1.3246187363834423,463.5,1.0010787486515642,101.0,1.0594059405940595,416.25,0.4900900900900901,172.5,1.1884057971014492,63.0,0.7936507936507936,55.0,0.6909090909090909,57.25,0.7336244541484717,0.154,0.061,0.0,0.07525,GREEN,108.6,84.5
Mombasa,Mombasa,2023-04-17,34,127,99,244,258,416,37,53,125.75,1.0099403578528827,496.75,0.8374433819828888,105.25,0.9406175771971497,377.75,0.6829913964262078,195.0,1.2512820512820513,61.5,0.8617886178861789,51.5,0.6601941747572816,52.5,0.7047619047619048,0.005,0.059,0.0,0.022399999999999996,GREEN,111.7,86.2
Mombasa,Mombasa,2023-04-24,26,133,127,153,229,475,40,44,136.75,0.9725776965265083,484.75,0.9798865394533265,110.75,1.146726862302483,340.25,0.6730345334313005,228.75,0.6688524590163935,57.0,0.7719298245614035,43.75,0.5942857142857143,45.0,0.8888888888888888,0.0,0.042,0.0,0.0147,GREEN,103.8,85.8
Mombasa,Mombasa,2023-05-01,63,100,113,166,163,397,41,52,137.75,0.7259528130671506,486.0,0.8168724279835391,117.0,0.9658119658119658,290.5,0.5611015490533563,190.5,0.8713910761154856,51.0,1.0196078431372548,35.5,1.7746478873239437,41.5,0.9879518072289156,0.0,0.0,0.199,0.0597,GREEN,103.7,83.9
Mombasa,Mombasa,2023-05-08,86,76,72,51,173,342,44,44,128.0,0.59375,438.0,0.7808219178082192,111.5,0.6457399103139013,213.5,0.810304449648712,192.0,0.265625,49.75,0.8844221105527639,40.25,2.1366459627329193,40.0,1.1,0.0,0.0,0.301,0.09029999999999999,GREEN,72.0,85.5
Mombasa,Mombasa,2023-05-15,88,58,68,62,144,262,43,40,109.0,0.5321100917431193,407.5,0.6429447852760736,102.75,0.6618004866180048,205.75,0.6998784933171325,153.5,0.40390879478827363,48.25,0.8290155440414507,52.25,1.6842105263157894,40.5,1.0617283950617284,0.0,0.0,0.181,0.054299999999999994,GREEN,53.6,82.8
Mombasa,Mombasa,2023-05-22,85,68,110,60,148,302,41,42,91.75,0.7411444141689373,369.0,0.8184281842818428,95.0,1.1578947368421053,177.25,0.8349788434414669,108.0,0.5555555555555556,45.0,0.9333333333333333,65.75,1.2927756653992395,42.0,0.9761904761904762,0.0,0.045,0.073,0.03765,GREEN,25.8,81.5
Mombasa,Mombasa,2023-05-29,77,97,119,72,167,401,24,47,75.5,1.2847682119205297,325.75,1.2310053722179586,90.75,1.3112947658402203,157.0,1.0636942675159236,84.75,0.8495575221238938,44.5,1.0561797752808988,80.5,0.9565217391304348,42.25,0.5680473372781065,0.181,0.105,0.015,0.1046,GREEN,14.3,80.6
Mombasa,Mombasa,2023-06-05,86,123,238,73,228,505,40,52,74.75,1.645484949832776,326.75,1.5455241009946443,92.25,2.5799457994579944,158.0,1.4430379746835442,61.25,1.1918367346938776,43.25,1.2023121387283238,84.0,1.0238095238095237,38.0,1.0526315789473684,0.416,0.611,0.069,0.38014999999999993,AMBER,7.7,79.7
Mombasa,Mombasa,2023-06-12,33,122,216,102,204,550,41,45,86.5,1.4104046242774566,367.5,1.4965986394557824,133.75,1.6149532710280374,171.75,1.1877729257641922,66.75,1.5280898876404494,45.25,0.994475138121547,84.0,0.39285714285714285,37.0,1.1081081081081081,0.294,0.348,0.018,0.23009999999999994,AMBER,8.9,82.1
Mombasa,Mombasa,2023-06-19,36,133,326,108,216,449,43,40,102.5,1.2975609756097561,439.5,1.0216154721274175,170.75,1.9092240117130308,186.75,1.1566265060240963,76.75,1.4071661237785016,46.5,0.8602150537634409,70.25,0.5124555160142349,36.5,1.178082191780822,0.146,0.394,0.03,0.198,AMBER,6.4,82.8
Mombasa,Mombasa,2023-06-26,39,150,294,92,247,490,41,67,118.75,1.263157894736842,476.25,1.0288713910761156,224.75,1.3081201334816464,203.75,1.2122699386503069,88.75,1.036619718309859,46.0,1.4565217391304348,58.0,0.6724137931034483,37.0,1.1081081081081081,0.131,0.152,0.14,0.14105,GREEN,6.8,79.7
Mombasa,Mombasa,2023-07-03,39,108,299,76,266,538,38,50,132.0,0.8181818181818182,498.5,1.0792377131394182,268.5,1.1135940409683427,223.75,1.1888268156424582,93.75,0.8106666666666666,51.0,0.9803921568627451,48.5,0.8041237113402062,41.25,0.9212121212121213,0.016,0.083,0.0,0.03465,GREEN,22.3,79.0
Mombasa,Mombasa,2023-07-10,58,140,290,98,162,363,68,63,128.25,1.0916179337231968,506.75,0.7163295510606809,283.75,1.0220264317180616,233.25,0.6945337620578779,94.5,1.037037037037037,50.5,1.2475247524752475,36.75,1.5782312925170068,40.75,1.6687116564417177,0.044,0.015,0.322,0.11725000000000001,GREEN,13.5,81.4
Mombasa,Mombasa,2023-07-17,65,97,79,62,149,294,53,85,132.75,0.7306967984934086,460.0,0.6391304347826087,302.25,0.261373035566584,222.75,0.6689113355780022,93.5,0.6631016042780749,55.0,1.5454545454545454,43.0,1.5116279069767442,47.5,1.1157894736842104,0.0,0.0,0.293,0.08789999999999999,GREEN,18.6,78.0
Mombasa,Mombasa,2023-07-24,77,66,73,40,131,285,78,97,123.75,0.5333333333333333,421.25,0.6765578635014837,240.5,0.30353430353430355,206.0,0.6359223300970874,82.0,0.4878048780487805,66.25,1.4641509433962263,50.25,1.5323383084577114,50.0,1.56,0.0,0.0,0.35,0.105,GREEN,9.7,79.9
Mombasa,Mombasa,2023-07-31,57,84,80,74,156,356,165,80,102.75,0.8175182481751825,370.0,0.9621621621621622,185.25,0.4318488529014845,177.0,0.8813559322033898,69.0,1.0724637681159421,73.75,1.0847457627118644,59.75,0.9539748953974896,59.25,2.7848101265822787,0.0,0.017,0.32,0.10195,GREEN,10.1,80.1
Mombasa,Mombasa,2023-08-07,44,88,92,66,186,341,143,73,96.75,0.9095607235142119,324.5,1.0508474576271187,130.5,0.7049808429118773,149.5,1.2441471571906355,68.5,0.9635036496350365,81.25,0.8984615384615384,64.25,0.6848249027237354,91.0,1.5714285714285714,0.01,0.065,0.095,0.05474999999999999,GREEN,18.6,81.0
Mombasa,Mombasa,2023-08-14,44,117,126,100,179,348,161,61,83.75,1.3970149253731343,319.0,1.0909090909090908,81.0,1.5555555555555556,155.5,1.1511254019292605,60.5,1.6528925619834711,83.75,0.7283582089552239,60.75,0.7242798353909465,109.75,1.4669703872437359,0.207,0.35,0.078,0.21834999999999996,AMBER,13.3,78.6
Mombasa,Mombasa,2023-08-21,39,85,125,87,165,488,144,59,88.75,0.9577464788732394,332.5,1.4676691729323308,92.75,1.3477088948787062,163.0,1.0122699386503067,70.0,1.2428571428571429,77.75,0.7588424437299035,55.5,0.7027027027027027,136.75,1.053016453382084,0.094,0.158,0.009,0.0909,GREEN,14.8,79.3
Mombasa,Mombasa,2023-08-28,34,154,96,102,263,454,117,46,93.5,1.6470588235294117,383.25,1.1846053489889106,105.75,0.9078014184397163,171.5,1.533527696793003,81.75,1.2477064220183487,68.25,0.673992673992674,46.0,0.7391304347826086,153.25,0.763458401305057,0.344,0.2,0.0,0.19039999999999996,AMBER,7.9,79.3
Mombasa,Mombasa,2023-09-04,35,73,136,111,223,354,116,40,111.0,0.6576576576576577,407.75,0.8681790312691601,109.75,1.2391799544419135,198.25,1.12484237074401,88.75,1.2507042253521128,59.75,0.6694560669456067,40.25,0.8695652173913043,141.25,0.8212389380530973,0.0,0.16,0.0,0.055999999999999994,GREEN,13.1,78.2
Mombasa,Mombasa,2023-09-11,35,118,110,71,181,395,35,43,107.25,1.1002331002331003,411.0,0.9610705596107056,120.75,0.9109730848861284,207.5,0.8722891566265061,100.0,0.71,51.5,0.8349514563106796,38.0,0.9210526315789473,134.5,0.26022304832713755,0.048,0.0,0.0,0.0168,GREEN,7.7,82.2
Mombasa,Mombasa,2023-09-18,37,86,118,72,187,425,30,39,107.5,0.8,422.75,1.0053222945002958,116.75,1.0107066381156318,208.0,0.8990384615384616,92.75,0.7762803234501348,47.0,0.8297872340425532,35.75,1.034965034965035,103.0,0.2912621359223301,0.001,0.003,0.009,0.0040999999999999995,GREEN,5.4,80.3
Mombasa,Mombasa,2023-09-25,34,78,78,69,196,319,37,45,107.75,0.7238979118329466,407.0,0.7837837837837838,115.0,0.6782608695652174,213.5,0.9180327868852459,89.0,0.7752808988764045,42.0,1.0714285714285714,35.25,0.9645390070921985,74.5,0.4966442953020134,0.0,0.0,0.019,0.005699999999999999,GREEN,20.4,80.2
Mombasa,Mombasa,2023-10-02,22,62,67,72,115,315,32,46,88.75,0.6985915492957746,373.25,0.8439383791024783,110.5,0.6063348416289592,196.75,0.5844980940279543,80.75,0.891640866873065,41.75,1.1017964071856288,35.25,0.624113475177305,54.5,0.5871559633027523,0.0,0.0,0.027,0.0081,GREEN,44.2,82.2
Mombasa,Mombasa,2023-10-09,34,112,96,62,159,224,42,56,86.0,1.302325581395349,363.5,0.6162310866574966,93.25,1.029490616621984,169.75,0.9366715758468336,71.0,0.8732394366197183,43.25,1.2947976878612717,32.0,1.0625,33.5,1.2537313432835822,0.144,0.008,0.137,0.0943,GREEN,60.1,83.2
Mombasa,Mombasa,2023-10-16,33,87,88,72,139,468,44,41,84.5,1.029585798816568,320.75,1.4590802805923617,89.75,0.9805013927576601,164.25,0.8462709284627092,68.75,1.0472727272727274,46.5,0.8817204301075269,31.75,1.0393700787401574,35.25,1.24822695035461,0.106,0.011,0.051,0.056249999999999994,GREEN,76.5,82.7
Mombasa,Mombasa,2023-10-23,36,134,286,93,190,418,40,44,84.75,1.5811209439528024,331.5,1.2609351432880844,82.25,3.477203647416413,152.25,1.2479474548440066,68.75,1.3527272727272728,47.0,0.9361702127659575,30.75,1.170731707317073,38.75,1.032258064516129,0.328,0.85,0.048,0.4267,RED,86.3,85.7
Mombasa,Mombasa,2023-10-30,31,148,258,84,223,439,39,53,98.75,1.4987341772151899,356.25,1.232280701754386,134.25,1.9217877094972067,150.75,1.4792703150912105,74.75,1.1237458193979932,46.75,1.1336898395721926,31.25,0.992,39.5,0.9873417721518988,0.283,0.418,0.036,0.25614999999999993,AMBER,104.4,83.3
Mombasa,Mombasa,2023-11-06,34,84,303,96,173,1155,37,57,120.25,0.6985446985446986,387.25,2.9825693996126534,182.0,1.664835164835165,177.75,0.9732770745428974,77.75,1.234726688102894,48.5,1.175257731958763,33.5,1.0149253731343284,41.25,0.896969696969697,0.397,0.243,0.05,0.239,AMBER,112.5,86.7
Mombasa,Mombasa,2023-11-13,43,115,314,70,198,1573,54,59,113.25,1.0154525386313467,620.0,2.5370967741935484,233.75,1.3433155080213903,181.25,1.0924137931034483,86.25,0.8115942028985508,48.75,1.2102564102564102,33.5,1.2835820895522387,40.0,1.35,0.315,0.122,0.185,0.20844999999999997,AMBER,109.7,84.4
Mombasa,Mombasa,2023-11-20,45,144,893,116,216,994,40,61,120.25,1.1975051975051976,896.25,1.109065550906555,290.25,3.0766580534022396,196.0,1.1020408163265305,85.75,1.3527696793002915,53.25,1.1455399061032865,36.0,1.25,42.5,0.9411764705882353,0.116,0.698,0.101,0.3151999999999999,AMBER,99.6,88.8
Mombasa,Mombasa,2023-11-27,57,83,767,63,191,1360,50,65,122.75,0.6761710794297352,1040.25,1.3073780341264118,442.0,1.7352941176470589,202.5,0.9432098765432099,91.5,0.6885245901639344,57.5,1.1304347826086956,38.25,1.4901960784313726,42.5,1.1764705882352942,0.061,0.208,0.187,0.15025,AMBER,82.5,84.9
Mombasa,Mombasa,2023-12-04,56,103,290,66,127,783,83,54,106.5,0.9671361502347418,1270.5,0.6162927981109799,569.25,0.5094422485726834,194.5,0.6529562982005142,86.25,0.7652173913043478,60.5,0.8925619834710744,44.75,1.2513966480446927,45.25,1.8342541436464088,0.0,0.0,0.202,0.0606,GREEN,71.8,85.4
Mombasa,Mombasa,2023-12-11,57,68,238,58,137,631,54,66,111.25,0.6112359550561798,1177.5,0.5358811040339703,566.0,0.4204946996466431,183.0,0.7486338797814208,78.75,0.7365079365079366,59.75,1.104602510460251,50.25,1.1343283582089552,56.75,0.9515418502202643,0.0,0.0,0.061,0.0183,GREEN,56.5,82.4
Mombasa,Mombasa,2023-12-18,31,86,272,89,167,268,70,238,99.5,0.864321608040201,942.0,0.28450106157112526,547.0,0.49725776965265084,167.75,0.9955290611028316,75.75,1.174917491749175,61.5,3.869918699186992,53.75,0.5767441860465117,56.75,1.2334801762114538,0.0,0.041,0.804,0.25555,AMBER,32.4,79.6
Mombasa,Mombasa,2023-12-25,43,105,285,63,179,348,68,214,85.0,1.2352941176470589,760.5,0.45759368836291914,391.75,0.7275047862156988,155.5,1.1511254019292605,69.0,0.9130434782608695,105.75,2.023640661938534,50.25,0.8557213930348259,64.25,1.0583657587548638,0.112,0.04,0.283,0.1381,GREEN,14.5,82.0
Mombasa,Mombasa,2024-01-01,27,91,107,90,179,372,28,154,90.5,1.0055248618784531,507.5,0.7330049261083744,271.25,0.39447004608294933,152.5,1.1737704918032787,69.0,1.3043478260869565,143.0,1.0769230769230769,46.75,0.5775401069518716,68.75,0.4072727272727273,0.003,0.117,0.021,0.0483,GREEN,19.5,79.9
Mombasa,Mombasa,2024-01-08,34,89,112,88,160,478,29,137,87.5,1.0171428571428571,404.75,1.1809759110562075,225.5,0.49667405764966743,165.5,0.9667673716012085,75.0,1.1733333333333333,168.0,0.8154761904761905,39.5,0.8607594936708861,55.0,0.5272727272727272,0.044,0.04,0.0,0.029399999999999996,GREEN,7.1,79.3
Mombasa,Mombasa,2024-01-15,39,113,98,92,205,400,46,125,92.75,1.2183288409703503,366.5,1.0914051841746248,194.0,0.5051546391752577,171.25,1.197080291970803,82.5,1.1151515151515152,185.75,0.6729475100942126,33.75,1.1555555555555554,48.75,0.9435897435897436,0.122,0.079,0.039,0.08205,GREEN,11.6,78.0
Mombasa,Mombasa,2024-01-22,32,1003,134,78,168,470,33,148,99.5,10.080402010050252,399.5,1.1764705882352942,150.5,0.8903654485049833,180.75,0.9294605809128631,83.25,0.9369369369369369,157.5,0.9396825396825397,35.75,0.8951048951048951,42.75,0.7719298245614035,1.46,0.0,0.0,0.511,RED,10.4,82.5
Mombasa,Mombasa,2024-01-29,37,999,141,102,158,520,33,62,324.0,3.0833333333333335,430.0,1.2093023255813953,112.75,1.2505543237250554,178.0,0.8876404494382022,87.0,1.1724137931034482,141.0,0.4397163120567376,33.0,1.121212121212121,34.0,0.9705882352941176,1.031,0.111,0.03,0.40869999999999995,RED,8.3,81.1
Mombasa,Mombasa,2024-02-05,44,1000,121,82,514,450,44,52,551.0,1.8148820326678765,467.0,0.9635974304068522,121.25,0.9979381443298969,172.75,2.975397973950796,90.0,0.9111111111111111,118.0,0.4406779661016949,35.5,1.2394366197183098,35.25,1.24822695035461,0.387,0.527,0.101,0.35019999999999996,AMBER,6.3,77.8
Mombasa,Mombasa,2024-02-12,48,789,116,103,437,470,47,65,778.75,1.0131621187800963,460.0,1.0217391304347827,123.5,0.9392712550607287,261.25,1.6727272727272726,88.5,1.1638418079096045,96.75,0.6718346253229974,38.0,1.263157894736842,39.0,1.205128205128205,0.011,0.218,0.1,0.11015,GREEN,6.5,77.6
Mombasa,Mombasa,2024-02-19,56,857,73,68,369,390,66,79,947.75,0.9042469005539435,477.5,0.8167539267015707,128.0,0.5703125,319.25,1.1558339859044635,91.25,0.7452054794520548,81.75,0.9663608562691132,40.25,1.391304347826087,39.25,1.6815286624203822,0.0,0.042,0.211,0.078,GREEN,6.9,81.9
Mombasa,Mombasa,2024-02-26,57,667,81,68,292,314,53,69,911.25,0.7319615912208505,457.5,0.6863387978142077,112.75,0.7184035476718403,369.5,0.790257104194858,88.75,0.7661971830985915,64.5,1.069767441860465,46.25,1.2324324324324325,47.5,1.1157894736842104,0.0,0.0,0.096,0.0288,GREEN,24.9,81.1
Mombasa,Mombasa,2024-03-04,55,52,88,54,330,201,47,91,828.25,0.06278297615454272,406.0,0.49507389162561577,97.75,0.9002557544757033,403.0,0.8188585607940446,80.25,0.6728971962616822,66.25,1.3735849056603773,51.25,1.0731707317073171,52.5,0.8952380952380953,0.0,0.0,0.118,0.035399999999999994,GREEN,32.1,83.6
Mombasa,Mombasa,2024-03-11,58,80,82,59,698,333,76,57,591.25,0.13530655391120508,343.75,0.9687272727272728,89.5,0.9162011173184358,357.0,1.9551820728291316,73.25,0.8054607508532423,76.0,0.75,54.0,1.0740740740740742,53.25,1.4272300469483568,0.0,0.255,0.09,0.11624999999999999,GREEN,57.4,82.5
Mombasa,Mombasa,2024-03-18,63,90,103,88,525,446,51,66,414.0,0.21739130434782608,309.5,1.4410339256865912,81.0,1.271604938271605,422.25,1.2433392539964476,62.25,1.4136546184738956,74.0,0.8918918918918919,56.5,1.1150442477876106,60.5,0.8429752066115702,0.088,0.238,0.029,0.12279999999999998,GREEN,74.1,83.0
Mombasa,Mombasa,2024-03-25,50,102,101,94,535,389,49,61,222.25,0.45894263217097864,323.5,1.2024729520865534,88.5,1.1412429378531073,461.25,1.1598915989159893,67.25,1.3977695167286246,70.75,0.8621908127208481,58.25,0.8583690987124464,56.75,0.8634361233480177,0.04,0.175,0.0,0.07524999999999998,GREEN,103.5,87.5
Mombasa,Mombasa,2024-04-01,41,117,127,109,414,334,53,56,81.0,1.4444444444444444,342.25,0.9758948137326515,93.5,1.358288770053476,522.0,0.7931034482758621,73.75,1.4779661016949153,68.75,0.8145454545454546,56.5,0.7256637168141593,55.75,0.9506726457399103,0.211,0.213,0.0,0.14839999999999998,GREEN,104.6,88.8
Mombasa,Mombasa,2024-04-08,29,141,132,69,550,461,39,32,97.25,1.4498714652956297,375.5,1.2276964047936085,103.25,1.278450363196126,543.0,1.0128913443830572,87.5,0.7885714285714286,60.0,0.5333333333333333,53.0,0.5471698113207547,57.25,0.6812227074235808,0.259,0.082,0.0,0.11935,GREEN,112.2,84.0
Mombasa,Mombasa,2024-04-15,40,114,130,107,741,580,46,54,112.5,1.0133333333333334,407.5,1.4233128834355828,115.75,1.123110151187905,506.0,1.4644268774703557,90.0,1.1888888888888889,53.75,1.0046511627906978,45.75,0.8743169398907104,48.0,0.9583333333333334,0.091,0.203,0.001,0.10319999999999999,GREEN,119.4,86.2
Mombasa,Mombasa,2024-04-22,26,121,96,120,228,521,44,48,118.5,1.021097046413502,441.0,1.18140589569161,122.5,0.7836734693877551,560.0,0.40714285714285714,94.75,1.266490765171504,50.75,0.9458128078817734,40.0,0.65,46.75,0.9411764705882353,0.046,0.062,0.0,0.0378,GREEN,101.9,85.7
Mombasa,Mombasa,2024-04-29,25,105,107,74,154,620,36,53,123.25,0.8519269776876268,474.0,1.3080168776371308,121.25,0.8824742268041237,483.25,0.31867563372995344,101.25,0.7308641975308642,47.5,1.1157894736842104,34.0,0.7352941176470589,45.5,0.7912087912087912,0.062,0.0,0.031,0.030999999999999996,GREEN,82.7,82.5
Mombasa,Mombasa,2024-05-06,35,77,114,89,171,1469,45,56,120.25,0.6403326403326404,545.5,2.692942254812099,116.25,0.9806451612903225,418.25,0.4088463837417812,92.5,0.9621621621621622,46.75,1.1978609625668448,30.0,1.1666666666666667,41.25,1.0909090909090908,0.339,0.0,0.11,0.15165,AMBER,65.1,84.6
Mombasa,Mombasa,2024-05-13,29,64,87,56,102,1175,40,110,104.25,0.6139088729016786,797.5,1.4733542319749215,111.75,0.7785234899328859,323.5,0.31530139103554866,97.5,0.5743589743589743,52.75,2.085308056872038,31.5,0.9206349206349206,42.75,0.935672514619883,0.095,0.0,0.289,0.11994999999999997,GREEN,47.9,84.0
Mombasa,Mombasa,2024-05-20,38,98,94,55,122,1683,35,78,91.75,1.0681198910081744,946.25,1.7785997357992074,101.0,0.9306930693069307,163.75,0.7450381679389313,84.75,0.6489675516224189,66.75,1.1685393258426966,28.75,1.3217391304347825,41.25,0.8484848484848485,0.188,0.0,0.125,0.1033,GREEN,34.7,82.5
Mombasa,Mombasa,2024-05-27,25,106,75,76,174,1263,41,145,86.0,1.2325581395348837,1236.75,1.0212249848392965,100.5,0.746268656716418,137.25,1.2677595628415301,68.5,1.1094890510948905,74.25,1.9528619528619529,31.75,0.7874015748031497,39.0,1.0512820512820513,0.115,0.097,0.263,0.1531,AMBER,20.9,78.3
Mombasa,Mombasa,2024-06-03,114,127,112,101,209,1561,31,119,86.25,1.472463768115942,1397.5,1.116994633273703,92.5,1.2108108108108109,142.25,1.4692442882249561,69.0,1.463768115942029,97.25,1.2236503856041132,31.75,3.590551181102362,40.25,0.7701863354037267,0.248,0.293,0.707,0.40145,RED,10.0,79.1
Mombasa,Mombasa,2024-06-10,112,150,153,80,229,801,44,103,98.75,1.518987341772152,1420.5,0.5638859556494192,92.0,1.6630434782608696,151.75,1.5090609555189456,72.0,1.1111111111111112,113.0,0.911504424778761,51.5,2.174757281553398,36.75,1.1972789115646258,0.247,0.35,0.327,0.30705,AMBER,13.7,80.4
Mombasa,Mombasa,2024-06-17,102,138,149,85,234,435,43,135,120.25,1.1476091476091477,1327.0,0.3278070836473248,108.5,1.3732718894009217,183.5,1.2752043596730245,78.0,1.0897435897435896,111.25,1.2134831460674158,72.25,1.411764705882353,37.75,1.1390728476821192,0.07,0.2,0.183,0.1494,GREEN,5.4,82.2
Mombasa,Mombasa,2024-06-24,83,90,131,100,219,549,48,75,130.25,0.690978886756238,1015.0,0.5408866995073892,122.25,1.0715746421267893,211.5,1.0354609929078014,85.5,1.1695906432748537,125.5,0.5976095617529881,88.25,0.9405099150141643,39.75,1.2075471698113207,0.0,0.069,0.035,0.03465,GREEN,7.4,77.9
Mombasa,Mombasa,2024-07-01,105,122,103,87,146,404,88,62,126.25,0.9663366336633663,836.5,0.4829647340107591,136.25,0.7559633027522936,222.75,0.6554433221099888,91.5,0.9508196721311475,108.0,0.5740740740740741,102.75,1.0218978102189782,41.5,2.1204819277108435,0.0,0.0,0.192,0.0576,GREEN,5.8,78.6
Mombasa,Mombasa,2024-07-08,162,94,106,86,174,313,162,81,125.0,0.752,547.25,0.5719506624029237,134.0,0.7910447761194029,207.0,0.8405797101449275,88.0,0.9772727272727273,93.75,0.864,100.5,1.6119402985074627,55.75,2.905829596412556,0.0,0.0,0.471,0.14129999999999998,GREEN,25.2,79.1
Mombasa,Mombasa,2024-07-15,53,111,103,72,176,907,156,64,111.0,1.0,425.25,2.1328630217519104,122.25,0.8425357873210634,193.25,0.9107373868046572,89.5,0.8044692737430168,88.25,0.7252124645892352,113.0,0.4690265486725664,85.25,1.8299120234604105,0.227,0.0,0.138,0.12084999999999999,GREEN,9.9,78.4
Mombasa,Mombasa,2024-07-22,62,72,89,63,139,712,149,57,104.25,0.6906474820143885,543.25,1.310630464795214,110.75,0.8036117381489842,178.75,0.7776223776223776,86.25,0.7304347826086957,70.5,0.8085106382978723,100.75,0.6153846153846154,113.5,1.3127753303964758,0.062,0.0,0.052,0.0373,GREEN,18.4,74.9
Mombasa,Mombasa,2024-07-29,54,79,97,65,158,743,143,85,99.75,0.7919799498746867,584.0,1.2722602739726028,100.25,0.9675810473815462,158.75,0.9952755905511811,77.0,0.8441558441558441,66.0,1.2878787878787878,95.5,0.5654450261780105,138.75,1.0306306306306305,0.054,0.0,0.082,0.0435,GREEN,7.7,77.8
Mombasa,Mombasa,2024-08-05,50,113,119,82,387,969,127,76,89.0,1.2696629213483146,668.75,1.4489719626168225,98.75,1.2050632911392405,161.75,2.39258114374034,71.5,1.1468531468531469,71.75,1.0592334494773519,82.75,0.6042296072507553,152.5,0.8327868852459016,0.218,0.464,0.016,0.24349999999999997,AMBER,11.9,78.3
Mombasa,Mombasa,2024-08-12,30,119,115,75,424,1212,52,59,93.75,1.2693333333333334,832.75,1.4554187931552087,102.0,1.1274509803921569,215.0,1.972093023255814,70.5,1.0638297872340425,70.5,0.8368794326241135,54.75,0.547945205479452,143.75,0.3617391304347826,0.219,0.31,0.0,0.18514999999999998,AMBER,3.4,78.9
Mombasa,Mombasa,2024-08-19,45,94,121,750,302,1416,53,69,95.75,0.9817232375979112,909.0,1.5577557755775577,105.0,1.1523809523809523,277.0,1.0902527075812274,71.25,10.526315789473685,69.25,0.9963898916967509,49.0,0.9183673469387755,117.75,0.45010615711252655,0.112,0.767,0.0,0.30765,AMBER,12.6,80.1
Mombasa,Mombasa,2024-08-26,30,146,116,579,512,437,36,33,101.25,1.4419753086419753,1085.0,0.40276497695852537,113.0,1.0265486725663717,317.75,1.6113296616837136,243.0,2.382716049382716,72.25,0.45674740484429066,44.75,0.6703910614525139,93.75,0.384,0.21,0.493,0.0,0.24605,AMBER,34.0,82.7
Mombasa,Mombasa,2024-09-02,31,119,130,735,421,417,37,37,118.0,1.0084745762711864,1008.5,0.4134853743182945,117.75,1.1040339702760085,406.25,1.0363076923076924,371.5,1.9784656796769853,59.25,0.6244725738396625,38.75,0.8,67.0,0.5522388059701493,0.004,0.267,0.0,0.09485,GREEN,18.6,81.1
Mombasa,Mombasa,2024-09-09,28,143,133,573,448,567,38,41,119.5,1.1966527196652719,870.5,0.6513497989661114,120.5,1.103734439834025,414.75,1.080168776371308,534.75,1.0715287517531558,49.5,0.8282828282828283,34.0,0.8235294117647058,44.5,0.8539325842696629,0.093,0.067,0.0,0.055999999999999994,GREEN,11.6,80.3
Mombasa,Mombasa,2024-09-16,25,102,117,557,115,374,38,43,125.5,0.8127490039840638,709.25,0.5273175890024674,125.0,0.936,420.75,0.27332144979203804,659.25,0.844899507015548,45.0,0.9555555555555556,33.5,0.746268656716418,41.0,0.926829268292683,0.0,0.0,0.0,0.0,GREEN,16.1,79.9
Mombasa,Mombasa,2024-09-23,40,106,76,439,192,338,35,55,127.5,0.8313725490196079,448.75,0.7532033426183844,124.0,0.6129032258064516,374.0,0.5133689839572193,611.0,0.7184942716857611,38.5,1.4285714285714286,28.5,1.4035087719298245,37.25,0.9395973154362416,0.0,0.0,0.215,0.0645,GREEN,15.2,76.6
Mombasa,Mombasa,2024-09-30,37,72,64,50,107,280,38,45,117.5,0.6127659574468085,424.0,0.660377358490566,114.0,0.5614035087719298,294.0,0.36394557823129253,576.0,0.08680555555555555,44.0,1.0227272727272727,31.0,1.1935483870967742,37.0,1.027027027027027,0.0,0.0,0.059,0.017699999999999997,GREEN,33.3,83.3
Mombasa,Mombasa,2024-10-07,37,100,108,51,213,239,41,44,105.75,0.9456264775413712,389.75,0.6132135984605517,97.5,1.1076923076923078,215.5,0.988399071925754,404.75,0.1260037059913527,46.0,0.9565217391304348,32.5,1.1384615384615384,37.25,1.1006711409395973,0.0,0.031,0.051,0.026149999999999996,GREEN,56.4,83.3
Mombasa,Mombasa,2024-10-14,32,96,108,67,232,389,34,36,95.0,1.0105263157894737,307.75,1.264012997562957,91.25,1.1835616438356165,156.75,1.4800637958532696,274.25,0.24430264357338194,46.75,0.7700534759358288,34.75,0.920863309352518,38.0,0.8947368421052632,0.058,0.18,0.0,0.0833,GREEN,72.6,80.7
Mombasa,Mombasa,2024-10-21,24,124,120,83,155,332,38,142,93.5,1.3262032085561497,311.5,1.0658105939004816,89.0,1.348314606741573,186.0,0.8333333333333334,151.75,0.5469522240527183,45.0,3.1555555555555554,36.5,0.6575342465753424,37.0,1.027027027027027,0.168,0.099,0.579,0.26715,AMBER,92.6,85.4
Mombasa,Mombasa,2024-10-28,43,94,126,95,229,464,50,102,98.0,0.9591836734693877,310.0,1.4967741935483871,100.0,1.26,176.75,1.2956152758132957,62.75,1.5139442231075697,66.75,1.5280898876404494,32.5,1.323076923076923,37.75,1.3245033112582782,0.099,0.272,0.276,0.21265,AMBER,107.3,84.7
Mombasa,Mombasa,2024-11-04,35,127,158,108,176,584,39,99,103.5,1.2270531400966183,356.0,1.6404494382022472,115.5,1.367965367965368,207.25,0.8492159227985525,74.0,1.4594594594594594,81.0,1.2222222222222223,34.0,1.0294117647058822,40.75,0.9570552147239264,0.236,0.211,0.067,0.17654999999999998,AMBER,109.1,86.8
Mombasa,Mombasa,2024-11-11,41,98,114,86,185,402,41,254,110.25,0.8888888888888888,442.25,0.9089881288863765,128.0,0.890625,198.0,0.9343434343434344,88.25,0.9745042492917847,94.75,2.6807387862796834,33.5,1.2238805970149254,40.25,1.0186335403726707,0.0,0.0,0.507,0.15209999999999999,AMBER,102.8,85.0
Mombasa,Mombasa,2024-11-18,44,97,135,75,175,331,46,321,110.75,0.8758465011286681,445.5,0.7429854096520763,129.5,1.0424710424710424,186.25,0.9395973154362416,93.0,0.8064516129032258,149.25,2.150753768844221,35.75,1.2307692307692308,42.0,1.0952380952380953,0.0,0.012,0.38,0.11819999999999999,GREEN,101.2,84.7
Mombasa,Mombasa,2024-11-25,36,90,109,62,188,500,49,311,104.0,0.8653846153846154,445.25,1.1229646266142617,133.25,0.8180112570356473,191.25,0.9830065359477124,91.0,0.6813186813186813,194.0,1.6030927835051547,40.75,0.8834355828220859,44.0,1.1136363636363635,0.025,0.0,0.18,0.06275,GREEN,90.0,88.2
Mombasa,Mombasa,2024-12-02,64,96,70,74,162,270,81,151,103.0,0.9320388349514563,454.25,0.5943863511282333,129.0,0.5426356589147286,181.0,0.8950276243093923,82.75,0.8942598187311178,246.25,0.6131979695431472,39.0,1.641025641025641,43.75,1.8514285714285714,0.0,0.0,0.302,0.0906,GREEN,79.8,84.9
Mombasa,Mombasa,2024-12-09,47,66,68,71,107,198,76,133,95.25,0.6929133858267716,375.75,0.5269461077844312,107.0,0.6355140186915887,177.5,0.6028169014084507,74.25,0.9562289562289562,259.25,0.5130183220829315,46.25,1.0162162162162163,54.25,1.400921658986175,0.0,0.0,0.071,0.021299999999999996,GREEN,60.8,81.1
Mombasa,Mombasa,2024-12-16,59,87,84,83,164,405,52,158,87.25,0.997134670487106,324.75,1.2471131639722863,95.5,0.8795811518324608,158.0,1.0379746835443038,70.5,1.177304964539007,229.0,0.6899563318777293,47.75,1.2356020942408377,63.0,0.8253968253968254,0.049,0.051,0.059,0.0527,GREEN,27.8,82.9
Mombasa,Mombasa,2024-12-23,58,101,123,88,170,321,63,76,84.75,1.191740412979351,343.25,0.9351784413692644,82.75,1.486404833836858,155.25,1.0950080515297906,72.5,1.2137931034482758,188.25,0.4037184594953519,51.5,1.1262135922330097,64.5,0.9767441860465116,0.091,0.213,0.032,0.11599999999999999,GREEN,9.7,78.9
Mombasa,Mombasa,2024-12-30,35,101,109,76,112,406,46,57,87.5,1.1542857142857144,298.5,1.3601340033500837,86.25,1.263768115942029,150.75,0.7429519071310116,79.0,0.9620253164556962,129.5,0.44015444015444016,57.0,0.6140350877192983,68.0,0.6764705882352942,0.145,0.075,0.0,0.077,GREEN,1.7,76.6
Nairobi,Nairobi,2023-01-02,55,12,135,83,129,29,71,61,,,,,,,,,,,,,,,,,0.0,0.0,0.0,0.0,GREEN,7.5,61.6
Nairobi,Nairobi,2023-01-09,82,12,116,120,160,68,83,95,12.0,1.0,29.0,2.3448275862068964,135.0,0.8592592592592593,129.0,1.2403100775193798,83.0,1.4457831325301205,61.0,1.5573770491803278,55.0,1.490909090909091,71.0,1.1690140845070423,0.269,0.168,0.3,0.24295,AMBER,6.1,62.3
Nairobi,Nairobi,2023-01-16,62,12,81,96,203,70,57,89,12.0,1.0,48.5,1.443298969072165,125.5,0.6454183266932271,144.5,1.4048442906574394,101.5,0.9458128078817734,78.0,1.141025641025641,68.5,0.9051094890510949,77.0,0.7402597402597403,0.089,0.108,0.038,0.08034999999999999,GREEN,6.8,60.0
Nairobi,Nairobi,2023-01-23,60,13,85,72,245,54,83,83,12.0,1.0833333333333333,55.666666666666664,0.9700598802395209,110.66666666666667,0.7680722891566265,164.0,1.4939024390243902,99.66666666666667,0.7224080267558528,81.66666666666667,1.0163265306122449,66.33333333333333,0.9045226130653267,70.33333333333333,1.180094786729858,0.04,0.132,0.034,0.07039999999999999,GREEN,4.8,59.5
Nairobi,Nairobi,2023-01-30,82,13,147,108,184,56,69,93,12.25,1.0612244897959184,55.25,1.0135746606334841,104.25,1.410071942446043,184.25,0.9986431478968792,92.75,1.1644204851752022,82.0,1.1341463414634145,64.75,1.2664092664092663,73.5,0.9387755102040817,0.032,0.155,0.102,0.09605,GREEN,5.6,60.3
Nairobi,Nairobi,2023-02-06,88,12,158,112,226,64,88,108,12.5,0.96,62.0,1.032258064516129,107.25,1.4731934731934733,198.0,1.1414141414141414,99.0,1.1313131313131313,90.0,1.2,71.5,1.2307692307692308,73.0,1.2054794520547945,0.006,0.202,0.145,0.1163,GREEN,7.5,60.8
Nairobi,Nairobi,2023-02-13,97,17,110,81,246,65,117,149,12.5,1.36,61.0,1.0655737704918034,117.75,0.9341825902335457,214.5,1.1468531468531469,97.0,0.8350515463917526,93.25,1.5978552278820375,73.0,1.3287671232876712,74.25,1.5757575757575757,0.184,0.039,0.338,0.17945,AMBER,10.6,61.9
Nairobi,Nairobi,2023-02-20,88,13,149,77,203,35,124,143,13.75,0.9454545454545454,59.75,0.5857740585774058,125.0,1.192,225.25,0.9012208657047724,93.25,0.8257372654155496,108.25,1.3210161662817552,81.75,1.0764525993883791,89.25,1.3893557422969187,0.0,0.054,0.17,0.0699,GREEN,11.5,62.6
Nairobi,Nairobi,2023-02-27,123,12,124,66,148,28,150,133,13.75,0.8727272727272727,55.0,0.509090909090909,141.0,0.8794326241134752,214.75,0.689173457508731,94.5,0.6984126984126984,123.25,1.079107505070994,88.75,1.3859154929577464,99.5,1.5075376884422111,0.0,0.0,0.202,0.0606,GREEN,11.2,61.0
Nairobi,Nairobi,2023-03-06,161,21,87,130,172,27,113,176,13.5,1.5555555555555556,48.0,0.5625,135.25,0.6432532347504621,205.75,0.8359659781287971,84.0,1.5476190476190477,133.25,1.320825515947467,99.0,1.6262626262626263,119.75,0.9436325678496869,0.264,0.128,0.242,0.2098,AMBER,25.6,61.8
Nairobi,Nairobi,2023-03-13,124,25,108,163,182,42,128,145,15.75,1.5873015873015872,38.75,1.0838709677419356,117.5,0.9191489361702128,192.25,0.9466840052015605,88.5,1.8418079096045197,150.25,0.9650582362728786,117.25,1.0575692963752665,126.0,1.0158730158730158,0.296,0.196,0.017,0.17729999999999996,AMBER,47.3,66.6
Nairobi,Nairobi,2023-03-20,111,30,129,167,137,49,138,152,17.75,1.6901408450704225,33.0,1.4848484848484849,117.0,1.1025641025641026,176.25,0.7773049645390071,109.0,1.5321100917431192,149.25,1.018425460636516,124.0,0.8951612903225806,128.75,1.0718446601941747,0.425,0.153,0.017,0.20739999999999997,AMBER,52.8,69.0
Nairobi,Nairobi,2023-03-27,103,32,160,171,235,60,116,118,22.0,1.4545454545454546,36.5,1.643835616438356,112.0,1.4285714285714286,159.75,1.4710485133020343,131.5,1.3003802281368821,151.5,0.7788778877887789,129.75,0.7938342967244701,132.25,0.8771266540642723,0.345,0.317,0.0,0.23169999999999996,AMBER,65.0,69.6
Nairobi,Nairobi,2023-04-03,76,34,145,228,201,46,101,99,27.0,1.2592592592592593,44.5,1.0337078651685394,121.0,1.1983471074380165,181.5,1.1074380165289257,157.75,1.445324881141046,147.75,0.6700507614213198,124.75,0.6092184368737475,123.75,0.8161616161616162,0.13,0.189,0.0,0.11165,GREEN,69.9,69.7
Nairobi,Nairobi,2023-04-10,63,29,138,220,231,37,91,210,30.25,0.9586776859504132,49.25,0.751269035532995,135.5,1.018450184501845,188.75,1.223841059602649,182.25,1.2071330589849107,128.5,1.6342412451361867,103.5,0.6086956521739131,120.75,0.7536231884057971,0.0,0.113,0.169,0.09025,GREEN,80.8,70.0
Nairobi,Nairobi,2023-04-17,63,17,145,92,253,63,73,208,31.25,0.544,48.0,1.3125,143.0,1.013986013986014,201.0,1.2587064676616915,196.5,0.4681933842239186,144.75,1.4369602763385148,88.25,0.7138810198300283,111.5,0.6547085201793722,0.062,0.073,0.117,0.08234999999999999,GREEN,86.9,68.3
Nairobi,Nairobi,2023-04-24,60,10,135,95,191,45,71,223,28.0,0.35714285714285715,51.5,0.8737864077669902,147.0,0.9183673469387755,230.0,0.8304347826086956,177.75,0.5344585091420534,158.75,1.404724409448819,76.25,0.7868852459016393,95.25,0.7454068241469817,0.0,0.0,0.108,0.0324,GREEN,70.0,67.9
Nairobi,Nairobi,2023-05-01,63,21,129,66,143,32,222,199,22.5,0.9333333333333333,47.75,0.6701570680628273,140.75,0.91651865008881,219.0,0.6529680365296804,158.75,0.415748031496063,185.0,1.0756756756756756,65.5,0.9618320610687023,84.0,2.642857142857143,0.0,0.0,0.294,0.08819999999999999,GREEN,70.1,68.7
Nairobi,Nairobi,2023-05-08,62,27,76,78,203,39,200,151,19.25,1.4025974025974026,44.25,0.8813559322033898,136.75,0.5557586837294333,204.5,0.9926650366748166,118.25,0.6596194503171248,210.0,0.719047619047619,62.25,0.9959839357429718,114.25,1.75054704595186,0.191,0.0,0.125,0.10435,GREEN,49.5,65.6
Nairobi,Nairobi,2023-05-15,64,17,88,59,164,34,239,194,18.75,0.9066666666666666,44.75,0.7597765363128491,121.25,0.7257731958762886,197.5,0.830379746835443,82.75,0.7129909365558912,195.25,0.9935979513444302,62.0,1.032258064516129,141.5,1.6890459363957597,0.0,0.0,0.123,0.036899999999999995,GREEN,38.0,64.3
Nairobi,Nairobi,2023-05-22,63,22,106,77,164,38,216,101,18.75,1.1733333333333333,37.5,1.0133333333333334,107.0,0.9906542056074766,175.25,0.9358059914407989,74.5,1.0335570469798658,191.75,0.5267275097783573,62.25,1.0120481927710843,183.0,1.180327868852459,0.085,0.008,0.033,0.042449999999999995,GREEN,22.9,61.1
Nairobi,Nairobi,2023-05-29,68,28,112,90,214,43,185,86,21.75,1.2873563218390804,35.75,1.2027972027972027,99.75,1.1228070175438596,168.5,1.2700296735905046,70.0,1.2857142857142858,161.25,0.5333333333333333,63.0,1.0793650793650793,219.25,0.8437856328392246,0.177,0.173,0.02,0.12849999999999998,GREEN,7.7,62.9
Nairobi,Nairobi,2023-06-05,67,22,139,109,196,51,215,87,23.5,0.9361702127659575,38.5,1.3246753246753247,95.5,1.455497382198953,186.25,1.0523489932885906,76.0,1.4342105263157894,133.0,0.6541353383458647,64.25,1.0428015564202335,210.0,1.0238095238095237,0.065,0.244,0.015,0.11265,GREEN,5.7,58.3
Nairobi,Nairobi,2023-06-12,68,12,170,100,223,53,67,103,22.25,0.5393258426966292,41.5,1.2771084337349397,111.25,1.5280898876404494,184.5,1.2086720867208671,83.75,1.1940298507462686,117.0,0.8803418803418803,65.5,1.0381679389312977,213.75,0.3134502923976608,0.055,0.251,0.01,0.1101,GREEN,7.7,62.4
Nairobi,Nairobi,2023-06-19,81,14,137,117,219,45,89,80,21.0,0.6666666666666666,46.25,0.972972972972973,131.75,1.0398481973434535,199.25,1.0991217063989962,94.0,1.2446808510638299,94.25,0.8488063660477454,66.5,1.218045112781955,170.75,0.5212298682284041,0.0,0.095,0.055,0.049749999999999996,GREEN,6.8,62.9
Nairobi,Nairobi,2023-06-26,81,13,146,94,209,50,75,84,19.0,0.6842105263157895,48.0,1.0416666666666667,139.5,1.0465949820788532,213.0,0.9812206572769953,104.0,0.9038461538461539,89.0,0.9438202247191011,71.0,1.1408450704225352,139.0,0.539568345323741,0.008,0.013,0.035,0.017849999999999998,GREEN,4.8,61.1
Nairobi,Nairobi,2023-07-03,124,14,155,90,219,56,130,124,15.25,0.9180327868852459,49.75,1.1256281407035176,148.0,1.0472972972972974,211.75,1.0342384887839433,105.0,0.8571428571428571,88.5,1.4011299435028248,74.25,1.67003367003367,111.5,1.1659192825112108,0.025,0.023,0.302,0.1074,GREEN,7.0,62.7
Nairobi,Nairobi,2023-07-10,109,13,116,84,155,48,128,131,13.25,0.9811320754716981,51.0,0.9411764705882353,152.0,0.7631578947368421,217.5,0.7126436781609196,100.25,0.8379052369077307,97.75,1.340153452685422,88.5,1.231638418079096,90.25,1.4182825484764543,0.0,0.0,0.218,0.0654,GREEN,3.9,61.9
Nairobi,Nairobi,2023-07-17,103,12,86,83,160,39,127,128,13.5,0.8888888888888888,49.75,0.7839195979899497,138.5,0.6209386281588448,200.5,0.7980049875311721,96.25,0.8623376623376623,104.75,1.2219570405727924,98.75,1.0430379746835443,105.5,1.2037914691943128,0.0,0.0,0.104,0.0312,GREEN,4.5,62.3
Nairobi,Nairobi,2023-07-24,135,9,92,151,147,26,148,149,13.0,0.6923076923076923,48.25,0.538860103626943,125.75,0.731610337972167,185.75,0.7913862718707941,87.75,1.7207977207977208,116.75,1.2762312633832977,104.25,1.2949640287769784,115.0,1.2869565217391303,0.0,0.168,0.195,0.11729999999999999,GREEN,13.7,63.8
Nairobi,Nairobi,2023-07-31,109,9,67,167,212,37,140,161,12.0,0.75,42.25,0.8757396449704142,112.25,0.5968819599109132,170.25,1.2452276064610865,102.0,1.6372549019607843,133.0,1.2105263157894737,117.75,0.9256900212314225,133.25,1.050656660412758,0.0,0.214,0.065,0.0944,GREEN,5.5,61.6
Nairobi,Nairobi,2023-08-07,66,12,74,152,156,31,147,141,10.75,1.1162790697674418,37.5,0.8266666666666667,90.25,0.8199445983379502,168.5,0.9258160237388724,121.25,1.2536082474226804,142.25,0.9912126537785588,114.0,0.5789473684210527,135.75,1.0828729281767955,0.055,0.059,0.014,0.0441,GREEN,14.0,59.4
Nairobi,Nairobi,2023-08-14,93,12,131,223,224,53,132,133,10.5,1.1428571428571428,33.25,1.593984962406015,79.75,1.6426332288401253,168.75,1.3274074074074074,138.25,1.6130198915009042,144.75,0.918825561312608,103.25,0.9007263922518159,140.5,0.9395017793594306,0.187,0.412,0.0,0.20965,AMBER,7.2,62.3
Nairobi,Nairobi,2023-08-21,77,13,86,188,241,68,100,139,10.5,1.2380952380952381,36.75,1.8503401360544218,91.0,0.945054945054945,184.75,1.30446549391069,173.25,1.0851370851370852,146.0,0.952054794520548,100.75,0.7642679900744417,141.75,0.7054673721340388,0.283,0.101,0.0,0.1344,GREEN,8.8,63.3
Nairobi,Nairobi,2023-08-28,82,12,108,190,161,44,68,85,11.5,1.0434782608695652,47.25,0.9312169312169312,89.5,1.2067039106145252,208.25,0.773109243697479,182.5,1.0410958904109588,143.5,0.5923344947735192,86.25,0.9507246376811594,129.75,0.5240847784200385,0.021,0.068,0.0,0.03115,GREEN,6.1,65.4
Nairobi,Nairobi,2023-09-04,57,19,124,82,233,51,72,94,12.25,1.5510204081632653,49.0,1.0408163265306123,99.75,1.2431077694235588,195.5,1.1918158567774937,188.25,0.4355909694555113,124.5,0.7550200803212851,79.5,0.7169811320754716,111.75,0.6442953020134228,0.27,0.12,0.0,0.1365,GREEN,5.9,61.6
Nairobi,Nairobi,2023-09-11,63,14,111,92,235,54,177,83,14.0,1.0,54.0,1.0,112.25,0.9888641425389755,214.75,1.0942956926658907,170.75,0.5387994143484627,112.75,0.7361419068736141,77.25,0.8155339805825242,93.0,1.903225806451613,0.0,0.025,0.151,0.05405,GREEN,7.7,63.8
Nairobi,Nairobi,2023-09-18,79,12,111,101,206,54,208,79,14.5,0.8275862068965517,54.25,0.9953917050691244,107.25,1.034965034965035,217.5,0.9471264367816092,138.0,0.7318840579710145,100.25,0.7880299251870324,69.75,1.1326164874551972,104.25,1.9952038369304557,0.0,0.01,0.199,0.0632,GREEN,8.2,64.2
Nairobi,Nairobi,2023-09-25,209,30,116,64,164,36,167,82,14.25,2.1052631578947367,50.75,0.7093596059113301,113.5,1.0220264317180616,208.75,0.7856287425149701,116.25,0.5505376344086022,85.25,0.9618768328445748,70.25,2.9750889679715304,131.25,1.2723809523809524,0.525,0.006,0.539,0.34755,AMBER,7.7,61.7
Nairobi,Nairobi,2023-10-02,193,24,87,79,147,27,169,84,18.75,1.28,48.75,0.5538461538461539,115.5,0.7532467532467533,209.5,0.7016706443914081,84.75,0.9321533923303835,84.5,0.9940828402366864,102.0,1.892156862745098,156.0,1.0833333333333333,0.133,0.0,0.237,0.11765,GREEN,24.8,67.6
Nairobi,Nairobi,2023-10-09,175,33,87,85,170,27,229,95,20.0,1.65,42.75,0.631578947368421,106.25,0.8188235294117647,188.0,0.9042553191489362,84.0,1.0119047619047619,82.0,1.1585365853658536,136.0,1.286764705882353,180.25,1.2704576976421638,0.309,0.003,0.159,0.15689999999999998,AMBER,42.3,67.9
Nairobi,Nairobi,2023-10-16,208,30,137,66,141,47,176,122,24.75,1.2121212121212122,36.0,1.3055555555555556,100.25,1.366583541147132,171.75,0.8209606986899564,82.25,0.8024316109422492,85.0,1.4352941176470588,164.0,1.2682926829268293,193.25,0.9107373868046572,0.162,0.104,0.183,0.148,GREEN,56.5,66.6
Nairobi,Nairobi,2023-10-23,197,40,98,88,214,68,71,80,29.25,1.3675213675213675,34.25,1.9854014598540146,106.75,0.9180327868852459,155.5,1.3762057877813505,73.5,1.1972789115646258,95.75,0.835509138381201,196.25,1.0038216560509554,185.25,0.3832658569500675,0.372,0.146,0.001,0.18159999999999996,AMBER,65.8,67.4
Nairobi,Nairobi,2023-10-30,175,35,136,84,511,58,87,84,31.75,1.1023622047244095,42.25,1.3727810650887573,102.25,1.3300733496332517,168.0,3.0416666666666665,79.5,1.0566037735849056,95.25,0.8818897637795275,193.25,0.9055627425614489,161.25,0.5395348837209303,0.123,0.651,0.0,0.2709,AMBER,72.9,68.5
Nairobi,Nairobi,2023-11-06,59,15,103,111,492,57,77,89,34.5,0.43478260869565216,50.0,1.14,114.5,0.8995633187772926,259.0,1.8996138996138996,80.75,1.3746130030959753,95.25,0.9343832020997376,188.75,0.3125827814569536,140.75,0.5470692717584369,0.028,0.327,0.0,0.12425,GREEN,83.1,67.1
Nairobi,Nairobi,2023-11-13,70,15,137,84,742,58,75,116,30.0,0.5,57.5,1.008695652173913,118.5,1.1561181434599157,339.5,2.185567010309278,87.25,0.9627507163323782,93.75,1.2373333333333334,159.75,0.4381846635367762,102.75,0.7299270072992701,0.002,0.36,0.063,0.1456,GREEN,81.2,68.4
Nairobi,Nairobi,2023-11-20,79,14,119,71,607,52,127,132,26.25,0.5333333333333333,60.25,0.8630705394190872,118.5,1.0042194092827004,489.75,1.2394078611536499,91.75,0.773841961852861,92.25,1.4308943089430894,125.25,0.6307385229540918,77.5,1.6387096774193548,0.0,0.065,0.221,0.08904999999999999,GREEN,71.0,67.7
Nairobi,Nairobi,2023-11-27,118,12,132,81,385,40,108,168,19.75,0.6075949367088608,56.25,0.7111111111111111,123.75,1.0666666666666667,588.0,0.6547619047619048,87.5,0.9257142857142857,105.25,1.5961995249406176,95.75,1.2323759791122715,91.5,1.180327868852459,0.0,0.019,0.247,0.08075,GREEN,62.2,66.8
Nairobi,Nairobi,2023-12-04,123,11,110,88,1303,43,131,95,14.0,0.7857142857142857,51.75,0.8309178743961353,122.75,0.8961303462321792,556.5,2.3414195867026057,86.75,1.0144092219020173,126.25,0.7524752475247525,81.5,1.50920245398773,96.75,1.3540051679586564,0.0,0.361,0.186,0.18214999999999998,AMBER,50.7,67.0
Nairobi,Nairobi,2023-12-11,128,7,77,61,518,31,131,98,13.0,0.5384615384615384,48.25,0.6424870466321243,124.5,0.6184738955823293,759.25,0.6822522225880804,81.0,0.7530864197530864,127.75,0.7671232876712328,97.5,1.3128205128205128,110.25,1.1882086167800454,0.0,0.0,0.11,0.033,GREEN,38.2,64.5
Nairobi,Nairobi,2023-12-18,110,11,88,79,391,38,134,139,11.0,1.0,41.5,0.9156626506024096,109.5,0.8036529680365296,703.25,0.5559900462140064,75.25,1.0498338870431894,123.25,1.127789046653144,112.0,0.9821428571428571,124.25,1.0784708249496981,0.0,0.012,0.047,0.0183,GREEN,16.7,62.8
Nairobi,Nairobi,2023-12-25,100,11,108,91,582,39,82,164,10.25,1.0731707317073171,38.0,1.0263157894736843,101.75,1.0614250614250613,649.25,0.8964189449364651,77.25,1.1779935275080906,125.0,1.312,119.75,0.8350730688935282,126.0,0.6507936507936508,0.04,0.059,0.083,0.059550000000000006,GREEN,6.3,63.4
Nairobi,Nairobi,2024-01-01,64,15,128,58,513,46,74,69,10.0,1.5,37.75,1.218543046357616,95.75,1.3368146214099217,698.5,0.7344309234073013,79.75,0.7272727272727273,124.0,0.5564516129032258,115.25,0.5553145336225597,119.5,0.6192468619246861,0.281,0.095,0.0,0.1316,GREEN,5.3,62.6
Nairobi,Nairobi,2024-01-08,235,11,141,74,465,50,91,49,11.0,1.0,38.5,1.2987012987012987,100.25,1.4064837905236909,501.0,0.9281437125748503,72.25,1.0242214532871972,117.5,0.41702127659574467,100.5,2.3383084577114426,105.25,0.8646080760095012,0.06,0.121,0.335,0.16385,AMBER,8.0,62.8
Nairobi,Nairobi,2024-01-15,148,12,312,94,220,48,93,98,12.0,1.0,43.25,1.1098265895953756,116.25,2.6838709677419357,487.75,0.451050743208611,75.5,1.2450331125827814,105.25,0.9311163895486936,127.25,1.163064833005894,95.25,0.9763779527559056,0.022,0.534,0.041,0.20690000000000003,AMBER,7.8,64.1
Nairobi,Nairobi,2024-01-22,188,17,432,91,257,64,66,93,12.25,1.3877551020408163,45.75,1.3989071038251366,172.25,2.5079825834542815,445.0,0.5775280898876405,79.25,1.1482649842271293,95.0,0.9789473684210527,136.75,1.3747714808043876,85.0,0.7764705882352941,0.264,0.462,0.094,0.2823,AMBER,4.6,62.2
Nairobi,Nairobi,2024-01-29,176,14,291,127,275,53,89,75,13.75,1.018181818181818,52.0,1.0192307692307692,253.25,1.1490621915103651,363.75,0.7560137457044673,79.25,1.6025236593059937,77.25,0.970873786407767,158.75,1.1086614173228346,81.0,1.0987654320987654,0.012,0.183,0.044,0.08145,GREEN,8.5,62.6
Nairobi,Nairobi,2024-02-05,298,17,360,81,212,49,84,93,13.5,1.2592592592592593,53.75,0.9116279069767442,294.0,1.2244897959183674,304.25,0.6967953985209532,96.5,0.8393782383419689,78.75,1.180952380952381,186.75,1.5957161981258368,84.75,0.9911504424778761,0.123,0.064,0.197,0.12455,GREEN,4.4,64.5
Nairobi,Nairobi,2024-02-12,266,14,314,81,286,46,104,109,15.0,0.9333333333333333,53.5,0.8598130841121495,348.75,0.9003584229390681,241.0,1.1867219917012448,98.25,0.8244274809160306,89.75,1.2144846796657383,202.5,1.3135802469135802,83.0,1.2530120481927711,0.0,0.05,0.178,0.07089999999999999,GREEN,3.5,62.2
Nairobi,Nairobi,2024-02-19,78,11,386,89,131,34,116,143,15.5,0.7096774193548387,53.0,0.6415094339622641,349.25,1.105225483178239,257.5,0.5087378640776699,95.0,0.9368421052631579,92.5,1.545945945945946,232.0,0.33620689655172414,85.75,1.3527696793002915,0.0,0.03,0.204,0.07169999999999999,GREEN,3.3,64.0
Nairobi,Nairobi,2024-02-26,114,9,80,68,175,41,132,136,14.0,0.6428571428571429,45.5,0.9010989010989011,337.75,0.23686158401184307,226.0,0.7743362831858407,94.5,0.7195767195767195,105.0,1.2952380952380953,204.5,0.5574572127139364,98.25,1.3435114503816794,0.0,0.0,0.136,0.0408,GREEN,6.5,64.0
Nairobi,Nairobi,2024-03-04,106,7,89,36,110,22,153,164,12.75,0.5490196078431373,42.5,0.5176470588235295,285.0,0.312280701754386,201.0,0.5472636815920398,79.75,0.45141065830721006,120.25,1.363825363825364,189.0,0.5608465608465608,109.0,1.4036697247706422,0.0,0.0,0.164,0.0492,GREEN,19.5,62.2
Nairobi,Nairobi,2024-03-11,101,10,100,96,168,31,135,86,10.25,0.975609756097561,35.75,0.8671328671328671,217.25,0.46029919447640966,175.5,0.9572649572649573,68.5,1.4014598540145986,138.0,0.6231884057971014,141.0,0.7163120567375887,126.25,1.0693069306930694,0.0,0.094,0.012,0.0365,GREEN,44.3,62.7
Nairobi,Nairobi,2024-03-18,93,12,111,71,175,32,120,123,9.25,1.2972972972972974,32.0,1.0,163.75,0.6778625954198473,146.0,1.1986301369863013,72.25,0.9826989619377162,132.25,0.9300567107750473,99.75,0.9323308270676691,134.0,0.8955223880597015,0.141,0.053,0.0,0.06789999999999999,GREEN,50.2,67.7
Nairobi,Nairobi,2024-03-25,83,12,156,101,224,51,126,106,9.5,1.263157894736842,31.5,1.619047619047619,95.0,1.6421052631578947,157.0,1.4267515923566878,67.75,1.4907749077490775,127.25,0.8330058939096268,103.5,0.8019323671497585,135.0,0.9333333333333333,0.249,0.41,0.0,0.23064999999999997,AMBER,68.2,69.7
Nairobi,Nairobi,2024-04-01,89,15,167,80,216,54,83,105,10.25,1.4634146341463414,34.0,1.588235294117647,114.0,1.4649122807017543,169.25,1.276218611521418,76.0,1.0526315789473684,119.75,0.8768267223382046,95.75,0.9295039164490861,133.5,0.6217228464419475,0.338,0.218,0.0,0.1946,AMBER,72.8,67.7
Nairobi,Nairobi,2024-04-08,68,13,131,88,196,54,77,83,12.25,1.0612244897959184,42.0,1.2857142857142858,133.5,0.9812734082397003,195.75,1.0012771392081736,87.0,1.0114942528735633,105.0,0.7904761904761904,91.5,0.7431693989071039,116.0,0.6637931034482759,0.086,0.003,0.0,0.031149999999999994,GREEN,82.4,69.4
Nairobi,Nairobi,2024-04-15,64,17,125,75,195,47,90,101,13.0,1.3076923076923077,47.75,0.9842931937172775,141.25,0.8849557522123894,202.75,0.9617755856966708,85.0,0.8823529411764706,104.25,0.9688249400479616,83.25,0.7687687687687688,101.5,0.8866995073891626,0.146,0.0,0.0,0.05109999999999999,GREEN,79.3,68.3
Nairobi,Nairobi,2024-04-22,55,16,176,83,268,43,84,65,14.25,1.1228070175438596,51.5,0.8349514563106796,144.75,1.2158894645941278,207.75,1.2900120336943441,86.0,0.9651162790697675,98.75,0.6582278481012658,76.0,0.7236842105263158,94.0,0.8936170212765957,0.058,0.139,0.0,0.06895,GREEN,73.4,70.4
Nairobi,Nairobi,2024-04-29,64,11,207,77,202,49,73,91,15.25,0.7213114754098361,49.5,0.98989898989899,149.75,1.3823038397328882,218.75,0.9234285714285714,81.5,0.9447852760736196,88.5,1.0282485875706215,69.0,0.927536231884058,83.5,0.874251497005988,0.0,0.108,0.008,0.0402,GREEN,59.3,69.8
Nairobi,Nairobi,2024-05-06,69,9,235,73,124,106,60,98,14.25,0.631578947368421,48.25,2.1968911917098444,159.75,1.4710485133020343,215.25,0.5760743321718932,80.75,0.9040247678018576,85.0,1.1529411764705881,62.75,1.099601593625498,81.0,0.7407407407407407,0.239,0.133,0.066,0.15,AMBER,50.0,65.5
Nairobi,Nairobi,2024-05-13,69,8,150,59,152,95,82,115,13.25,0.6037735849056604,61.25,1.5510204081632653,185.75,0.8075370121130552,197.25,0.770595690747782,77.0,0.7662337662337663,88.75,1.295774647887324,63.0,1.0952380952380953,76.75,1.0684039087947883,0.11,0.0,0.114,0.0727,GREEN,36.4,62.7
Nairobi,Nairobi,2024-05-20,68,31,202,59,161,100,60,83,11.0,2.8181818181818183,73.25,1.3651877133105803,192.0,1.0520833333333333,186.5,0.8632707774798928,73.0,0.8082191780821918,92.25,0.8997289972899729,64.25,1.0583657587548638,74.75,0.802675585284281,0.937,0.015,0.015,0.3377,AMBER,24.4,65.8
Nairobi,Nairobi,2024-05-27,57,38,164,79,190,142,76,94,14.75,2.5762711864406778,87.5,1.6228571428571428,198.5,0.8261964735516373,159.75,1.189358372456964,67.0,1.1791044776119404,96.75,0.9715762273901809,67.5,0.8444444444444444,68.75,1.1054545454545455,0.873,0.092,0.018,0.34315,AMBER,7.3,62.7
Nairobi,Nairobi,2024-06-03,42,28,117,114,234,186,92,66,21.5,1.302325581395349,110.75,1.6794582392776525,187.75,0.6231691078561917,156.75,1.492822966507177,67.5,1.6888888888888889,97.5,0.676923076923077,65.75,0.6387832699619772,69.5,1.3237410071942446,0.279,0.292,0.054,0.21604999999999996,AMBER,10.2,62.9
Nairobi,Nairobi,2024-06-10,84,44,141,119,259,182,85,58,26.25,1.6761904761904762,130.75,1.3919694072657744,158.25,0.8909952606635071,184.25,1.4056987788331072,77.75,1.5305466237942122,89.5,0.6480446927374302,59.0,1.423728813559322,77.5,1.096774193548387,0.4,0.232,0.122,0.2578,AMBER,6.5,61.2
Nairobi,Nairobi,2024-06-17,53,39,137,108,195,53,54,101,35.25,1.1063829787234043,152.5,0.3475409836065574,156.0,0.8782051282051282,211.0,0.9241706161137441,92.75,1.1644204851752022,75.25,1.3421926910299002,62.75,0.8446215139442231,78.25,0.6900958466453674,0.051,0.038,0.091,0.058449999999999995,GREEN,9.0,63.5
Nairobi,Nairobi,2024-06-24,57,38,148,109,439,58,98,109,37.25,1.0201342281879195,140.75,0.41207815275310833,139.75,1.0590339892665475,219.5,2.0,105.0,1.0380952380952382,79.75,1.3667711598746082,59.0,0.9661016949152542,76.75,1.276872964169381,0.01,0.292,0.144,0.14889999999999998,GREEN,7.1,61.0
Nairobi,Nairobi,2024-07-01,95,15,113,123,383,50,105,149,37.25,0.40268456375838924,119.75,0.4175365344467641,135.75,0.8324125230202578,281.75,1.3593611357586513,112.5,1.0933333333333333,83.5,1.784431137724551,59.0,1.6101694915254237,82.25,1.2765957446808511,0.0,0.118,0.408,0.16369999999999998,AMBER,5.0,61.8
Nairobi,Nairobi,2024-07-08,77,11,84,93,413,46,99,264,34.0,0.3235294117647059,85.75,0.5364431486880467,134.75,0.6233766233766234,319.0,1.2946708463949843,114.75,0.8104575163398693,104.25,2.5323741007194243,72.25,1.065743944636678,85.5,1.1578947368421053,0.0,0.079,0.451,0.16295,AMBER,8.6,63.8
Nairobi,Nairobi,2024-07-15,97,12,116,82,321,36,136,381,25.75,0.46601941747572817,51.75,0.6956521739130435,120.5,0.9626556016597511,357.5,0.8979020979020979,108.25,0.7575057736720554,155.75,2.446227929373997,70.5,1.375886524822695,89.0,1.5280898876404494,0.0,0.0,0.568,0.17039999999999997,AMBER,8.3,61.6
Nairobi,Nairobi,2024-07-22,363,10,72,48,282,29,123,462,19.0,0.5263157894736842,47.5,0.6105263157894737,115.25,0.6247288503253796,389.0,0.7249357326478149,101.75,0.47174447174447176,225.75,2.046511627906977,81.5,4.45398773006135,109.5,1.1232876712328768,0.0,0.0,1.05,0.315,AMBER,6.6,59.7
Nairobi,Nairobi,2024-07-29,416,12,107,62,319,40,120,376,12.0,1.0,40.25,0.9937888198757764,96.25,1.1116883116883116,349.75,0.9120800571837027,86.5,0.7167630057803468,314.0,1.197452229299363,158.0,2.632911392405063,115.75,1.0367170626349893,0.0,0.032,0.467,0.1513,AMBER,6.5,63.8
Nairobi,Nairobi,2024-08-05,327,9,121,85,186,39,124,347,11.25,0.8,37.75,1.033112582781457,94.75,1.2770448548812665,333.75,0.5573033707865168,71.25,1.1929824561403508,370.75,0.9359406608226568,238.25,1.372507869884575,119.5,1.0376569037656904,0.007,0.124,0.099,0.07554999999999999,GREEN,9.5,62.1
Nairobi,Nairobi,2024-08-12,260,13,94,82,261,44,100,300,10.75,1.2093023255813953,36.0,1.2222222222222223,104.0,0.9038461538461539,277.0,0.9422382671480144,69.25,1.184115523465704,391.5,0.7662835249042146,300.75,0.8645054031587698,125.75,0.7952286282306164,0.144,0.043,0.0,0.06545,GREEN,2.8,61.0
Nairobi,Nairobi,2024-08-19,238,11,153,84,299,44,96,84,11.0,1.0,38.0,1.1578947368421053,98.5,1.5532994923857868,262.0,1.1412213740458015,69.25,1.2129963898916967,371.25,0.22626262626262628,341.5,0.6969253294289898,116.75,0.8222698072805139,0.032,0.244,0.0,0.09659999999999999,GREEN,15.9,61.4
Nairobi,Nairobi,2024-08-26,144,13,123,87,237,43,71,108,11.25,1.1555555555555554,41.75,1.029940119760479,118.75,1.0357894736842106,266.25,0.8901408450704226,78.25,1.1118210862619808,276.75,0.3902439024390244,310.25,0.46414182111200647,110.0,0.6454545454545455,0.08,0.036,0.0,0.0406,GREEN,5.0,62.3
Nairobi,Nairobi,2024-09-02,62,10,133,201,217,46,72,82,11.5,0.8695652173913043,42.5,1.0823529411764705,122.75,1.0835030549898168,245.75,0.8830111902339777,84.5,2.378698224852071,209.75,0.3909415971394517,242.25,0.25593395252837975,97.75,0.7365728900255755,0.016,0.345,0.0,0.12635,GREEN,4.2,61.3
Nairobi,Nairobi,2024-09-09,62,15,118,213,158,53,90,97,11.75,1.2765957446808511,44.25,1.1977401129943503,125.75,0.9383697813121272,253.5,0.6232741617357002,113.5,1.8766519823788546,143.5,0.6759581881533101,176.0,0.3522727272727273,84.75,1.0619469026548674,0.171,0.205,0.01,0.1346,GREEN,7.1,64.0
Nairobi,Nairobi,2024-09-16,68,13,141,232,168,40,91,69,12.25,1.0612244897959184,46.5,0.8602150537634409,131.75,1.0702087286527515,227.75,0.7376509330406147,146.25,1.5863247863247862,92.75,0.7439353099730458,126.5,0.5375494071146245,82.25,1.1063829787234043,0.029,0.157,0.018,0.0705,GREEN,10.0,60.6
Nairobi,Nairobi,2024-09-23,85,10,120,245,163,41,58,74,12.75,0.7843137254901961,45.5,0.9010989010989011,128.75,0.9320388349514563,195.0,0.8358974358974359,183.25,1.3369713506139154,89.0,0.8314606741573034,84.0,1.0119047619047619,81.0,0.7160493827160493,0.0,0.079,0.003,0.02855,GREEN,12.4,63.0
Nairobi,Nairobi,2024-09-30,140,7,61,183,125,30,87,109,12.0,0.5833333333333334,45.0,0.6666666666666666,128.0,0.4765625,176.5,0.7082152974504249,222.75,0.8215488215488216,80.5,1.3540372670807452,69.25,2.0216606498194944,77.75,1.1189710610932475,0.0,0.0,0.37,0.111,GREEN,23.5,62.8
Nairobi,Nairobi,2024-10-07,185,11,133,212,151,27,94,85,11.25,0.9777777777777777,41.0,0.6585365853658537,110.0,1.209090909090909,153.5,0.9837133550488599,218.25,0.9713631156930126,87.25,0.9742120343839542,88.75,2.084507042253521,81.5,1.1533742331288344,0.0,0.059,0.297,0.10975,GREEN,40.9,63.8
Nairobi,Nairobi,2024-10-14,143,10,102,64,234,50,96,110,10.25,0.975609756097561,34.5,1.4492753623188406,113.75,0.8967032967032967,151.75,1.542009884678748,218.0,0.29357798165137616,84.25,1.3056379821958457,119.5,1.1966527196652719,82.5,1.1636363636363636,0.09,0.145,0.158,0.12965,GREEN,52.4,66.8
Nairobi,Nairobi,2024-10-21,182,12,164,95,209,58,84,89,9.5,1.263157894736842,37.0,1.5675675675675675,104.0,1.5769230769230769,168.25,1.2421991084695394,176.0,0.5397727272727273,94.5,0.9417989417989417,138.25,1.3164556962025316,83.75,1.0029850746268656,0.239,0.228,0.08,0.18744999999999998,AMBER,63.1,68.6
Nairobi,Nairobi,2024-10-28,171,12,127,98,224,47,66,65,10.0,1.2,41.25,1.1393939393939394,115.0,1.1043478260869566,179.75,1.2461752433936022,138.5,0.7075812274368231,98.25,0.6615776081424937,162.5,1.0523076923076924,90.25,0.7313019390581718,0.123,0.095,0.013,0.0802,GREEN,72.9,69.5
Nairobi,Nairobi,2024-11-04,153,15,128,105,201,61,85,102,11.25,1.3333333333333333,45.5,1.3406593406593406,131.5,0.973384030418251,204.5,0.9828850855745721,117.25,0.8955223880597015,87.25,1.169054441260745,170.25,0.8986784140969163,85.0,1.0,0.226,0.0,0.045,0.0926,GREEN,74.2,70.3
Nairobi,Nairobi,2024-11-11,91,14,127,94,259,91,83,100,12.25,1.1428571428571428,54.0,1.6851851851851851,130.25,0.9750479846449136,217.0,1.1935483870967742,90.5,1.0386740331491713,91.5,1.092896174863388,162.25,0.5608628659476117,82.75,1.0030211480362539,0.205,0.061,0.025,0.1006,GREEN,75.4,68.0
Nairobi,Nairobi,2024-11-18,97,13,117,117,201,98,104,140,13.25,0.9811320754716981,64.25,1.5252918287937742,136.5,0.8571428571428571,223.25,0.9003359462486002,98.0,1.1938775510204083,89.0,1.5730337078651686,149.25,0.6499162479061976,79.5,1.3081761006289307,0.105,0.045,0.204,0.1137,GREEN,68.3,67.5
Nairobi,Nairobi,2024-11-25,116,13,157,86,175,69,129,142,13.5,0.9629629629629629,74.25,0.9292929292929293,124.75,1.2585170340681362,221.25,0.7909604519774012,103.5,0.8309178743961353,101.75,1.3955773955773956,128.0,0.90625,84.5,1.5266272189349113,0.0,0.073,0.193,0.08345,GREEN,62.4,69.2
Nairobi,Nairobi,2024-12-02,101,12,98,76,127,52,114,115,13.75,0.8727272727272727,79.75,0.6520376175548589,132.25,0.7410207939508506,209.0,0.6076555023923444,100.5,0.7562189054726368,121.0,0.9504132231404959,114.25,0.8840262582056893,100.25,1.1371571072319202,0.0,0.0,0.023,0.0069,GREEN,53.6,67.5
Nairobi,Nairobi,2024-12-09,111,10,80,44,139,53,110,157,13.0,0.7692307692307693,77.5,0.6838709677419355,124.75,0.6412825651302605,190.5,0.7296587926509186,93.25,0.4718498659517426,124.25,1.2635814889336017,101.25,1.0962962962962963,107.5,1.0232558139534884,0.0,0.0,0.098,0.0294,GREEN,37.2,62.9
Nairobi,Nairobi,2024-12-16,136,10,101,73,152,70,139,199,12.0,0.8333333333333334,68.0,1.0294117647058822,113.0,0.8938053097345132,160.5,0.9470404984423676,80.75,0.9040247678018576,138.5,1.4368231046931408,106.25,1.28,114.25,1.2166301969365427,0.006,0.0,0.223,0.069,GREEN,17.3,65.0
Nairobi,Nairobi,2024-12-23,103,13,97,100,237,43,156,151,11.25,1.1555555555555554,61.0,0.7049180327868853,109.0,0.8899082568807339,148.25,1.5986509274873524,69.75,1.4336917562724014,153.25,0.9853181076672104,116.0,0.8879310344827587,123.0,1.2682926829268293,0.074,0.261,0.045,0.13075,GREEN,9.0,62.8
Nairobi,Nairobi,2024-12-30,74,11,123,81,212,32,93,89,11.25,0.9777777777777777,54.5,0.5871559633027523,94.0,1.3085106382978724,163.75,1.2946564885496183,73.25,1.10580204778157,155.5,0.572347266881029,112.75,0.656319290465632,129.75,0.7167630057803468,0.0,0.191,0.0,0.06684999999999999,GREEN,12.8,64.2
Nakuru,Nakuru,2023-01-02,48,34,96,65,152,98,55,87,,,,,,,,,,,,,,,,,0.0,0.0,0.0,0.0,GREEN,11.2,61.9
Nakuru,Nakuru,2023-01-09,52,44,91,68,164,120,62,73,34.0,1.2941176470588236,98.0,1.2244897959183674,96.0,0.9479166666666666,152.0,1.0789473684210527,65.0,1.0461538461538462,87.0,0.8390804597701149,48.0,1.0833333333333333,55.0,1.1272727272727272,0.185,0.032,0.042,0.08855,GREEN,8.1,59.9
Nakuru,Nakuru,2023-01-16,46,44,93,68,173,123,40,63,39.0,1.1282051282051282,109.0,1.128440366972477,93.5,0.9946524064171123,158.0,1.0949367088607596,66.5,1.0225563909774436,80.0,0.7875,50.0,0.92,58.5,0.6837606837606838,0.087,0.031,0.0,0.04129999999999999,GREEN,8.1,59.1
Nakuru,Nakuru,2023-01-23,52,52,129,72,154,154,61,76,40.666666666666664,1.278688524590164,113.66666666666667,1.3548387096774193,93.33333333333333,1.3821428571428571,163.0,0.9447852760736196,67.0,1.0746268656716418,74.33333333333333,1.0224215246636772,48.666666666666664,1.0684931506849316,52.333333333333336,1.1656050955414012,0.203,0.126,0.051,0.13045,GREEN,8.8,58.2
Nakuru,Nakuru,2023-01-30,48,59,130,102,211,143,64,73,43.5,1.3563218390804597,123.75,1.1555555555555554,102.25,1.271393643031785,160.75,1.312597200622084,68.25,1.4945054945054945,74.75,0.9765886287625418,49.5,0.9696969696969697,54.5,1.1743119266055047,0.2,0.276,0.029,0.1753,AMBER,7.4,60.9
Nakuru,Nakuru,2023-02-06,74,51,371,69,200,172,67,90,49.75,1.0251256281407035,135.0,1.2740740740740741,110.75,3.349887133182844,175.5,1.1396011396011396,77.5,0.8903225806451613,71.25,1.263157894736842,49.5,1.494949494949495,56.75,1.1806167400881058,0.067,0.703,0.224,0.33669999999999994,AMBER,8.1,60.4
Nakuru,Nakuru,2023-02-13,192,43,261,85,183,156,85,55,51.5,0.8349514563106796,148.0,1.054054054054054,180.75,1.4439834024896265,184.5,0.991869918699187,77.75,1.0932475884244373,75.5,0.7284768211920529,55.0,3.4909090909090907,58.0,1.4655172413793103,0.011,0.148,0.7,0.26565,AMBER,10.4,57.5
Nakuru,Nakuru,2023-02-20,189,42,253,243,159,115,125,130,51.25,0.8195121951219512,156.25,0.736,222.75,1.1358024691358024,187.0,0.8502673796791443,82.0,2.9634146341463414,73.5,1.7687074829931972,91.5,2.0655737704918034,69.25,1.8050541516245486,0.0,0.497,0.606,0.35575,AMBER,6.8,61.5
Nakuru,Nakuru,2023-02-27,257,31,173,194,136,125,119,119,48.75,0.6358974358974359,146.5,0.8532423208191127,253.75,0.6817733990147783,188.25,0.7224435590969456,124.75,1.5551102204408818,87.0,1.367816091954023,125.75,2.043737574552684,85.25,1.3958944281524928,0.0,0.13,0.425,0.173,AMBER,7.9,60.7
Nakuru,Nakuru,2023-03-06,237,24,182,211,136,110,95,102,41.75,0.5748502994011976,142.0,0.7746478873239436,264.5,0.6880907372400756,169.5,0.8023598820058997,147.75,1.428087986463621,98.5,1.0355329949238579,178.0,1.3314606741573034,99.0,0.9595959595959596,0.0,0.1,0.092,0.06259999999999999,GREEN,31.2,63.7
Nakuru,Nakuru,2023-03-13,162,29,263,213,139,121,82,142,35.0,0.8285714285714286,126.5,0.9565217391304348,217.25,1.2105868814729575,153.5,0.9055374592833876,183.25,1.1623465211459754,101.5,1.3990147783251232,218.75,0.7405714285714285,106.0,0.7735849056603774,0.0,0.098,0.106,0.06609999999999999,GREEN,51.1,63.7
Nakuru,Nakuru,2023-03-20,239,45,91,288,161,85,97,129,31.5,1.4285714285714286,117.75,0.721868365180467,217.75,0.417910447761194,142.5,1.1298245614035087,215.25,1.3379790940766552,123.25,1.0466531440162272,211.25,1.131360946745562,105.25,0.9216152019002375,0.204,0.113,0.045,0.12444999999999999,GREEN,68.6,64.0
Nakuru,Nakuru,2023-03-27,80,36,117,224,192,202,89,101,32.25,1.1162790697674418,110.25,1.8321995464852607,177.25,0.6600846262341326,143.0,1.3426573426573427,226.5,0.9889624724061811,123.0,0.8211382113821138,223.75,0.3575418994413408,98.25,0.905852417302799,0.222,0.091,0.0,0.10954999999999998,GREEN,73.0,68.7
Nakuru,Nakuru,2023-04-03,81,55,110,77,194,186,85,75,33.5,1.6417910447761195,129.5,1.4362934362934363,163.25,0.6738131699846861,157.0,1.2356687898089171,234.0,0.32905982905982906,118.5,0.6329113924050633,179.5,0.45125348189415043,90.75,0.9366391184573003,0.392,0.063,0.0,0.15925,AMBER,83.0,67.4
Nakuru,Nakuru,2023-04-10,56,49,121,93,239,221,60,77,41.25,1.187878787878788,148.5,1.4882154882154883,145.25,0.8330464716006885,171.5,1.3935860058309038,200.5,0.46384039900249374,111.75,0.6890380313199105,140.5,0.398576512455516,88.25,0.6798866855524079,0.187,0.105,0.0,0.10219999999999999,GREEN,90.2,66.7
Nakuru,Nakuru,2023-04-17,48,35,94,81,139,194,70,149,46.25,0.7567567567567568,173.5,1.1181556195965419,109.75,0.856492027334852,196.5,0.7073791348600509,170.5,0.4750733137829912,95.5,1.5602094240837696,114.0,0.42105263157894735,82.75,0.8459214501510574,0.024,0.0,0.149,0.053099999999999994,GREEN,89.0,65.6
Nakuru,Nakuru,2023-04-24,53,44,108,100,186,186,84,166,43.75,1.0057142857142858,200.75,0.9265255292652553,110.5,0.9773755656108597,191.0,0.9738219895287958,118.75,0.8421052631578947,100.5,1.6517412935323383,66.25,0.8,76.0,1.105263157894737,0.003,0.0,0.191,0.05835,GREEN,84.4,70.0
Nakuru,Nakuru,2023-05-01,62,25,54,77,145,142,73,136,45.75,0.546448087431694,196.75,0.7217280813214739,108.25,0.49884526558891457,189.5,0.7651715039577837,87.75,0.8774928774928775,116.75,1.164882226980728,59.5,1.0420168067226891,74.75,0.9765886287625418,0.0,0.0,0.054,0.0162,GREEN,68.6,64.3
Nakuru,Nakuru,2023-05-08,49,34,83,54,347,111,65,172,38.25,0.8888888888888888,185.75,0.5975773889636609,94.25,0.8806366047745358,177.25,1.9576868829337095,87.75,0.6153846153846154,132.0,1.303030303030303,54.75,0.8949771689497716,71.75,0.9059233449477352,0.0,0.255,0.081,0.11355,GREEN,60.9,67.2
Nakuru,Nakuru,2023-05-15,51,27,54,40,317,95,63,134,34.5,0.782608695652174,158.25,0.6003159557661928,84.75,0.6371681415929203,204.25,1.5520195838433293,78.0,0.5128205128205128,155.75,0.8603531300160514,53.0,0.9622641509433962,73.0,0.863013698630137,0.0,0.147,0.0,0.051449999999999996,GREEN,41.3,61.3
Nakuru,Nakuru,2023-05-22,53,28,101,63,407,103,62,117,32.5,0.8615384615384616,133.5,0.7715355805243446,74.75,1.351170568561873,248.75,1.636180904522613,67.75,0.9298892988929889,152.0,0.7697368421052632,53.75,0.986046511627907,71.25,0.8701754385964913,0.0,0.269,0.0,0.09415,GREEN,27.0,58.8
Nakuru,Nakuru,2023-05-29,46,37,109,72,467,147,77,62,28.5,1.2982456140350878,112.75,1.3037694013303769,73.0,1.4931506849315068,304.0,1.5361842105263157,58.5,1.2307692307692308,139.75,0.44364937388193204,53.75,0.8558139534883721,65.75,1.1711026615969582,0.202,0.337,0.029,0.19734999999999997,AMBER,9.1,61.6
Nakuru,Nakuru,2023-06-05,49,54,114,84,391,94,59,74,31.5,1.7142857142857142,114.0,0.8245614035087719,86.75,1.314121037463977,384.5,1.0169050715214565,57.25,1.4672489082969433,121.25,0.6103092783505155,49.75,0.9849246231155779,66.75,0.8838951310861424,0.339,0.203,0.0,0.1897,AMBER,6.1,59.3
Nakuru,Nakuru,2023-06-12,56,41,139,100,491,168,65,74,36.5,1.1232876712328768,109.75,1.530751708428246,94.5,1.470899470899471,395.5,1.2414664981036663,64.75,1.5444015444015444,96.75,0.7648578811369509,49.75,1.1256281407035176,65.25,0.9961685823754789,0.165,0.325,0.031,0.1808,AMBER,13.5,58.9
Nakuru,Nakuru,2023-06-19,65,38,99,100,200,205,65,79,40.0,0.95,128.0,1.6015625,115.75,0.8552915766738661,439.0,0.45558086560364464,79.75,1.2539184952978057,81.75,0.9663608562691132,51.0,1.2745098039215685,65.75,0.9885931558935361,0.12,0.059,0.069,0.08335,GREEN,4.4,62.3
Nakuru,Nakuru,2023-06-26,70,54,143,77,164,169,73,90,42.5,1.2705882352941176,153.5,1.1009771986970684,115.25,1.2407809110629067,387.25,0.4234990316333118,89.0,0.8651685393258427,72.25,1.245674740484429,54.0,1.2962962962962963,66.5,1.0977443609022557,0.149,0.068,0.156,0.12275,GREEN,6.1,58.3
Nakuru,Nakuru,2023-07-03,77,54,122,65,148,196,73,121,46.75,1.1550802139037433,159.0,1.2327044025157232,123.75,0.9858585858585859,311.5,0.4751203852327448,90.25,0.7202216066481995,79.25,1.526813880126183,60.0,1.2833333333333334,65.5,1.1145038167938932,0.12,0.0,0.23,0.111,GREEN,14.5,58.5
Nakuru,Nakuru,2023-07-10,75,37,240,60,107,132,184,113,46.75,0.7914438502673797,184.5,0.7154471544715447,125.75,1.908548707753479,250.75,0.4267198404785643,85.5,0.7017543859649122,91.0,1.2417582417582418,67.0,1.1194029850746268,69.0,2.6666666666666665,0.0,0.257,0.372,0.20155,AMBER,17.2,61.2
Nakuru,Nakuru,2023-07-17,107,35,255,57,128,132,185,88,45.75,0.7650273224043715,175.5,0.7521367521367521,151.0,1.6887417218543046,154.75,0.827140549273021,75.5,0.7549668874172185,100.75,0.8734491315136477,71.75,1.4912891986062717,98.75,1.8734177215189873,0.0,0.195,0.268,0.14865,GREEN,15.8,58.5
Nakuru,Nakuru,2023-07-24,100,29,153,51,99,78,205,125,45.0,0.6444444444444445,157.25,0.4960254372019078,190.0,0.8052631578947368,136.75,0.7239488117001828,64.75,0.7876447876447876,103.0,1.2135922330097086,82.25,1.21580547112462,128.75,1.5922330097087378,0.0,0.0,0.21,0.063,GREEN,7.8,62.8
Nakuru,Nakuru,2023-07-31,82,27,191,67,121,132,172,87,38.75,0.6967741935483871,134.5,0.9814126394052045,192.5,0.9922077922077922,120.5,1.004149377593361,58.25,1.150214592274678,111.75,0.7785234899328859,89.75,0.9136490250696379,161.75,1.063369397217929,0.0,0.036,0.011,0.015899999999999997,GREEN,7.4,61.1
Nakuru,Nakuru,2023-08-07,98,34,226,64,156,142,208,122,32.0,1.0625,118.5,1.1983122362869199,209.75,1.0774731823599524,113.75,1.3714285714285714,58.75,1.0893617021276596,103.25,1.181598062953995,91.0,1.0769230769230769,186.5,1.1152815013404827,0.069,0.142,0.087,0.09995,GREEN,8.0,61.1
Nakuru,Nakuru,2023-08-14,84,49,252,84,162,150,137,123,31.25,1.568,121.0,1.2396694214876034,206.25,1.221818181818182,126.0,1.2857142857142858,59.75,1.405857740585774,105.5,1.1658767772511849,96.75,0.8682170542635659,192.5,0.7116883116883117,0.318,0.234,0.044,0.20639999999999997,AMBER,4.7,57.9
Nakuru,Nakuru,2023-08-21,59,56,95,89,156,103,99,78,34.75,1.6115107913669064,125.5,0.8207171314741036,205.5,0.46228710462287104,134.5,1.1598513011152416,66.5,1.3383458646616542,114.25,0.6827133479212254,91.0,0.6483516483516484,180.5,0.5484764542936288,0.29,0.122,0.0,0.1442,GREEN,11.3,59.2
Nakuru,Nakuru,2023-08-28,54,49,136,88,131,164,48,91,41.5,1.180722891566265,131.75,1.2447817836812145,191.0,0.7120418848167539,148.75,0.880672268907563,76.0,1.1578947368421053,102.5,0.8878048780487805,80.75,0.6687306501547987,154.0,0.3116883116883117,0.135,0.037,0.0,0.0602,GREEN,10.7,59.7
Nakuru,Nakuru,2023-09-04,51,39,109,70,197,172,69,84,47.0,0.8297872340425532,139.75,1.2307692307692308,177.25,0.614950634696756,151.25,1.3024793388429752,81.25,0.8615384615384616,103.5,0.8115942028985508,73.75,0.6915254237288135,123.0,0.5609756097560976,0.046,0.081,0.0,0.04445,GREEN,16.2,60.2
Nakuru,Nakuru,2023-09-11,77,54,113,86,198,175,70,89,48.25,1.1191709844559585,147.25,1.1884550084889642,148.0,0.7635135135135135,161.5,1.2260061919504643,82.75,1.039274924471299,94.0,0.9468085106382979,62.0,1.2419354838709677,88.25,0.7932011331444759,0.094,0.069,0.06,0.07505,GREEN,8.2,58.9
Nakuru,Nakuru,2023-09-18,59,34,89,96,153,170,57,77,49.5,0.6868686868686869,153.5,1.1074918566775245,113.25,0.7858719646799117,170.5,0.8973607038123167,83.25,1.1531531531531531,85.5,0.9005847953216374,60.25,0.979253112033195,71.5,0.7972027972027972,0.021,0.036,0.0,0.01995,GREEN,13.4,57.0
Nakuru,Nakuru,2023-09-25,57,29,62,66,137,150,69,64,44.0,0.6590909090909091,170.25,0.8810572687224669,111.75,0.5548098434004475,169.75,0.8070692194403535,85.0,0.7764705882352941,85.25,0.750733137829912,60.25,0.946058091286307,61.0,1.1311475409836065,0.0,0.0,0.022,0.006599999999999999,GREEN,17.7,60.7
Nakuru,Nakuru,2023-10-02,59,25,75,30,120,107,77,84,39.0,0.6410256410256411,166.75,0.6416791604197901,93.25,0.8042895442359249,171.25,0.7007299270072993,79.5,0.37735849056603776,78.5,1.070063694267516,61.0,0.9672131147540983,66.25,1.1622641509433962,0.0,0.0,0.046,0.0138,GREEN,37.8,63.5
Nakuru,Nakuru,2023-10-09,66,38,61,76,176,105,43,68,35.5,1.0704225352112675,150.5,0.6976744186046512,84.75,0.7197640117994101,152.0,1.1578947368421053,69.5,1.0935251798561152,78.5,0.8662420382165605,63.0,1.0476190476190477,68.25,0.63003663003663,0.033,0.064,0.012,0.03755,GREEN,59.3,64.6
Nakuru,Nakuru,2023-10-16,54,41,96,65,124,131,70,76,31.5,1.3015873015873016,133.0,0.9849624060150376,71.75,1.3379790940766552,146.5,0.8464163822525598,67.0,0.9701492537313433,73.25,1.0375426621160408,60.25,0.8962655601659751,61.5,1.1382113821138211,0.143,0.096,0.033,0.09355,GREEN,62.4,63.3
Nakuru,Nakuru,2023-10-23,50,44,85,107,167,173,41,73,33.25,1.3233082706766917,123.25,1.4036511156186613,73.5,1.1564625850340136,139.25,1.199281867145422,59.25,1.8059071729957805,73.0,1.0,59.0,0.847457627118644,64.75,0.6332046332046332,0.234,0.286,0.0,0.182,AMBER,83.6,66.9
Nakuru,Nakuru,2023-10-30,62,48,147,86,250,180,56,88,37.0,1.2972972972972974,129.0,1.3953488372093024,79.25,1.8548895899053628,146.75,1.7035775127768313,69.5,1.2374100719424461,75.25,1.169435215946844,57.25,1.0829694323144106,57.75,0.9696969696969697,0.22,0.485,0.066,0.26654999999999995,AMBER,86.2,69.6
Nakuru,Nakuru,2023-11-06,54,46,131,65,362,213,81,83,42.75,1.0760233918128654,147.25,1.4465195246179967,97.25,1.3470437017994858,179.25,2.01952580195258,83.5,0.7784431137724551,76.25,1.0885245901639344,58.0,0.9310344827586207,52.5,1.542857142857143,0.125,0.37,0.114,0.20745000000000002,AMBER,90.0,67.2
Nakuru,Nakuru,2023-11-13,56,48,115,59,329,229,72,90,44.75,1.0726256983240223,174.25,1.3142037302725968,114.75,1.0021786492374727,225.75,1.4573643410852712,80.75,0.7306501547987616,80.0,1.125,55.0,1.018181818181818,62.0,1.1612903225806452,0.097,0.123,0.065,0.0965,GREEN,85.4,67.6
Nakuru,Nakuru,2023-11-20,63,26,127,99,328,208,76,75,46.5,0.5591397849462365,198.75,1.0465408805031446,119.5,1.0627615062761506,277.0,1.184115523465704,79.25,1.249211356466877,83.5,0.8982035928143712,55.5,1.135135135135135,62.5,1.216,0.009,0.125,0.07,0.0679,GREEN,81.7,67.1
Nakuru,Nakuru,2023-11-27,106,74,85,85,297,168,99,106,42.0,1.7619047619047619,207.5,0.8096385542168675,130.0,0.6538461538461539,317.25,0.9361702127659575,77.25,1.1003236245954693,84.0,1.2619047619047619,58.75,1.804255319148936,71.25,1.3894736842105264,0.362,0.023,0.336,0.23554999999999998,AMBER,69.2,62.7
Nakuru,Nakuru,2023-12-04,93,67,92,85,292,124,142,138,48.5,1.3814432989690721,204.5,0.6063569682151589,114.5,0.8034934497816594,329.0,0.8875379939209727,77.0,1.103896103896104,88.5,1.5593220338983051,69.75,1.3333333333333333,82.0,1.7317073170731707,0.181,0.024,0.354,0.17795,AMBER,63.9,65.1
Nakuru,Nakuru,2023-12-11,191,42,74,54,130,108,80,133,53.75,0.7813953488372093,182.25,0.5925925925925926,104.75,0.7064439140811456,311.5,0.4173354735152488,82.0,0.6585365853658537,102.25,1.3007334963325183,79.5,2.40251572327044,97.25,0.8226221079691517,0.0,0.0,0.431,0.1293,GREEN,43.5,64.6
Nakuru,Nakuru,2023-12-18,198,68,89,63,160,144,91,97,52.25,1.3014354066985645,152.0,0.9473684210526315,94.5,0.9417989417989417,261.75,0.6112702960840497,80.75,0.7801857585139319,113.0,0.8584070796460177,113.25,1.7483443708609272,99.25,0.9168765743073047,0.143,0.0,0.187,0.10615,GREEN,20.0,63.2
Nakuru,Nakuru,2023-12-25,217,75,116,69,136,135,125,86,62.75,1.1952191235059761,136.0,0.9926470588235294,85.0,1.3647058823529412,219.75,0.6188850967007964,71.75,0.9616724738675958,118.5,0.7257383966244726,147.0,1.4761904761904763,103.0,1.2135922330097086,0.093,0.103,0.155,0.1151,GREEN,6.8,60.9
Nakuru,Nakuru,2024-01-01,118,81,95,58,168,106,83,77,63.0,1.2857142857142858,127.75,0.8297455968688845,92.75,1.0242587601078168,179.5,0.935933147632312,67.75,0.8560885608856088,113.5,0.6784140969162996,174.75,0.6752503576537912,109.5,0.7579908675799086,0.136,0.007,0.0,0.050050000000000004,GREEN,7.8,59.6
Nakuru,Nakuru,2024-01-08,97,114,102,69,145,122,64,63,66.5,1.7142857142857142,123.25,0.9898580121703854,93.5,1.0909090909090908,148.5,0.9764309764309764,61.0,1.1311475409836065,98.25,0.6412213740458015,181.0,0.5359116022099447,94.75,0.6754617414248021,0.339,0.056,0.0,0.13825,GREEN,8.8,59.5
Nakuru,Nakuru,2024-01-15,129,97,80,83,160,135,53,64,84.5,1.1479289940828403,126.75,1.0650887573964498,100.5,0.7960199004975125,152.25,1.0509031198686372,64.75,1.281853281853282,80.75,0.7925696594427245,157.5,0.819047619047619,90.75,0.5840220385674931,0.083,0.079,0.0,0.0567,GREEN,9.9,61.5
Nakuru,Nakuru,2024-01-22,65,109,97,74,196,132,85,83,91.75,1.1880108991825613,124.5,1.0602409638554218,98.25,0.9872773536895675,152.25,1.2873563218390804,69.75,1.060931899641577,72.5,1.1448275862068966,140.25,0.46345811051693403,81.25,1.0461538461538462,0.101,0.091,0.046,0.08099999999999999,GREEN,5.7,63.1
Nakuru,Nakuru,2024-01-29,64,113,113,65,201,487,81,89,100.25,1.1271820448877805,123.75,3.9353535353535354,93.5,1.2085561497326203,167.25,1.201793721973094,71.0,0.9154929577464789,71.75,1.240418118466899,102.25,0.6259168704156479,71.25,1.1368421052631579,0.647,0.113,0.087,0.2921,AMBER,9.0,59.8
Nakuru,Nakuru,2024-02-05,61,104,115,87,158,390,87,81,108.25,0.9607390300230947,219.0,1.7808219178082192,98.0,1.1734693877551021,175.5,0.9002849002849003,72.75,1.1958762886597938,74.75,1.0836120401337792,88.75,0.6873239436619718,70.75,1.2296819787985867,0.156,0.095,0.061,0.10614999999999998,GREEN,10.0,58.7
Nakuru,Nakuru,2024-02-12,92,316,89,70,174,377,81,105,105.75,2.9881796690307327,286.0,1.3181818181818181,101.25,0.8790123456790123,178.75,0.9734265734265735,77.25,0.9061488673139159,79.25,1.3249211356466877,79.75,1.1536050156739812,76.5,1.0588235294117647,1.008,0.0,0.135,0.3933,AMBER,7.7,57.1
Nakuru,Nakuru,2024-02-19,89,96,133,38,199,417,189,116,160.5,0.5981308411214953,346.5,1.2034632034632036,103.5,1.285024154589372,182.25,1.0919067215363512,74.0,0.5135135135135135,89.5,1.2960893854748603,70.5,1.2624113475177305,83.5,2.2634730538922154,0.041,0.105,0.355,0.1576,AMBER,6.6,58.6
Nakuru,Nakuru,2024-02-26,109,75,105,69,111,324,198,122,157.25,0.4769475357710652,417.75,0.7755834829443446,112.5,0.9333333333333333,183.0,0.6065573770491803,65.0,1.0615384615384615,97.75,1.248081841432225,76.5,1.4248366013071896,109.5,1.8082191780821917,0.0,0.014,0.307,0.097,GREEN,11.2,58.8
Nakuru,Nakuru,2024-03-04,102,78,79,45,147,263,217,128,147.75,0.5279187817258884,377.0,0.6976127320954907,110.5,0.7149321266968326,160.5,0.9158878504672897,66.0,0.6818181818181818,106.0,1.2075471698113207,87.75,1.1623931623931625,138.75,1.563963963963964,0.0,0.0,0.19,0.056999999999999995,GREEN,29.0,60.9
Nakuru,Nakuru,2024-03-11,71,99,144,70,137,139,247,139,141.25,0.7008849557522124,345.25,0.40260680666183923,101.5,1.4187192118226601,157.75,0.8684627575277337,55.5,1.2612612612612613,117.75,1.1804670912951167,98.0,0.7244897959183674,171.25,1.4423357664233576,0.0,0.18,0.122,0.0996,GREEN,44.5,61.4
Nakuru,Nakuru,2024-03-18,109,95,157,80,105,155,216,106,87.0,1.0919540229885059,285.75,0.5424321959755031,115.25,1.3622559652928417,148.5,0.7070707070707071,55.5,1.4414414414414414,126.25,0.8396039603960396,92.75,1.1752021563342319,212.75,1.0152761457109283,0.044,0.206,0.046,0.1013,GREEN,67.3,63.4
Nakuru,Nakuru,2024-03-25,78,47,153,84,142,191,144,82,86.75,0.5417867435158501,220.25,0.8671963677639046,121.25,1.2618556701030927,125.0,1.136,66.0,1.2727272727272727,123.75,0.6626262626262627,97.75,0.7979539641943734,219.5,0.6560364464692483,0.0,0.174,0.0,0.06089999999999999,GREEN,80.0,68.3
Nakuru,Nakuru,2024-04-01,73,40,191,117,161,169,95,114,79.75,0.5015673981191222,187.0,0.9037433155080213,133.25,1.4333958724202627,132.75,1.2128060263653484,69.75,1.6774193548387097,113.75,1.0021978021978022,90.0,0.8111111111111111,206.0,0.46116504854368934,0.0,0.338,0.001,0.1186,GREEN,82.6,68.7
Nakuru,Nakuru,2024-04-08,44,47,199,85,174,212,68,175,70.25,0.6690391459074733,163.5,1.2966360856269112,161.25,1.2341085271317829,136.25,1.2770642201834863,87.75,0.9686609686609686,110.25,1.5873015873015872,82.75,0.5317220543806647,175.5,0.38746438746438744,0.059,0.14,0.157,0.11674999999999999,GREEN,85.1,67.7
Nakuru,Nakuru,2024-04-15,59,50,153,81,186,176,72,266,57.25,0.8733624454148472,181.75,0.9683631361760661,175.0,0.8742857142857143,145.5,1.2783505154639174,91.5,0.8852459016393442,119.25,2.230607966457023,76.0,0.7763157894736842,130.75,0.5506692160611855,0.0,0.074,0.328,0.1243,GREEN,87.5,65.0
Nakuru,Nakuru,2024-04-22,64,41,112,88,106,159,79,326,46.0,0.8913043478260869,187.0,0.8502673796791443,174.0,0.6436781609195402,165.75,0.6395173453996983,91.75,0.9591280653950953,159.25,2.0470957613814758,63.5,1.0078740157480315,94.75,0.8337730870712401,0.0,0.0,0.281,0.0843,GREEN,81.9,65.2
Nakuru,Nakuru,2024-04-29,71,39,95,72,167,168,54,368,44.5,0.8764044943820225,179.0,0.9385474860335196,163.75,0.5801526717557252,156.75,1.065390749601276,92.75,0.7762803234501348,220.25,1.6708286038592508,60.0,1.1833333333333333,78.5,0.6878980891719745,0.0,0.017,0.225,0.07345,GREEN,71.5,66.9
Nakuru,Nakuru,2024-05-06,67,28,61,75,120,100,65,355,44.25,0.632768361581921,178.75,0.5594405594405595,139.75,0.4364937388193202,158.25,0.7582938388625592,81.5,0.9202453987730062,283.75,1.251101321585903,59.5,1.1260504201680672,68.25,0.9523809523809523,0.0,0.0,0.098,0.0294,GREEN,59.2,64.9
Nakuru,Nakuru,2024-05-13,60,23,63,44,145,117,60,341,39.5,0.5822784810126582,150.75,0.7761194029850746,105.25,0.5985748218527316,144.75,1.001727115716753,79.0,0.5569620253164557,328.75,1.0372623574144486,65.25,0.9195402298850575,67.5,0.8888888888888888,0.0,0.0,0.01,0.003,GREEN,44.3,64.7
Nakuru,Nakuru,2024-05-20,42,30,80,52,136,110,50,155,32.75,0.916030534351145,136.0,0.8088235294117647,82.75,0.9667673716012085,134.5,1.0111524163568772,69.75,0.7455197132616488,347.5,0.4460431654676259,65.5,0.6412213740458015,64.5,0.7751937984496124,0.0,0.003,0.0,0.00105,GREEN,25.8,60.4
Nakuru,Nakuru,2024-05-27,56,33,125,81,185,112,68,94,30.0,1.1,123.75,0.9050505050505051,74.75,1.6722408026755853,142.0,1.3028169014084507,60.75,1.3333333333333333,304.75,0.3084495488105004,60.0,0.9333333333333333,57.25,1.1877729257641922,0.048,0.349,0.031,0.14825,GREEN,6.0,61.8
Nakuru,Nakuru,2024-06-03,50,40,116,66,208,171,89,77,28.5,1.4035087719298245,109.75,1.5580865603644647,82.25,1.4103343465045592,146.5,1.4197952218430034,63.0,1.0476190476190477,236.25,0.32592592592592595,56.25,0.8888888888888888,60.75,1.4650205761316872,0.303,0.239,0.078,0.21309999999999998,AMBER,7.3,62.3
Nakuru,Nakuru,2024-06-10,57,34,90,93,219,158,47,69,31.5,1.0793650793650793,127.5,1.2392156862745098,96.0,0.9375,168.5,1.2997032640949555,60.75,1.5308641975308641,166.75,0.41379310344827586,52.0,1.0961538461538463,66.75,0.704119850187266,0.086,0.204,0.024,0.10869999999999998,GREEN,6.1,60.0
Nakuru,Nakuru,2024-06-17,45,42,124,91,176,223,65,85,34.25,1.2262773722627738,137.75,1.618874773139746,102.75,1.2068126520681266,187.0,0.9411764705882353,73.0,1.2465753424657535,98.75,0.8607594936708861,51.25,0.8780487804878049,63.5,1.0236220472440944,0.231,0.116,0.004,0.12265000000000001,GREEN,7.9,62.4
Nakuru,Nakuru,2024-06-24,65,43,87,76,294,156,87,93,37.25,1.1543624161073827,166.0,0.9397590361445783,113.75,0.7648351648351648,197.0,1.4923857868020305,82.75,0.918429003021148,81.25,1.1446153846153846,52.0,1.25,67.25,1.2936802973977695,0.073,0.131,0.15,0.11639999999999999,GREEN,11.1,57.5
Nakuru,Nakuru,2024-07-01,72,40,124,85,294,163,93,111,39.75,1.0062893081761006,177.0,0.9209039548022598,104.25,1.1894484412470023,224.25,1.3110367892976589,81.5,1.0429447852760736,81.0,1.3703703703703705,54.25,1.327188940092166,72.0,1.2916666666666667,0.003,0.147,0.229,0.1212,GREEN,5.3,59.0
Nakuru,Nakuru,2024-07-08,79,35,91,114,304,108,100,121,39.75,0.8805031446540881,175.0,0.6171428571428571,106.25,0.8564705882352941,245.75,1.237029501525941,86.25,1.3217391304347825,89.5,1.3519553072625698,59.75,1.3221757322175731,73.0,1.36986301369863,0.0,0.138,0.236,0.11909999999999998,GREEN,6.1,61.7
Nakuru,Nakuru,2024-07-15,84,30,84,104,225,129,87,134,40.0,0.75,162.5,0.7938461538461539,106.5,0.7887323943661971,267.0,0.8426966292134831,91.5,1.1366120218579234,102.5,1.3073170731707318,65.25,1.2873563218390804,86.25,1.008695652173913,0.0,0.032,0.155,0.0577,GREEN,11.2,61.7
Nakuru,Nakuru,2024-07-22,92,26,86,99,201,80,114,109,37.0,0.7027027027027027,139.0,0.5755395683453237,96.5,0.8911917098445595,279.25,0.7197851387645479,94.75,1.0448548812664908,114.75,0.9498910675381264,75.0,1.2266666666666666,91.75,1.2425068119891007,0.0,0.01,0.097,0.032600000000000004,GREEN,9.3,59.7
Nakuru,Nakuru,2024-07-29,96,35,69,124,253,127,96,98,32.75,1.0687022900763359,120.0,1.0583333333333333,96.25,0.7168831168831169,256.0,0.98828125,100.5,1.2338308457711442,118.75,0.8252631578947368,81.75,1.1743119266055047,98.5,0.9746192893401016,0.044,0.055,0.044,0.04785,GREEN,5.4,57.8
Nakuru,Nakuru,2024-08-05,54,33,77,133,140,129,68,143,31.5,1.0476190476190477,111.0,1.162162162162162,82.5,0.9333333333333333,245.75,0.5696846388606307,110.25,1.2063492063492063,115.5,1.2380952380952381,87.75,0.6153846153846154,99.25,0.6851385390428212,0.055,0.048,0.063,0.05495,GREEN,6.4,60.3
Nakuru,Nakuru,2024-08-12,50,34,98,163,152,108,108,110,31.0,1.096774193548387,116.25,0.9290322580645162,79.0,1.240506329113924,204.75,0.7423687423687424,115.0,1.4173913043478261,121.0,0.9090909090909091,81.5,0.6134969325153374,91.25,1.1835616438356165,0.046,0.166,0.031,0.0835,GREEN,7.9,59.2
Nakuru,Nakuru,2024-08-19,63,61,131,90,184,170,90,102,32.0,1.90625,111.0,1.5315315315315314,82.5,1.587878787878788,186.5,0.9865951742627346,129.75,0.6936416184971098,115.0,0.8869565217391304,73.0,0.863013698630137,96.5,0.9326424870466321,0.537,0.167,0.0,0.2464,AMBER,13.2,59.0
Nakuru,Nakuru,2024-08-26,53,69,89,106,191,300,66,55,40.75,1.6932515337423313,133.5,2.247191011235955,93.75,0.9493333333333334,182.25,1.0480109739369,127.5,0.8313725490196079,113.25,0.4856512141280353,65.75,0.8060836501901141,90.5,0.7292817679558011,0.579,0.013,0.0,0.20719999999999997,AMBER,10.1,58.6
Nakuru,Nakuru,2024-09-02,57,68,65,84,201,327,67,87,49.25,1.380710659898477,176.75,1.85007072135785,98.75,0.6582278481012658,166.75,1.2053973013493253,123.0,0.6829268292682927,102.5,0.848780487804878,55.0,1.0363636363636364,83.0,0.8072289156626506,0.351,0.055,0.009,0.14479999999999998,GREEN,11.2,61.2
Nakuru,Nakuru,2024-09-09,49,60,100,95,196,332,75,69,58.0,1.0344827586206897,226.25,1.467403314917127,95.75,1.0443864229765014,182.0,1.0769230769230769,110.75,0.8577878103837472,88.5,0.7796610169491526,55.75,0.8789237668161435,82.75,0.9063444108761329,0.11,0.033,0.0,0.05005,GREEN,9.8,58.7
Nakuru,Nakuru,2024-09-16,55,48,105,83,136,307,67,66,64.5,0.7441860465116279,282.25,1.087688219663419,96.25,1.0909090909090908,193.0,0.7046632124352331,93.75,0.8853333333333333,78.25,0.8434504792332268,55.5,0.990990990990991,74.5,0.8993288590604027,0.018,0.026,0.0,0.015399999999999997,GREEN,4.1,60.8
Nakuru,Nakuru,2024-09-23,56,46,101,86,125,225,74,74,61.25,0.7510204081632653,316.5,0.7109004739336493,89.75,1.1253481894150419,181.0,0.6906077348066298,92.0,0.9347826086956522,69.25,1.068592057761733,53.5,1.0467289719626167,68.75,1.0763636363636364,0.0,0.036,0.043,0.025499999999999995,GREEN,17.3,59.7
Nakuru,Nakuru,2024-09-30,49,25,67,53,103,162,163,64,55.5,0.45045045045045046,297.75,0.5440806045340051,92.75,0.7223719676549866,164.5,0.6261398176291794,87.0,0.6091954022988506,74.0,0.8648648648648649,54.25,0.9032258064516129,70.75,2.303886925795053,0.0,0.0,0.217,0.06509999999999999,GREEN,30.2,62.0
Nakuru,Nakuru,2024-10-07,63,33,80,60,172,90,204,75,44.75,0.7374301675977654,256.5,0.3508771929824561,93.25,0.8579088471849866,140.0,1.2285714285714286,79.25,0.7570977917981072,68.25,1.098901098901099,52.25,1.2057416267942584,94.75,2.153034300791557,0.0,0.061,0.27,0.10235,GREEN,47.4,63.5
Nakuru,Nakuru,2024-10-14,56,34,114,87,159,142,179,73,38.0,0.8947368421052632,196.0,0.7244897959183674,88.25,1.291784702549575,134.0,1.1865671641791045,70.5,1.2340425531914894,69.75,1.0465949820788532,55.75,1.0044843049327354,127.0,1.4094488188976377,0.0,0.187,0.082,0.09004999999999999,GREEN,62.6,66.2
Nakuru,Nakuru,2024-10-21,60,39,77,85,179,336,176,87,34.5,1.1304347826086956,154.75,2.1712439418416802,90.5,0.850828729281768,139.75,1.2808586762075134,71.5,1.1888111888111887,71.5,1.2167832167832169,56.0,1.0714285714285714,155.0,1.135483870967742,0.296,0.119,0.098,0.17465,AMBER,82.1,63.3
Nakuru,Nakuru,2024-10-28,56,38,106,101,190,339,138,92,32.75,1.1603053435114503,182.5,1.8575342465753424,84.5,1.2544378698224852,153.25,1.2398042414355628,71.25,1.4175438596491228,74.75,1.2307692307692308,57.0,0.9824561403508771,180.5,0.7645429362880887,0.248,0.233,0.062,0.18695,AMBER,83.7,66.0
Nakuru,Nakuru,2024-11-04,72,45,118,96,171,391,178,92,36.0,1.25,226.75,1.7243660418963616,94.25,1.2519893899204244,175.0,0.9771428571428571,83.25,1.1531531531531531,81.75,1.1253822629969419,58.75,1.225531914893617,174.25,1.0215208034433285,0.264,0.107,0.093,0.15775,AMBER,83.8,67.3
Nakuru,Nakuru,2024-11-11,73,39,121,58,233,408,69,60,39.0,1.0,302.0,1.3509933774834437,103.75,1.1662650602409639,174.75,1.3333333333333333,92.25,0.6287262872628726,86.0,0.6976744186046512,61.0,1.1967213114754098,167.75,0.4113263785394933,0.07,0.136,0.049,0.0868,GREEN,86.7,68.3
Nakuru,Nakuru,2024-11-18,72,45,99,85,189,285,83,91,40.25,1.1180124223602483,368.5,0.7734056987788331,105.5,0.9383886255924171,193.25,0.9780077619663649,85.0,1.0,82.75,1.0996978851963746,65.25,1.103448275862069,140.25,0.5918003565062389,0.056,0.0,0.052,0.035199999999999995,GREEN,81.2,67.9
Nakuru,Nakuru,2024-11-25,97,27,98,76,163,252,89,77,41.75,0.6467065868263473,355.75,0.708362614195362,111.0,0.8828828828828829,195.75,0.8326947637292464,85.0,0.8941176470588236,83.75,0.9194029850746268,68.25,1.4212454212454213,117.0,0.7606837606837606,0.0,0.0,0.105,0.0315,GREEN,73.1,64.4
Nakuru,Nakuru,2024-12-02,69,29,53,65,119,113,91,103,39.0,0.7435897435897436,334.0,0.3383233532934132,109.0,0.48623853211009177,189.0,0.6296296296296297,78.75,0.8253968253968254,80.0,1.2875,78.5,0.8789808917197452,104.75,0.8687350835322196,0.0,0.0,0.077,0.0231,GREEN,64.1,62.7
Nakuru,Nakuru,2024-12-09,95,25,65,53,99,82,146,115,35.0,0.7142857142857143,264.5,0.31001890359168244,92.75,0.7008086253369272,176.0,0.5625,71.0,0.7464788732394366,82.75,1.3897280966767371,77.75,1.2218649517684887,83.0,1.7590361445783131,0.0,0.0,0.286,0.08579999999999999,GREEN,39.9,62.2
Nakuru,Nakuru,2024-12-16,96,32,91,49,136,87,130,133,31.5,1.0158730158730158,183.0,0.47540983606557374,78.75,1.1555555555555554,142.5,0.9543859649122807,69.75,0.7025089605734767,96.5,1.378238341968912,83.25,1.1531531531531531,102.25,1.271393643031785,0.008,0.044,0.184,0.07339999999999999,GREEN,22.4,63.9
Nakuru,Nakuru,2024-12-23,88,52,83,83,145,117,131,108,28.25,1.8407079646017699,133.5,0.8764044943820225,76.75,1.0814332247557004,129.25,1.1218568665377175,60.75,1.3662551440329218,107.0,1.0093457943925233,89.25,0.9859943977591037,114.0,1.1491228070175439,0.399,0.141,0.027,0.1971,AMBER,11.6,63.8
Nakuru,Nakuru,2024-12-30,52,32,86,68,119,94,53,69,34.5,0.927536231884058,99.75,0.9423558897243107,73.0,1.178082191780822,124.75,0.9539078156312625,62.5,1.088,114.75,0.6013071895424836,87.0,0.5977011494252874,124.5,0.42570281124497994,0.0,0.071,0.0,0.024849999999999997,GREEN,6.8,60.4
Vihiga,Vihiga,2023-01-02,78,56,98,73,126,157,99,119,,,,,,,,,,,,,,,,,0.0,0.0,0.0,0.0,GREEN,16.5,80.5
Vihiga,Vihiga,2023-01-09,64,128,94,78,122,194,95,86,56.0,2.2857142857142856,157.0,1.2356687898089171,98.0,0.9591836734693877,126.0,0.9682539682539683,73.0,1.0684931506849316,119.0,0.7226890756302521,78.0,0.8205128205128205,99.0,0.9595959595959596,0.658,0.016,0.0,0.2359,AMBER,21.5,80.0
Vihiga,Vihiga,2023-01-16,57,194,112,91,206,239,101,104,92.0,2.108695652173913,175.5,1.3618233618233617,96.0,1.1666666666666667,124.0,1.6612903225806452,75.5,1.205298013245033,102.5,1.0146341463414634,71.0,0.8028169014084507,97.0,1.041237113402062,0.599,0.271,0.011,0.3078,AMBER,25.7,79.9
Vihiga,Vihiga,2023-01-23,65,189,137,93,193,304,76,90,126.0,1.5,196.66666666666666,1.5457627118644068,101.33333333333333,1.3519736842105263,151.33333333333334,1.275330396475771,80.66666666666667,1.152892561983471,103.0,0.8737864077669902,66.33333333333333,0.9798994974874372,98.33333333333333,0.7728813559322034,0.347,0.209,0.0,0.1946,AMBER,14.6,82.1
Vihiga,Vihiga,2023-01-30,80,210,125,109,199,333,80,77,141.75,1.4814814814814814,223.5,1.4899328859060403,110.25,1.1337868480725624,161.75,1.230293663060278,83.75,1.3014925373134327,99.75,0.7719298245614035,66.0,1.2121212121212122,92.75,0.862533692722372,0.327,0.17,0.053,0.18985,AMBER,14.0,77.8
Vihiga,Vihiga,2023-02-06,95,196,119,71,211,402,113,143,180.25,1.087378640776699,267.5,1.502803738317757,117.0,1.017094017094017,180.0,1.1722222222222223,92.75,0.7654986522911051,89.25,1.6022408963585435,66.5,1.4285714285714286,88.0,1.2840909090909092,0.142,0.051,0.315,0.16205,AMBER,12.9,82.8
Vihiga,Vihiga,2023-02-13,120,201,80,85,143,255,131,167,197.25,1.0190114068441065,319.5,0.7981220657276995,123.25,0.6490872210953347,202.25,0.7070457354758962,91.0,0.9340659340659341,103.5,1.6135265700483092,74.25,1.6161616161616161,92.5,1.4162162162162162,0.009,0.0,0.387,0.11925,GREEN,5.9,80.8
Vihiga,Vihiga,2023-02-20,122,58,84,49,123,197,108,143,199.0,0.2914572864321608,323.5,0.6089644513137558,115.25,0.7288503253796096,186.5,0.6595174262734584,89.5,0.547486033519553,119.25,1.19916142557652,90.0,1.3555555555555556,100.0,1.08,0.0,0.0,0.155,0.0465,GREEN,19.9,81.3
Vihiga,Vihiga,2023-02-27,126,48,99,51,176,213,452,181,166.25,0.2887218045112782,296.75,0.7177759056444819,102.0,0.9705882352941176,169.0,1.0414201183431953,78.5,0.6496815286624203,132.5,1.3660377358490565,104.25,1.20863309352518,108.0,4.185185185185185,0.0,0.011,0.65,0.19885,AMBER,22.3,80.9
Vihiga,Vihiga,2023-03-06,119,47,78,53,94,125,410,205,125.75,0.37375745526838966,266.75,0.46860356138706655,95.5,0.8167539267015707,163.25,0.5758039816232772,64.0,0.828125,158.5,1.2933753943217665,115.75,1.0280777537796977,201.0,2.0398009950248754,0.0,0.0,0.259,0.0777,GREEN,54.5,80.3
Vihiga,Vihiga,2023-03-13,145,55,95,68,116,208,550,180,88.5,0.6214689265536724,197.5,1.0531645569620254,85.25,1.1143695014662756,134.0,0.8656716417910447,59.5,1.1428571428571428,174.0,1.0344827586206897,121.75,1.1909650924024642,275.25,1.9981834695731153,0.011,0.066,0.223,0.09385,GREEN,84.5,83.5
Vihiga,Vihiga,2023-03-20,104,55,107,72,137,423,430,135,52.0,1.0576923076923077,185.75,2.2772543741588156,89.0,1.202247191011236,127.25,1.0766208251473477,55.25,1.3031674208144797,177.25,0.7616361071932299,128.0,0.8125,380.0,1.131578947368421,0.283,0.148,0.022,0.15744999999999998,AMBER,113.4,82.3
Vihiga,Vihiga,2023-03-27,91,63,128,73,234,1263,397,267,51.25,1.2292682926829268,242.25,5.213622291021672,94.75,1.3509234828496042,130.75,1.7896749521988529,61.0,1.1967213114754098,175.25,1.5235378031383737,123.5,0.7368421052631579,460.5,0.8621064060803475,0.709,0.356,0.14,0.41474999999999995,RED,127.1,87.4
Vihiga,Vihiga,2023-04-03,102,80,109,80,202,1530,344,285,55.0,1.4545454545454546,504.75,3.0312035661218424,102.0,1.0686274509803921,145.25,1.3907056798623063,66.5,1.2030075187969924,196.75,1.4485387547649302,114.75,0.8888888888888888,446.75,0.7700055959709009,0.622,0.171,0.12,0.31354999999999994,AMBER,146.3,86.8
Vihiga,Vihiga,2023-04-10,62,82,117,104,220,1324,74,203,63.25,1.2964426877470356,856.0,1.5467289719626167,109.75,1.0660592255125285,172.25,1.2772133526850509,73.25,1.4197952218430034,216.75,0.936562860438293,110.5,0.5610859728506787,430.25,0.17199302730970367,0.25,0.191,0.0,0.15435,AMBER,150.1,83.6
Vihiga,Vihiga,2023-04-17,105,68,96,80,194,1499,118,212,70.0,0.9714285714285714,1135.0,1.320704845814978,115.25,0.8329718004338394,198.25,0.978562421185372,82.25,0.9726443768996961,222.5,0.952808988764045,89.75,1.16991643454039,311.25,0.3791164658634538,0.064,0.0,0.042,0.035,GREEN,147.5,85.3
Vihiga,Vihiga,2023-04-24,78,67,86,101,162,1385,69,206,73.25,0.9146757679180887,1404.0,0.9864672364672364,112.5,0.7644444444444445,212.5,0.7623529411764706,84.25,1.198813056379822,241.75,0.8521199586349535,90.0,0.8666666666666667,233.25,0.2958199356913183,0.0,0.046,0.0,0.0161,GREEN,137.5,84.9
Vihiga,Vihiga,2023-05-01,81,78,73,82,178,391,102,171,74.25,1.0505050505050506,1434.5,0.2725688393168351,102.0,0.7156862745098039,194.5,0.9151670951156813,91.25,0.8986301369863013,226.5,0.7549668874172185,86.75,0.9337175792507204,151.25,0.6743801652892562,0.024,0.0,0.0,0.0084,GREEN,122.3,85.4
Vihiga,Vihiga,2023-05-08,68,47,74,68,109,524,99,95,73.75,0.6372881355932203,1149.75,0.4557512502717982,93.0,0.7956989247311828,188.5,0.5782493368700266,91.75,0.7411444141689373,198.0,0.4797979797979798,81.5,0.8343558282208589,90.75,1.0909090909090908,0.0,0.0,0.015,0.0045,GREEN,94.8,83.9
Vihiga,Vihiga,2023-05-15,73,51,89,44,100,363,84,110,65.0,0.7846153846153846,949.75,0.382205843643064,82.25,1.082066869300912,160.75,0.6220839813374806,82.75,0.5317220543806647,171.0,0.6432748538011696,83.0,0.8795180722891566,97.0,0.865979381443299,0.0,0.023,0.0,0.00805,GREEN,67.0,82.1
Vihiga,Vihiga,2023-05-22,72,60,65,73,158,788,100,118,60.75,0.9876543209876543,665.75,1.1836274877957191,80.5,0.8074534161490683,137.25,1.151183970856102,73.75,0.9898305084745763,145.5,0.8109965635738832,75.0,0.96,88.5,1.1299435028248588,0.037,0.04,0.022,0.033549999999999996,GREEN,31.1,79.5
Vihiga,Vihiga,2023-05-29,71,77,93,68,129,714,87,122,59.0,1.305084745762712,516.5,1.382381413359148,75.25,1.2358803986710964,136.25,0.9467889908256881,66.75,1.0187265917602997,123.5,0.9878542510121457,73.5,0.9659863945578231,96.25,0.9038961038961039,0.221,0.071,0.0,0.1022,GREEN,16.3,80.4
Vihiga,Vihiga,2023-06-05,84,63,86,66,173,1038,82,91,58.75,1.0723404255319149,597.25,1.737965676015069,80.25,1.071651090342679,124.0,1.3951612903225807,63.25,1.0434782608695652,111.25,0.8179775280898877,71.0,1.1830985915492958,92.5,0.8864864864864865,0.182,0.136,0.046,0.1251,GREEN,9.9,80.4
Vihiga,Vihiga,2023-06-12,72,72,103,91,184,665,97,112,62.75,1.1474103585657371,725.75,0.9162934894936273,83.25,1.2372372372372373,140.0,1.3142857142857143,62.75,1.450199203187251,110.25,1.0158730158730158,75.0,0.96,88.25,1.0991501416430596,0.07,0.256,0.021,0.12040000000000001,GREEN,5.3,81.7
Vihiga,Vihiga,2023-06-19,89,71,118,68,177,261,77,124,68.0,1.0441176470588236,801.25,0.3257410296411856,86.75,1.3602305475504324,161.0,1.0993788819875776,74.5,0.912751677852349,110.75,1.1196388261851016,74.75,1.1906354515050168,91.5,0.8415300546448088,0.021,0.129,0.08,0.0765,GREEN,22.5,80.8
Vihiga,Vihiga,2023-06-26,131,87,101,75,133,312,107,109,70.75,1.2296819787985867,669.5,0.46601941747572817,100.0,1.01,165.75,0.8024132730015083,73.25,1.023890784982935,112.25,0.9710467706013363,79.0,1.6582278481012658,85.75,1.2478134110787171,0.109,0.008,0.206,0.10274999999999998,GREEN,18.6,80.5
Vihiga,Vihiga,2023-07-03,104,63,124,80,161,266,117,181,73.25,0.8600682593856656,569.0,0.46748681898066785,102.0,1.2156862745098038,166.75,0.9655172413793104,75.0,1.0666666666666667,109.0,1.6605504587155964,94.0,1.1063829787234043,90.75,1.2892561983471074,0.0,0.077,0.251,0.10225,GREEN,14.5,80.9
Vihiga,Vihiga,2023-07-10,123,68,120,97,142,248,135,205,73.25,0.9283276450511946,376.0,0.6595744680851063,111.5,1.0762331838565022,163.75,0.867175572519084,78.5,1.2356687898089171,131.5,1.55893536121673,99.0,1.2424242424242424,99.5,1.35678391959799,0.0,0.077,0.269,0.10765000000000001,GREEN,12.6,77.9
Vihiga,Vihiga,2023-07-17,136,56,57,57,146,156,161,657,72.25,0.7750865051903114,271.75,0.5740570377184913,115.75,0.4924406047516199,153.25,0.9526916802610114,80.0,0.7125,154.75,4.245557350565428,111.75,1.2170022371364653,109.0,1.4770642201834863,0.0,0.0,0.934,0.2802,AMBER,12.7,82.0
Vihiga,Vihiga,2023-07-24,166,40,65,50,122,181,141,498,68.5,0.583941605839416,245.5,0.7372708757637475,100.5,0.6467661691542289,145.5,0.8384879725085911,77.25,0.6472491909385113,288.0,1.7291666666666667,123.5,1.3441295546558705,130.0,1.0846153846153845,0.0,0.0,0.295,0.0885,GREEN,18.4,80.7
Vihiga,Vihiga,2023-07-31,127,61,86,71,150,214,147,488,56.75,1.0748898678414096,212.75,1.0058754406580495,91.5,0.9398907103825137,142.75,1.0507880910683012,71.0,1.0,385.25,1.2667099286177808,132.25,0.9603024574669187,138.5,1.0613718411552346,0.037,0.014,0.081,0.04214999999999999,GREEN,14.3,81.5
Vihiga,Vihiga,2023-08-07,106,62,114,59,146,243,132,498,56.25,1.1022222222222222,199.75,1.216520650813517,82.0,1.3902439024390243,140.0,1.042857142857143,68.75,0.8581818181818182,462.0,1.077922077922078,138.0,0.7681159420289855,146.0,0.9041095890410958,0.092,0.122,0.021,0.0812,GREEN,10.3,82.5
Vihiga,Vihiga,2023-08-14,88,78,100,86,192,233,156,447,54.75,1.4246575342465753,198.5,1.1738035264483626,80.5,1.2422360248447204,141.0,1.3617021276595744,59.25,1.4514767932489452,535.25,0.8351237739374124,133.75,0.6579439252336449,145.25,1.0740103270223753,0.236,0.27,0.012,0.18069999999999997,AMBER,11.4,80.6
Vihiga,Vihiga,2023-08-21,93,69,113,100,144,292,116,403,60.25,1.1452282157676348,217.75,1.340987370838117,91.25,1.2383561643835617,152.5,0.9442622950819672,66.5,1.5037593984962405,482.75,0.8348006214396686,121.75,0.7638603696098563,144.0,0.8055555555555556,0.137,0.185,0.0,0.1127,GREEN,18.9,79.3
Vihiga,Vihiga,2023-08-28,72,68,95,82,140,273,94,117,67.5,1.0074074074074073,245.5,1.1120162932790223,103.25,0.9200968523002422,158.0,0.8860759493670886,79.0,1.0379746835443038,459.0,0.2549019607843137,103.5,0.6956521739130435,137.75,0.6823956442831216,0.026,0.009,0.0,0.012249999999999999,GREEN,15.0,81.2
Vihiga,Vihiga,2023-09-04,100,82,87,98,122,209,100,103,69.25,1.184115523465704,260.25,0.803073967339097,105.5,0.8246445497630331,155.5,0.7845659163987139,81.75,1.198776758409786,366.25,0.2812286689419795,89.75,1.1142061281337048,124.5,0.8032128514056225,0.087,0.046,0.029,0.055249999999999994,GREEN,22.6,78.9
Vihiga,Vihiga,2023-09-11,97,74,130,84,165,257,83,124,74.25,0.9966329966329966,251.75,1.0208540218470705,98.75,1.3164556962025316,149.5,1.1036789297658862,91.5,0.9180327868852459,267.5,0.4635514018691589,88.25,1.0991501416430596,116.5,0.7124463519313304,0.004,0.117,0.025,0.04985,GREEN,15.6,81.6
Vihiga,Vihiga,2023-09-18,65,63,71,65,144,224,103,88,73.25,0.8600682593856656,257.75,0.8690591658583899,106.25,0.668235294117647,142.75,1.0087565674255692,91.0,0.7142857142857143,186.75,0.47121820615796517,90.5,0.7182320441988951,98.25,1.0483460559796438,0.0,0.002,0.008,0.0031,GREEN,10.4,79.7
Vihiga,Vihiga,2023-09-25,69,90,115,62,439,222,96,105,71.75,1.254355400696864,240.75,0.9221183800623053,95.75,1.2010443864229765,142.75,3.075306479859895,82.25,0.7537993920972644,108.0,0.9722222222222222,83.5,0.8263473053892215,95.0,1.0105263157894737,0.121,0.61,0.002,0.25645,AMBER,24.7,81.7
Vihiga,Vihiga,2023-10-02,78,92,80,148,299,100,70,130,77.25,1.190938511326861,228.0,0.43859649122807015,100.75,0.794044665012407,217.5,1.374712643678161,77.25,1.9158576051779934,105.0,1.2380952380952381,82.75,0.9425981873111783,95.5,0.7329842931937173,0.091,0.314,0.063,0.16065,AMBER,53.3,82.1
Vihiga,Vihiga,2023-10-09,93,79,94,183,409,198,72,85,79.75,0.9905956112852664,200.75,0.9863013698630136,99.0,0.9494949494949495,261.75,1.5625596943648519,89.75,2.0389972144846795,111.75,0.7606263982102909,77.25,1.203883495145631,88.0,0.8181818181818182,0.0,0.392,0.051,0.1525,AMBER,78.8,84.0
Vihiga,Vihiga,2023-10-16,78,94,106,217,1148,190,83,94,81.0,1.1604938271604939,186.0,1.021505376344086,90.0,1.1777777777777778,322.75,3.5569326103795507,114.5,1.8951965065502183,102.0,0.9215686274509803,76.25,1.022950819672131,85.25,0.9736070381231672,0.081,0.941,0.006,0.3595,AMBER,104.7,83.9
Vihiga,Vihiga,2023-10-23,70,147,103,253,1008,272,73,116,88.75,1.656338028169014,177.5,1.532394366197183,98.75,1.0430379746835443,573.75,1.7568627450980392,152.5,1.659016393442623,103.5,1.1207729468599035,79.5,0.8805031446540881,80.25,0.9096573208722741,0.418,0.368,0.032,0.2847,AMBER,126.6,81.8
Vihiga,Vihiga,2023-10-30,141,156,120,265,1242,294,88,111,103.0,1.5145631067961165,190.0,1.5473684210526315,95.75,1.2532637075718016,716.0,1.73463687150838,200.25,1.32334581772784,106.25,1.0447058823529412,79.75,1.7680250783699059,74.5,1.1812080536912752,0.354,0.343,0.234,0.31415,AMBER,144.4,84.7
Vihiga,Vihiga,2023-11-06,129,80,112,159,505,281,77,91,119.0,0.6722689075630253,238.5,1.178197064989518,105.75,1.0591016548463357,951.75,0.5306015235093249,229.5,0.6928104575163399,101.5,0.896551724137931,95.5,1.350785340314136,79.0,0.9746835443037974,0.036,0.017,0.088,0.04494999999999999,GREEN,145.4,85.0
Vihiga,Vihiga,2023-11-13,189,71,122,84,351,312,109,120,119.25,0.5953878406708596,259.25,1.2034715525554485,110.25,1.1065759637188208,975.75,0.35972328977709456,223.5,0.37583892617449666,103.0,1.1650485436893203,104.5,1.8086124401913874,80.25,1.3582554517133956,0.041,0.03,0.306,0.11664999999999999,GREEN,158.3,83.4
Vihiga,Vihiga,2023-11-20,180,74,106,62,409,211,156,122,113.5,0.6519823788546255,289.75,0.728213977566868,114.25,0.9277899343544858,776.5,0.5267224726336124,190.25,0.32588699080157685,109.5,1.1141552511415524,132.25,1.3610586011342154,86.75,1.798270893371758,0.0,0.0,0.254,0.0762,GREEN,135.3,87.2
Vihiga,Vihiga,2023-11-27,206,77,84,70,146,267,141,189,95.25,0.8083989501312336,274.5,0.9726775956284153,115.0,0.7304347826086957,626.75,0.23294774631033108,142.5,0.49122807017543857,111.0,1.7027027027027026,159.75,1.2895148669796557,107.5,1.3116279069767443,0.0,0.0,0.312,0.0936,GREEN,128.9,84.4
Vihiga,Vihiga,2023-12-04,279,70,74,63,117,171,145,168,75.5,0.9271523178807947,267.75,0.6386554621848739,106.0,0.6981132075471698,352.75,0.3316796598157335,93.75,0.672,130.5,1.2873563218390804,176.0,1.5852272727272727,120.75,1.2008281573498965,0.0,0.0,0.256,0.0768,GREEN,104.5,84.8
Vihiga,Vihiga,2023-12-11,116,30,61,62,92,115,291,226,73.0,0.410958904109589,240.25,0.4786680541103018,96.5,0.6321243523316062,255.75,0.3597262952101662,69.75,0.8888888888888888,149.75,1.5091819699499165,213.5,0.5433255269320844,137.75,2.1125226860254083,0.0,0.0,0.321,0.0963,GREEN,63.9,82.0
Vihiga,Vihiga,2023-12-18,100,48,98,64,117,184,241,177,62.75,0.7649402390438247,191.0,0.9633507853403142,81.25,1.2061538461538461,191.0,0.612565445026178,64.25,0.9961089494163424,176.25,1.004255319148936,195.25,0.5121638924455826,183.25,1.315143246930423,0.0,0.058,0.054,0.0365,GREEN,36.8,78.8
Vihiga,Vihiga,2023-12-25,122,57,88,143,164,157,285,159,56.25,1.0133333333333334,184.25,0.8521031207598372,79.25,1.110410094637224,118.0,1.3898305084745763,64.75,2.2084942084942085,190.0,0.8368421052631579,175.25,0.6961483594864479,204.5,1.3936430317848412,0.006,0.417,0.066,0.16785,AMBER,6.8,79.7
Vihiga,Vihiga,2024-01-01,73,64,61,135,108,199,174,100,51.25,1.248780487804878,156.75,1.2695374800637957,80.25,0.7601246105919003,122.5,0.8816326530612245,83.0,1.6265060240963856,182.5,0.547945205479452,154.25,0.473257698541329,240.5,0.7234927234927235,0.172,0.146,0.0,0.11129999999999998,GREEN,23.5,79.1
Vihiga,Vihiga,2024-01-08,83,38,103,162,149,220,163,101,49.75,0.7638190954773869,163.75,1.3435114503816794,77.0,1.3376623376623376,120.25,1.2390852390852392,101.0,1.603960396039604,165.5,0.6102719033232629,102.75,0.8077858880778589,247.75,0.6579212916246215,0.069,0.3,0.0,0.12915,GREEN,15.0,78.7
Vihiga,Vihiga,2024-01-15,81,74,131,148,200,307,165,107,51.75,1.429951690821256,190.0,1.6157894736842104,87.5,1.497142857142857,134.5,1.486988847583643,126.0,1.1746031746031746,134.25,0.7970204841713222,94.5,0.8571428571428571,215.75,0.764774044032445,0.327,0.311,0.0,0.2233,AMBER,8.4,79.3
Vihiga,Vihiga,2024-01-22,128,71,126,162,201,305,119,145,58.25,1.2188841201716738,220.75,1.3816534541336354,95.75,1.3159268929503916,155.25,1.2946859903381642,147.0,1.1020408163265305,116.75,1.2419700214132763,89.75,1.426183844011142,196.75,0.6048284625158831,0.18,0.192,0.171,0.1815,AMBER,8.5,78.9
Vihiga,Vihiga,2024-01-29,128,95,105,163,177,225,104,100,61.75,1.5384615384615385,257.75,0.8729388942774006,105.25,0.997624703087886,164.5,1.0759878419452888,151.75,1.0741350906095553,113.25,0.8830022075055187,91.25,1.4027397260273973,155.25,0.6698872785829307,0.256,0.038,0.101,0.13319999999999999,GREEN,14.0,82.3
Vihiga,Vihiga,2024-02-05,140,91,86,78,236,243,147,122,69.5,1.3093525179856116,264.25,0.9195837275307474,116.25,0.7397849462365591,181.75,1.2984869325997248,158.75,0.49133858267716535,113.25,1.0772626931567328,105.0,1.3333333333333333,137.75,1.0671506352087115,0.147,0.08,0.115,0.11395,GREEN,12.4,80.6
Vihiga,Vihiga,2024-02-12,184,73,105,71,229,279,139,150,82.75,0.8821752265861027,270.0,1.0333333333333334,112.0,0.9375,203.5,1.1253071253071254,137.75,0.515426497277677,118.5,1.2658227848101267,119.25,1.5429769392033543,133.75,1.0392523364485982,0.007,0.033,0.213,0.0779,GREEN,26.6,79.7
Vihiga,Vihiga,2024-02-19,229,47,95,48,474,258,111,191,82.5,0.5696969696969697,263.0,0.9809885931558935,105.5,0.9004739336492891,210.75,2.2491103202846974,118.5,0.4050632911392405,129.25,1.4777562862669245,145.0,1.5793103448275863,127.25,0.8722986247544204,0.0,0.333,0.272,0.19815,AMBER,7.8,79.9
Vihiga,Vihiga,2024-02-26,183,47,73,54,261,227,146,138,76.5,0.6143790849673203,251.25,0.9034825870646767,97.75,0.7468030690537084,279.0,0.9354838709677419,90.0,0.6,140.75,0.9804618117229129,170.25,1.0748898678414096,125.25,1.1656686626746506,0.0,0.0,0.046,0.0138,GREEN,12.5,81.0
Vihiga,Vihiga,2024-03-04,131,37,78,40,396,177,115,191,64.5,0.5736434108527132,251.75,0.7030784508440914,89.75,0.8690807799442897,300.0,1.32,62.75,0.6374501992031872,150.25,1.2712146422628952,184.0,0.7119565217391305,135.75,0.8471454880294659,0.0,0.085,0.072,0.05134999999999999,GREEN,47.2,81.6
Vihiga,Vihiga,2024-03-11,148,41,109,76,272,189,164,153,51.0,0.803921568627451,235.25,0.8034006376195537,87.75,1.2421652421652423,340.0,0.8,53.25,1.4272300469483568,167.5,0.9134328358208955,181.75,0.8143053645116919,127.75,1.283757338551859,0.0,0.168,0.047,0.07289999999999999,GREEN,71.0,83.5
Vihiga,Vihiga,2024-03-18,130,72,101,75,577,242,158,178,43.0,1.6744186046511629,212.75,1.137485311398355,88.75,1.1380281690140845,350.75,1.6450463292943691,54.5,1.3761467889908257,168.25,1.0579494799405647,172.75,0.7525325615050651,134.0,1.1791044776119404,0.348,0.299,0.045,0.23995,AMBER,108.5,86.1
Vihiga,Vihiga,2024-03-25,130,54,110,79,603,310,111,137,49.25,1.0964467005076142,208.75,1.4850299401197604,90.25,1.2188365650969528,376.5,1.6015936254980079,61.25,1.2897959183673469,165.0,0.8303030303030303,148.0,0.8783783783783784,145.75,0.7615780445969125,0.143,0.29,0.0,0.15155,AMBER,130.7,85.7
Vihiga,Vihiga,2024-04-01,86,96,311,76,239,266,100,84,51.0,1.8823529411764706,229.5,1.159041394335512,99.5,3.1256281407035176,462.0,0.5173160173160173,67.5,1.125925925925926,164.75,0.5098634294385432,134.75,0.6382189239332097,137.0,0.7299270072992701,0.451,0.632,0.0,0.37905,AMBER,146.7,84.5
Vihiga,Vihiga,2024-04-08,56,98,446,87,199,301,93,111,65.75,1.4904942965779469,251.75,1.195630585898709,157.75,2.827258320126783,422.75,0.47072738024837374,76.5,1.1372549019607843,138.0,0.8043478260869565,123.5,0.4534412955465587,133.25,0.6979362101313321,0.272,0.55,0.0,0.2877,AMBER,154.6,86.4
Vihiga,Vihiga,2024-04-15,79,70,358,74,178,265,75,111,80.0,0.875,279.75,0.9472743521000894,242.0,1.4793388429752066,404.5,0.4400494437577256,79.25,0.9337539432176656,127.5,0.8705882352941177,100.5,0.7860696517412935,115.5,0.6493506493506493,0.0,0.136,0.0,0.0476,GREEN,177.0,88.0
Vihiga,Vihiga,2024-04-22,81,73,312,82,166,238,74,96,79.5,0.9182389937106918,285.5,0.8336252189141856,306.25,1.0187755102040816,304.75,0.5447087776866284,79.0,1.0379746835443038,110.75,0.8668171557562077,87.75,0.9230769230769231,94.75,0.7810026385224275,0.0,0.014,0.0,0.0049,GREEN,154.6,85.4
Vihiga,Vihiga,2024-04-29,93,60,315,76,149,231,108,95,84.25,0.712166172106825,267.5,0.8635514018691589,356.75,0.8829712683952348,195.5,0.7621483375959079,79.75,0.9529780564263323,100.5,0.945273631840796,75.5,1.2317880794701987,85.5,1.263157894736842,0.0,0.0,0.102,0.030599999999999995,GREEN,125.8,86.9
Vihiga,Vihiga,2024-05-06,91,58,292,56,163,172,93,84,75.25,0.770764119601329,258.75,0.6647342995169082,357.75,0.8162124388539483,173.0,0.9421965317919075,79.75,0.7021943573667712,103.25,0.8135593220338984,77.25,1.1779935275080906,87.5,1.062857142857143,0.0,0.0,0.055,0.0165,GREEN,108.8,82.2
Vihiga,Vihiga,2024-05-13,83,48,74,47,133,147,83,117,65.25,0.735632183908046,226.5,0.6490066225165563,319.25,0.2317932654659358,164.0,0.8109756097560976,72.0,0.6527777777777778,96.5,1.2124352331606219,86.0,0.9651162790697675,87.5,0.9485714285714286,0.0,0.0,0.057,0.0171,GREEN,74.8,84.7
Vihiga,Vihiga,2024-05-20,86,53,101,73,145,162,68,119,59.75,0.8870292887029289,197.0,0.8223350253807107,248.25,0.4068479355488419,152.75,0.9492635024549918,65.25,1.1187739463601531,98.0,1.2142857142857142,87.0,0.9885057471264368,89.5,0.7597765363128491,0.0,0.028,0.057,0.0269,GREEN,47.6,80.6
Vihiga,Vihiga,2024-05-27,75,65,103,72,145,223,103,91,54.75,1.187214611872146,178.0,1.252808988764045,195.5,0.5268542199488491,147.5,0.9830508474576272,63.0,1.1428571428571428,103.75,0.8771084337349397,88.25,0.8498583569405099,88.0,1.1704545454545454,0.139,0.033,0.028,0.0686,GREEN,9.7,78.3
Vihiga,Vihiga,2024-06-03,63,63,102,71,792,277,82,96,56.0,1.125,176.0,1.5738636363636365,142.5,0.7157894736842105,146.5,5.406143344709897,62.0,1.1451612903225807,102.75,0.9343065693430657,83.75,0.7522388059701492,86.75,0.9452449567723343,0.174,0.834,0.0,0.3528,AMBER,9.0,80.1
Vihiga,Vihiga,2024-06-10,78,79,120,80,683,254,116,104,57.25,1.3799126637554586,202.25,1.2558714462299134,95.0,1.263157894736842,303.75,2.248559670781893,65.75,1.2167300380228137,105.75,0.983451536643026,76.75,1.01628664495114,84.0,1.380952380952381,0.232,0.458,0.068,0.2619,AMBER,20.0,79.9
Vihiga,Vihiga,2024-06-17,88,78,124,73,465,285,103,141,65.0,1.2,229.0,1.244541484716157,106.5,1.164319248826291,441.25,1.0538243626062322,74.0,0.9864864864864865,102.5,1.3756097560975609,75.5,1.1655629139072847,92.25,1.1165311653116532,0.144,0.061,0.161,0.12004999999999999,GREEN,14.3,80.1
Vihiga,Vihiga,2024-06-24,103,64,91,84,554,284,97,138,71.25,0.8982456140350877,259.75,1.093358999037536,112.25,0.8106904231625836,521.25,1.0628297362110313,74.0,1.135135135135135,108.0,1.2777777777777777,76.0,1.355263157894737,101.0,0.9603960396039604,0.019,0.048,0.163,0.07235,GREEN,17.7,80.1
Vihiga,Vihiga,2024-07-01,122,69,125,90,647,277,115,127,71.0,0.971830985915493,275.0,1.0072727272727273,109.25,1.1441647597254005,623.5,1.037690457097033,77.0,1.1688311688311688,119.75,1.0605427974947808,83.0,1.4698795180722892,99.5,1.1557788944723617,0.001,0.09,0.16,0.07985,GREEN,6.3,79.7
Vihiga,Vihiga,2024-07-08,113,58,93,197,455,225,179,172,72.5,0.8,275.0,0.8181818181818182,115.0,0.808695652173913,587.25,0.7747977862920392,81.75,2.4097859327217126,127.5,1.3490196078431373,97.75,1.156010230179028,107.75,1.6612529002320187,0.0,0.329,0.242,0.18775,AMBER,8.9,79.5
Vihiga,Vihiga,2024-07-15,123,46,82,235,150,223,150,139,67.25,0.6840148698884758,267.75,0.8328664799253035,108.25,0.7575057736720554,530.25,0.2828854314002829,111.0,2.1171171171171173,144.5,0.9619377162629758,106.5,1.1549295774647887,123.5,1.214574898785425,0.0,0.261,0.074,0.11355,GREEN,15.3,79.4
Vihiga,Vihiga,2024-07-22,428,33,80,155,137,103,143,198,59.25,0.5569620253164557,252.25,0.40832507433102083,97.75,0.8184143222506394,451.5,0.3034330011074197,151.5,1.023102310231023,144.0,1.375,115.25,3.713665943600868,135.25,1.057301293900185,0.0,0.005,0.788,0.23815,AMBER,12.6,77.6
Vihiga,Vihiga,2024-07-29,359,52,95,179,70,276,152,219,51.5,1.0097087378640777,207.0,1.3333333333333333,95.0,1.0,347.25,0.2015838732901368,169.25,1.0576070901033974,159.0,1.3773584905660377,196.5,1.826972010178117,146.75,1.0357751277683134,0.071,0.013,0.313,0.12329999999999999,GREEN,3.9,80.1
Vihiga,Vihiga,2024-08-05,339,54,87,171,160,199,131,206,47.25,1.1428571428571428,206.75,0.9625151148730351,87.5,0.9942857142857143,203.0,0.7881773399014779,191.5,0.8929503916449086,182.0,1.1318681318681318,255.75,1.3255131964809383,156.0,0.8397435897435898,0.068,0.0,0.117,0.0589,GREEN,19.5,79.3
Vihiga,Vihiga,2024-08-12,346,64,120,209,176,275,133,165,46.25,1.3837837837837839,200.25,1.373283395755306,86.0,1.3953488372093024,129.25,1.3617021276595744,185.0,1.1297297297297297,190.5,0.8661417322834646,312.25,1.1080864691753403,144.0,0.9236111111111112,0.257,0.239,0.027,0.18169999999999997,AMBER,14.1,80.3
Vihiga,Vihiga,2024-08-19,318,86,104,75,177,239,109,117,50.75,1.6945812807881773,213.25,1.1207502930832356,95.5,1.0890052356020943,135.75,1.3038674033149171,178.5,0.42016806722689076,197.0,0.5939086294416244,368.0,0.8641304347826086,139.75,0.7799642218246869,0.354,0.106,0.0,0.16099999999999998,AMBER,18.2,81.9
Vihiga,Vihiga,2024-08-26,228,83,147,58,201,313,103,85,64.0,1.296875,247.25,1.2659251769464106,101.5,1.4482758620689655,145.75,1.379073756432247,158.5,0.3659305993690852,176.75,0.4809052333804809,340.5,0.6696035242290749,131.25,0.7847619047619048,0.194,0.228,0.0,0.1477,GREEN,11.4,77.4
Vihiga,Vihiga,2024-09-02,64,63,99,97,207,290,86,83,71.75,0.8780487804878049,256.5,1.1306042884990253,114.5,0.8646288209606987,178.5,1.1596638655462186,128.25,0.7563352826510721,143.25,0.5794066317626527,307.75,0.20796100731112915,119.0,0.7226890756302521,0.026,0.043,0.0,0.024149999999999998,GREEN,16.2,82.5
Vihiga,Vihiga,2024-09-09,195,73,111,74,182,234,79,61,74.0,0.9864864864864865,279.25,0.8379588182632051,117.5,0.9446808510638298,190.25,0.9566360052562418,109.75,0.6742596810933941,112.5,0.5422222222222223,239.0,0.8158995815899581,107.75,0.7331786542923434,0.0,0.0,0.0,0.0,GREEN,18.7,78.5
Vihiga,Vihiga,2024-09-16,226,62,185,65,153,266,86,116,76.25,0.8131147540983606,269.0,0.9888475836431226,115.25,1.6052060737527114,191.75,0.7979139504563233,76.0,0.8552631578947368,86.5,1.3410404624277457,201.25,1.1229813664596273,94.25,0.9124668435013262,0.0,0.171,0.122,0.09645000000000001,GREEN,10.9,79.5
Vihiga,Vihiga,2024-09-23,225,64,246,66,156,187,86,103,70.25,0.9110320284697508,275.75,0.6781504986400725,135.5,1.8154981549815499,185.75,0.8398384925975774,73.5,0.8979591836734694,86.25,1.1942028985507247,178.25,1.262272089761571,88.5,0.9717514124293786,0.0,0.231,0.117,0.11595,GREEN,12.4,84.5
Vihiga,Vihiga,2024-09-30,227,48,127,58,121,162,90,119,65.5,0.732824427480916,244.25,0.6632548618219037,160.25,0.7925117004680188,174.5,0.6934097421203438,75.5,0.7682119205298014,90.75,1.3112947658402203,177.5,1.2788732394366198,84.25,1.0682492581602374,0.0,0.0,0.164,0.0492,GREEN,42.5,82.3
Vihiga,Vihiga,2024-10-07,236,79,199,61,137,165,100,127,61.75,1.2793522267206479,212.25,0.7773851590106007,167.25,1.1898355754857997,153.0,0.8954248366013072,65.75,0.9277566539923955,99.75,1.2731829573934836,218.25,1.0813287514318441,85.25,1.1730205278592376,0.133,0.054,0.122,0.10205,GREEN,73.9,82.7
Vihiga,Vihiga,2024-10-14,219,139,187,73,130,228,99,107,63.25,2.197628458498024,195.0,1.1692307692307693,189.25,0.988110964332893,141.75,0.9171075837742504,62.5,1.168,116.25,0.9204301075268817,228.5,0.9584245076586433,90.5,1.0939226519337018,0.603,0.039,0.016,0.22949999999999998,AMBER,96.7,83.6
Vihiga,Vihiga,2024-10-21,80,166,219,89,136,337,107,107,82.5,2.012121212121212,185.5,1.8167115902964959,189.75,1.1541501976284585,136.0,1.0,64.5,1.37984496124031,114.0,0.9385964912280702,226.75,0.3528114663726571,93.75,1.1413333333333333,0.644,0.132,0.024,0.2788,AMBER,124.4,85.2
Vihiga,Vihiga,2024-10-28,76,162,121,80,151,319,80,98,108.0,1.5,223.0,1.4304932735426008,183.0,0.6612021857923497,131.0,1.1526717557251909,70.25,1.1387900355871887,115.0,0.8521739130434782,190.5,0.3989501312335958,99.0,0.8080808080808081,0.324,0.073,0.0,0.13895,GREEN,147.4,84.7
Vihiga,Vihiga,2024-11-04,90,145,136,218,200,298,96,100,136.5,1.0622710622710623,262.25,1.1363203050524309,181.5,0.7493112947658402,138.5,1.444043321299639,75.75,2.877887788778878,109.75,0.9111617312072893,152.75,0.5891980360065466,96.5,0.9948186528497409,0.057,0.557,0.0,0.2149,AMBER,156.3,84.0
Vihiga,Vihiga,2024-11-11,114,204,141,154,186,260,123,142,153.0,1.3333333333333333,295.5,0.8798646362098139,165.75,0.8506787330316742,154.25,1.2058346839546192,115.0,1.3391304347826087,103.0,1.3786407766990292,116.25,0.9806451612903225,95.5,1.287958115183246,0.158,0.134,0.149,0.14689999999999998,GREEN,158.4,87.1
Vihiga,Vihiga,2024-11-18,89,76,82,158,139,262,115,144,169.25,0.44903988183161003,303.5,0.8632619439868204,154.25,0.5316045380875203,168.25,0.826151560178306,135.25,1.1682070240295748,111.75,1.2885906040268456,90.0,0.9888888888888889,101.5,1.1330049261083743,0.0,0.039,0.099,0.04335,GREEN,147.4,85.0
Vihiga,Vihiga,2024-11-25,116,79,101,192,178,236,138,157,146.75,0.5383304940374787,284.75,0.8287971905179983,120.0,0.8416666666666667,169.0,1.0532544378698225,152.5,1.259016393442623,121.0,1.2975206611570247,92.25,1.2574525745257452,103.5,1.3333333333333333,0.0,0.075,0.199,0.08595,GREEN,125.3,85.7
Vihiga,Vihiga,2024-12-02,129,61,104,125,172,205,112,174,126.0,0.48412698412698413,264.0,0.7765151515151515,115.0,0.9043478260869565,175.75,0.9786628733997155,180.5,0.6925207756232687,135.75,1.281767955801105,102.25,1.2616136919315404,118.0,0.9491525423728814,0.0,0.0,0.141,0.0423,GREEN,114.2,82.1
Vihiga,Vihiga,2024-12-09,126,43,54,135,109,126,176,202,105.0,0.4095238095238095,240.75,0.5233644859813084,107.0,0.5046728971962616,168.75,0.6459259259259259,157.25,0.8585055643879174,154.25,1.3095623987034035,112.0,1.125,122.0,1.4426229508196722,0.0,0.0,0.188,0.0564,GREEN,74.0,81.7
Vihiga,Vihiga,2024-12-16,163,47,89,63,105,211,147,157,64.75,0.7258687258687259,207.25,1.0180940892641737,85.25,1.0439882697947214,149.5,0.7023411371237458,152.5,0.4131147540983607,169.25,0.9276218611521418,115.0,1.4173913043478261,135.25,1.0868761552680222,0.004,0.012,0.119,0.041299999999999996,GREEN,35.6,81.3
Vihiga,Vihiga,2024-12-23,125,61,97,69,145,192,160,163,57.5,1.0608695652173914,194.5,0.987146529562982,87.0,1.1149425287356323,141.0,1.0283687943262412,128.75,0.5359223300970873,172.5,0.9449275362318841,133.5,0.9363295880149812,143.25,1.1169284467713787,0.029,0.04,0.019,0.029849999999999998,GREEN,11.5,77.5
Vihiga,Vihiga,2024-12-30,68,49,91,56,160,239,94,109,53.0,0.9245283018867925,183.5,1.3024523160762942,86.0,1.058139534883721,132.75,1.2052730696798493,98.0,0.5714285714285714,174.0,0.6264367816091954,135.75,0.5009208103130756,148.75,0.6319327731092437,0.06,0.071,0.0,0.045849999999999995,GREEN,11.2,75.8
Voi,Taita-Taveta,2023-01-02,28,97,77,78,148,366,37,27,,,,,,,,,,,,,,,,,0.0,0.0,0.0,0.0,GREEN,7.8,50.0
Voi,Taita-Taveta,2023-01-09,27,77,80,74,180,346,31,50,97.0,0.7938144329896907,366.0,0.9453551912568307,77.0,1.0389610389610389,148.0,1.2162162162162162,78.0,0.9487179487179487,27.0,1.8518518518518519,28.0,0.9642857142857143,37.0,0.8378378378378378,0.0,0.069,0.227,0.09225,GREEN,12.0,52.4
Voi,Taita-Taveta,2023-01-16,24,90,115,76,194,393,32,38,87.0,1.0344827586206897,356.0,1.103932584269663,78.5,1.464968152866242,164.0,1.1829268292682926,76.0,1.0,38.5,0.987012987012987,27.5,0.8727272727272727,34.0,0.9411764705882353,0.037,0.181,0.0,0.07629999999999999,GREEN,8.9,50.9
Voi,Taita-Taveta,2023-01-23,24,121,138,71,187,391,30,39,88.0,1.375,368.3333333333333,1.0615384615384615,90.66666666666667,1.5220588235294117,174.0,1.0747126436781609,76.0,0.9342105263157895,38.333333333333336,1.017391304347826,26.333333333333332,0.9113924050632912,33.333333333333336,0.8999999999999999,0.19,0.168,0.005,0.1268,GREEN,3.5,51.5
Voi,Taita-Taveta,2023-01-30,25,125,126,73,177,509,28,38,96.25,1.2987012987012987,374.0,1.36096256684492,102.5,1.2292682926829268,177.25,0.998589562764457,74.75,0.9765886287625418,38.5,0.987012987012987,25.75,0.970873786407767,32.5,0.8615384615384616,0.214,0.065,0.0,0.09764999999999999,GREEN,4.6,53.4
Voi,Taita-Taveta,2023-02-06,34,104,144,84,218,344,95,53,103.25,1.0072639225181599,409.75,0.839536302623551,114.75,1.2549019607843137,184.5,1.1815718157181572,73.5,1.1428571428571428,41.25,1.284848484848485,25.0,1.36,30.25,3.1404958677685952,0.003,0.154,0.523,0.21185,AMBER,5.6,50.6
Voi,Taita-Taveta,2023-02-13,44,109,130,59,191,347,127,56,110.0,0.990909090909091,409.25,0.8478924862553452,130.75,0.994263862332696,194.0,0.9845360824742269,76.0,0.7763157894736842,42.0,1.3333333333333333,26.75,1.644859813084112,46.25,2.745945945945946,0.0,0.0,0.541,0.1623,AMBER,5.1,51.2
Voi,Taita-Taveta,2023-02-20,44,99,90,65,129,487,135,54,114.75,0.8627450980392157,397.75,1.22438717787555,134.5,0.6691449814126395,193.25,0.6675291073738681,71.75,0.9059233449477352,46.5,1.1612903225806452,31.75,1.3858267716535433,70.0,1.9285714285714286,0.045,0.0,0.294,0.10394999999999999,GREEN,12.0,53.3
Voi,Taita-Taveta,2023-02-27,46,81,93,65,147,243,159,73,109.25,0.7414187643020596,421.75,0.5761707172495554,122.5,0.7591836734693878,178.75,0.8223776223776224,70.25,0.9252669039145908,50.25,1.4527363184079602,36.75,1.251700680272109,96.25,1.651948051948052,0.0,0.0,0.292,0.0876,GREEN,10.4,50.8
Voi,Taita-Taveta,2023-03-06,55,56,116,55,99,179,151,59,98.25,0.5699745547073791,355.25,0.5038705137227305,114.25,1.0153172866520788,171.25,0.5781021897810219,68.25,0.8058608058608059,59.0,1.0,42.0,1.3095238095238095,129.0,1.1705426356589148,0.0,0.004,0.106,0.03319999999999999,GREEN,16.5,56.6
Voi,Taita-Taveta,2023-03-13,46,82,161,55,122,319,149,47,86.25,0.9507246376811594,314.0,1.015923566878981,107.25,1.5011655011655012,141.5,0.8621908127208481,61.0,0.9016393442622951,60.5,0.7768595041322314,47.25,0.9735449735449735,143.0,1.0419580419580419,0.003,0.142,0.007,0.052849999999999994,GREEN,28.0,58.5
Voi,Taita-Taveta,2023-03-20,40,111,157,60,146,237,55,126,79.5,1.3962264150943395,307.0,0.7719869706840391,115.0,1.3652173913043477,124.25,1.1750503018108651,60.0,1.0,58.25,2.163090128755365,47.75,0.837696335078534,148.5,0.37037037037037035,0.188,0.15,0.31,0.2113,AMBER,33.7,58.7
Voi,Taita-Taveta,2023-03-27,33,85,154,67,179,375,56,144,82.5,1.0303030303030303,244.5,1.5337423312883436,131.75,1.1688804554079697,128.5,1.3929961089494163,58.75,1.1404255319148937,76.25,1.8885245901639345,46.75,0.7058823529411765,128.5,0.4357976653696498,0.121,0.185,0.237,0.1782,AMBER,52.3,61.9
Voi,Taita-Taveta,2023-04-03,40,97,223,82,199,552,48,130,83.5,1.1616766467065869,277.5,1.9891891891891893,147.0,1.5170068027210883,136.5,1.4578754578754578,59.25,1.3839662447257384,94.0,1.3829787234042554,43.5,0.9195402298850575,102.75,0.46715328467153283,0.275,0.358,0.102,0.25215,AMBER,45.4,62.0
Voi,Taita-Taveta,2023-04-10,26,114,197,114,180,328,87,121,93.75,1.216,370.75,0.8846931894807822,173.75,1.1338129496402878,161.5,1.1145510835913313,66.0,1.7272727272727273,111.75,1.0827740492170022,39.75,0.6540880503144654,77.0,1.12987012987013,0.103,0.238,0.044,0.13254999999999997,GREEN,57.2,60.8
Voi,Taita-Taveta,2023-04-17,25,94,102,98,178,293,82,116,101.75,0.9238329238329238,373.0,0.7855227882037533,182.75,0.5581395348837209,176.0,1.0113636363636365,80.75,1.2136222910216719,130.25,0.8905950095969289,34.75,0.7194244604316546,61.5,1.3333333333333333,0.0,0.053,0.056,0.03534999999999999,GREEN,50.9,57.7
Voi,Taita-Taveta,2023-04-24,25,76,307,83,165,301,96,107,97.5,0.7794871794871795,387.0,0.7777777777777778,169.0,1.816568047337278,184.0,0.8967391304347826,90.25,0.9196675900277008,127.75,0.837573385518591,31.0,0.8064516129032258,68.25,1.4065934065934067,0.0,0.231,0.068,0.10125,GREEN,51.9,62.7
Voi,Taita-Taveta,2023-05-01,33,107,271,79,188,390,78,43,95.25,1.1233595800524934,368.5,1.0583446404341927,207.25,1.307599517490953,180.5,1.0415512465373962,94.25,0.8381962864721485,118.5,0.3628691983122363,29.0,1.1379310344827587,78.25,0.9968051118210862,0.07,0.098,0.034,0.069,GREEN,48.2,59.8
Voi,Taita-Taveta,2023-05-08,25,51,225,74,81,336,76,38,97.75,0.5217391304347826,328.0,1.024390243902439,219.25,1.0262257696693273,177.75,0.45569620253164556,93.5,0.7914438502673797,96.75,0.39276485788113696,27.25,0.9174311926605505,85.75,0.8862973760932945,0.005,0.007,0.0,0.0042,GREEN,34.3,57.9
Voi,Taita-Taveta,2023-05-15,32,56,207,59,114,208,97,30,82.0,0.6829268292682927,330.0,0.6303030303030303,226.25,0.9149171270718232,153.0,0.7450980392156863,83.5,0.7065868263473054,76.0,0.39473684210526316,27.0,1.1851851851851851,83.0,1.1686746987951808,0.0,0.0,0.074,0.022199999999999998,GREEN,21.8,56.0
Voi,Taita-Taveta,2023-05-22,27,85,279,61,175,317,19,29,72.5,1.1724137931034482,308.75,1.0267206477732793,252.5,1.104950495049505,137.0,1.2773722627737227,73.75,0.8271186440677966,54.5,0.5321100917431193,28.75,0.9391304347826087,86.75,0.21902017291066284,0.087,0.104,0.0,0.06684999999999999,GREEN,12.4,52.2
Voi,Taita-Taveta,2023-05-29,23,95,305,64,175,416,31,45,74.75,1.2709030100334449,312.75,1.3301358912869705,245.5,1.2423625254582484,139.5,1.2544802867383513,68.25,0.9377289377289377,35.0,1.2857142857142858,29.25,0.7863247863247863,67.5,0.45925925925925926,0.195,0.137,0.076,0.13899999999999998,GREEN,5.8,51.1
Voi,Taita-Taveta,2023-06-05,26,98,100,79,212,493,39,25,71.75,1.3658536585365855,319.25,1.5442443226311668,254.0,0.3937007874015748,136.25,1.5559633027522937,64.5,1.2248062015503876,35.5,0.704225352112676,26.75,0.9719626168224299,55.75,0.6995515695067265,0.283,0.201,0.0,0.1694,AMBER,7.7,51.9
Voi,Taita-Taveta,2023-06-12,27,93,138,98,131,402,37,36,83.5,1.1137724550898203,358.5,1.1213389121338913,222.75,0.6195286195286195,169.0,0.7751479289940828,65.75,1.4904942965779469,32.25,1.1162790697674418,27.0,1.0,46.5,0.7956989247311828,0.078,0.114,0.031,0.0765,GREEN,10.9,54.8
Voi,Taita-Taveta,2023-06-19,27,120,80,83,156,280,45,54,92.75,1.2938005390835579,407.0,0.687960687960688,205.5,0.38929440389294406,173.25,0.9004329004329005,75.5,1.099337748344371,33.75,1.6,25.75,1.0485436893203883,31.5,1.4285714285714286,0.14,0.023,0.244,0.13025,GREEN,7.4,52.7
Voi,Taita-Taveta,2023-06-26,33,95,118,71,203,366,40,49,101.5,0.9359605911330049,397.75,0.9201759899434317,155.75,0.7576243980738363,168.5,1.2047477744807122,81.0,0.8765432098765432,40.0,1.225,25.75,1.2815533980582525,38.0,1.0526315789473684,0.0,0.055,0.139,0.060950000000000004,GREEN,13.5,54.9
Voi,Taita-Taveta,2023-07-03,37,108,105,59,220,364,43,51,101.5,1.064039408866995,385.25,0.9448410123296561,109.0,0.963302752293578,175.5,1.2535612535612535,82.75,0.7129909365558912,41.0,1.2439024390243902,28.25,1.3097345132743363,40.25,1.0683229813664596,0.03,0.068,0.154,0.08049999999999999,GREEN,10.8,49.4
Voi,Taita-Taveta,2023-07-10,38,94,83,72,135,331,48,44,104.0,0.9038461538461539,353.0,0.9376770538243626,110.25,0.7528344671201814,177.5,0.7605633802816901,77.75,0.9260450160771704,47.5,0.9263157894736842,31.0,1.2258064516129032,41.25,1.1636363636363636,0.0,0.0,0.084,0.0252,GREEN,13.2,51.1
Voi,Taita-Taveta,2023-07-17,46,182,90,54,134,279,57,78,104.25,1.7458033573141487,335.25,0.8322147651006712,96.5,0.9326424870466321,178.5,0.7507002801120448,71.25,0.7578947368421053,49.5,1.5757575757575757,33.75,1.362962962962963,44.0,1.2954545454545454,0.354,0.0,0.294,0.21209999999999996,AMBER,8.9,52.9
Voi,Taita-Taveta,2023-07-24,51,126,70,50,127,263,69,75,119.75,1.0521920668058455,335.0,0.7850746268656716,99.0,0.7070707070707071,173.0,0.7341040462427746,64.0,0.78125,55.5,1.3513513513513513,38.5,1.3246753246753247,47.0,1.4680851063829787,0.025,0.0,0.253,0.08464999999999999,GREEN,5.9,51.5
Voi,Taita-Taveta,2023-07-31,36,232,101,78,111,343,67,69,127.5,1.8196078431372549,309.25,1.1091350040420371,87.0,1.160919540229885,154.0,0.7207792207792207,58.75,1.327659574468085,62.0,1.1129032258064515,43.0,0.8372093023255814,54.25,1.2350230414746544,0.411,0.122,0.069,0.20724999999999996,AMBER,7.3,53.1
Voi,Taita-Taveta,2023-08-07,51,224,110,72,175,335,50,59,158.5,1.413249211356467,304.0,1.1019736842105263,86.0,1.2790697674418605,126.75,1.3806706114398422,63.5,1.1338582677165354,66.5,0.8872180451127819,42.75,1.1929824561403508,60.25,0.8298755186721992,0.217,0.212,0.048,0.16454999999999997,AMBER,2.4,52.5
Voi,Taita-Taveta,2023-08-14,17,230,138,71,107,453,48,57,191.0,1.2041884816753927,305.0,1.4852459016393442,92.75,1.4878706199460916,136.75,0.7824497257769653,63.5,1.1181102362204725,70.25,0.8113879003558719,46.0,0.3695652173913043,60.75,0.7901234567901234,0.194,0.166,0.0,0.126,GREEN,9.6,53.1
Voi,Taita-Taveta,2023-08-21,34,268,105,89,202,440,36,45,203.0,1.3201970443349753,348.5,1.2625538020086082,104.75,1.0023866348448687,130.0,1.5538461538461539,67.75,1.3136531365313653,65.0,0.6923076923076923,38.75,0.8774193548387097,58.5,0.6153846153846154,0.205,0.222,0.0,0.14944999999999997,GREEN,6.1,51.0
Voi,Taita-Taveta,2023-08-28,29,101,139,111,163,432,30,32,238.5,0.42348008385744235,392.75,1.0999363462762572,113.5,1.224669603524229,148.75,1.0957983193277312,77.5,1.4322580645161291,57.5,0.5565217391304348,34.5,0.8405797101449275,50.25,0.5970149253731343,0.02,0.19,0.0,0.07349999999999998,GREEN,6.1,52.6
Voi,Taita-Taveta,2023-09-04,55,105,93,83,176,474,38,43,205.75,0.5103280680437424,415.0,1.1421686746987951,123.0,0.7560975609756098,161.75,1.0880989180834622,85.75,0.967930029154519,48.25,0.8911917098445595,32.75,1.6793893129770991,41.0,0.926829268292683,0.028,0.023,0.17,0.06885,GREEN,14.9,52.6
Voi,Taita-Taveta,2023-09-11,42,141,189,52,196,393,40,37,176.0,0.8011363636363636,449.75,0.8738187882156754,118.75,1.591578947368421,162.0,1.2098765432098766,88.5,0.5875706214689266,44.25,0.8361581920903954,33.75,1.2444444444444445,38.0,1.0526315789473684,0.0,0.224,0.07,0.0994,GREEN,11.4,53.6
Voi,Taita-Taveta,2023-09-18,60,81,162,80,173,450,29,40,153.75,0.526829268292683,434.75,1.0350776308223117,131.5,1.231939163498099,184.25,0.9389416553595658,83.75,0.9552238805970149,39.25,1.019108280254777,40.0,1.5,36.0,0.8055555555555556,0.007,0.066,0.13,0.06455,GREEN,6.9,51.6
Voi,Taita-Taveta,2023-09-25,62,76,167,67,142,226,34,37,107.0,0.7102803738317757,437.25,0.5168667810177244,145.75,1.1457975986277873,177.0,0.8022598870056498,81.5,0.8220858895705522,38.0,0.9736842105263158,46.5,1.3333333333333333,34.25,0.9927007299270073,0.0,0.041,0.083,0.03925,GREEN,6.5,50.8
Voi,Taita-Taveta,2023-10-02,50,56,140,55,137,208,31,40,100.75,0.5558312655086849,385.75,0.5392093324692158,152.75,0.9165302782324058,171.75,0.7976710334788938,70.5,0.7801418439716312,39.25,1.019108280254777,54.75,0.91324200913242,35.25,0.8794326241134752,0.0,0.0,0.005,0.0015,GREEN,22.2,55.2
Voi,Taita-Taveta,2023-10-09,53,65,132,62,106,282,37,37,88.5,0.7344632768361582,319.25,0.8833202819107283,164.5,0.8024316109422492,162.0,0.654320987654321,63.5,0.9763779527559056,38.5,0.961038961038961,53.5,0.9906542056074766,33.5,1.1044776119402986,0.0,0.0,0.017,0.0051,GREEN,35.1,57.0
Voi,Taita-Taveta,2023-10-16,31,98,192,64,167,367,31,37,69.5,1.410071942446043,291.5,1.2590051457975986,150.25,1.2778702163061564,139.5,1.1971326164874552,66.0,0.9696969696969697,38.5,0.961038961038961,56.25,0.5511111111111111,32.75,0.9465648854961832,0.247,0.131,0.0,0.1323,GREEN,43.6,59.3
Voi,Taita-Taveta,2023-10-23,28,104,101,98,157,463,23,38,73.75,1.4101694915254237,270.75,1.7100646352723916,157.75,0.6402535657686212,138.0,1.1376811594202898,62.0,1.5806451612903225,37.75,1.0066225165562914,49.0,0.5714285714285714,33.25,0.6917293233082706,0.337,0.172,0.002,0.17874999999999996,AMBER,49.5,58.9
Voi,Taita-Taveta,2023-10-30,21,127,99,61,214,416,37,54,80.75,1.5727554179566563,330.0,1.2606060606060605,141.25,0.7008849557522124,141.75,1.509700176366843,69.75,0.8745519713261649,38.0,1.4210526315789473,40.5,0.5185185185185185,30.5,1.2131147540983607,0.324,0.136,0.148,0.2054,AMBER,55.0,61.3
Voi,Taita-Taveta,2023-11-06,29,228,115,82,212,336,31,42,98.5,2.314720812182741,382.0,0.8795811518324608,131.0,0.8778625954198473,161.0,1.3167701863354038,71.25,1.1508771929824562,41.5,1.0120481927710843,33.25,0.8721804511278195,32.0,0.96875,0.624,0.12,0.003,0.2613,AMBER,50.6,64.8
Voi,Taita-Taveta,2023-11-13,29,225,88,81,209,470,38,63,139.25,1.6157989228007181,395.5,1.1883691529709228,126.75,0.6942800788954635,187.5,1.1146666666666667,76.25,1.062295081967213,42.75,1.4736842105263157,27.25,1.0642201834862386,30.5,1.2459016393442623,0.33,0.045,0.183,0.18614999999999998,AMBER,56.0,62.7
Voi,Taita-Taveta,2023-11-20,34,159,122,90,222,881,49,53,171.0,0.9298245614035088,421.25,2.091394658753709,100.75,1.2109181141439207,198.0,1.121212121212121,80.5,1.1180124223602483,49.25,1.0761421319796953,26.75,1.2710280373831775,32.25,1.5193798449612403,0.218,0.12,0.175,0.17079999999999998,AMBER,46.7,58.4
Voi,Taita-Taveta,2023-11-27,123,179,97,87,190,496,54,56,184.75,0.9688768606224628,525.75,0.9434141702330004,106.0,0.9150943396226415,214.25,0.8868144690781797,78.5,1.10828025477707,53.0,1.0566037735849056,28.25,4.353982300884955,38.75,1.3935483870967742,0.0,0.025,0.831,0.25804999999999995,AMBER,42.4,58.6
Voi,Taita-Taveta,2023-12-04,129,150,85,62,139,585,58,52,197.75,0.7585335018963337,545.75,1.0719193770041229,105.5,0.8056872037914692,208.25,0.6674669867947179,85.0,0.7294117647058823,53.5,0.9719626168224299,53.75,2.4,43.0,1.3488372093023255,0.014,0.0,0.408,0.12729999999999997,GREEN,38.1,59.8
Voi,Taita-Taveta,2023-12-11,122,91,71,56,120,349,42,79,178.25,0.5105189340813464,608.0,0.5740131578947368,98.0,0.7244897959183674,190.0,0.631578947368421,80.0,0.7,56.0,1.4107142857142858,78.75,1.5492063492063493,49.75,0.8442211055276382,0.0,0.0,0.247,0.0741,GREEN,27.2,55.3
Voi,Taita-Taveta,2023-12-18,118,73,106,67,155,527,59,54,144.75,0.5043177892918825,577.75,0.9121592384249243,93.75,1.1306666666666667,167.75,0.9239940387481371,73.75,0.9084745762711864,60.0,0.9,102.0,1.1568627450980393,50.75,1.1625615763546797,0.0,0.037,0.066,0.03275,GREEN,23.2,55.8
Voi,Taita-Taveta,2023-12-25,115,72,120,85,166,605,36,75,123.25,0.5841784989858012,489.25,1.2365866121614717,89.75,1.3370473537604457,151.0,1.099337748344371,68.0,1.25,60.25,1.2448132780082988,123.0,0.9349593495934959,53.25,0.676056338028169,0.047,0.18,0.065,0.09895,GREEN,10.1,49.6
Voi,Taita-Taveta,2024-01-01,67,84,103,74,157,322,36,32,96.5,0.8704663212435233,516.5,0.6234269119070668,95.5,1.0785340314136125,145.0,1.0827586206896551,67.5,1.0962962962962963,65.0,0.49230769230769234,121.0,0.5537190082644629,48.75,0.7384615384615385,0.0,0.067,0.0,0.02345,GREEN,6.1,51.7
Voi,Taita-Taveta,2024-01-08,95,101,96,67,108,350,38,42,80.0,1.2625,450.75,0.776483638380477,100.0,0.96,149.5,0.7224080267558528,70.5,0.950354609929078,60.0,0.7,105.5,0.9004739336492891,43.25,0.8786127167630058,0.125,0.0,0.0,0.04375,GREEN,4.8,53.0
Voi,Taita-Taveta,2024-01-15,62,126,89,85,229,314,26,29,82.5,1.5272727272727273,451.0,0.6962305986696231,106.25,0.8376470588235294,146.5,1.5631399317406143,73.25,1.1604095563139931,50.75,0.5714285714285714,98.75,0.6278481012658228,42.25,0.6153846153846154,0.25,0.188,0.0,0.1533,AMBER,7.5,52.5
Voi,Taita-Taveta,2024-01-22,79,108,113,90,190,473,34,35,95.75,1.1279373368146215,397.75,1.1891891891891893,102.0,1.107843137254902,165.0,1.1515151515151516,77.75,1.157556270096463,44.5,0.7865168539325843,84.75,0.9321533923303835,34.0,1.0,0.099,0.108,0.0,0.07245,GREEN,9.0,53.5
Voi,Taita-Taveta,2024-01-29,64,122,121,85,145,336,38,38,104.75,1.1646778042959427,364.75,0.9211788896504455,100.25,1.2069825436408979,171.0,0.847953216374269,79.0,1.0759493670886076,34.5,1.1014492753623188,75.75,0.8448844884488449,33.5,1.1343283582089552,0.078,0.076,0.049,0.0686,GREEN,5.7,51.3
Voi,Taita-Taveta,2024-02-05,113,128,127,90,163,438,37,126,114.25,1.1203501094091903,368.25,1.189409368635438,104.75,1.2124105011933175,168.0,0.9702380952380952,81.75,1.1009174311926606,36.0,3.5,75.0,1.5066666666666666,34.0,1.088235294117647,0.095,0.084,0.808,0.30505,AMBER,12.1,51.3
Voi,Taita-Taveta,2024-02-12,111,92,112,80,121,341,51,157,121.0,0.7603305785123967,390.25,0.8737988468930173,112.5,0.9955555555555555,181.75,0.6657496561210454,87.5,0.9142857142857143,57.0,2.754385964912281,79.5,1.3962264150943395,33.75,1.511111111111111,0.0,0.0,0.652,0.1956,AMBER,8.9,52.6
Voi,Taita-Taveta,2024-02-19,36,79,82,75,136,325,30,174,112.5,0.7022222222222222,397.0,0.818639798488665,118.25,0.693446088794926,154.75,0.8788368336025848,86.25,0.8695652173913043,89.0,1.9550561797752808,91.75,0.3923705722070845,40.0,0.75,0.0,0.0,0.255,0.0765,GREEN,4.7,54.0
Voi,Taita-Taveta,2024-02-26,51,68,78,51,139,309,63,213,105.25,0.6460807600950119,360.0,0.8583333333333333,110.5,0.7058823529411765,141.25,0.984070796460177,82.5,0.6181818181818182,123.75,1.7212121212121212,81.0,0.6296296296296297,39.0,1.6153846153846154,0.0,0.0,0.295,0.0885,GREEN,7.2,51.9
Voi,Taita-Taveta,2024-03-04,31,57,65,47,147,243,55,133,91.75,0.6212534059945504,353.25,0.6878980891719745,99.75,0.6516290726817042,139.75,1.0518783542039356,74.0,0.6351351351351351,167.5,0.7940298507462686,77.75,0.3987138263665595,45.25,1.2154696132596685,0.0,0.014,0.036,0.0157,GREEN,19.7,56.0
Voi,Taita-Taveta,2024-03-11,92,67,92,72,151,345,52,174,74.0,0.9054054054054054,304.5,1.1330049261083743,84.25,1.0919881305637982,135.75,1.1123388581952118,63.25,1.1383399209486167,169.25,1.0280649926144756,57.25,1.6069868995633187,49.75,1.0452261306532664,0.027,0.088,0.167,0.09034999999999999,GREEN,27.6,57.1
Voi,Taita-Taveta,2024-03-18,98,82,106,179,168,340,119,70,67.75,1.2103321033210332,305.5,1.1129296235679214,79.25,1.337539432176656,143.25,1.1727748691099475,61.25,2.9224489795918367,173.5,0.4034582132564842,52.5,1.8666666666666667,50.0,2.38,0.122,0.59,0.447,0.3833,AMBER,39.9,58.3
Voi,Taita-Taveta,2024-03-25,77,117,118,257,148,1217,118,57,68.5,1.7080291970802919,309.25,3.935327405012126,85.25,1.3841642228739004,151.25,0.9785123966942149,87.25,2.945558739255014,147.5,0.3864406779661017,68.0,1.1323529411764706,72.25,1.6332179930795847,0.923,0.563,0.139,0.5618,RED,49.1,59.5
Voi,Taita-Taveta,2024-04-01,60,110,118,251,165,1168,86,54,80.75,1.3622291021671826,536.25,2.178088578088578,95.25,1.2388451443569555,153.5,1.0749185667752443,138.75,1.809009009009009,108.5,0.4976958525345622,74.5,0.8053691275167785,86.0,1.0,0.408,0.276,0.0,0.2394,AMBER,49.8,62.1
Voi,Taita-Taveta,2024-04-08,43,119,80,299,170,1314,82,42,94.0,1.2659574468085106,767.5,1.7120521172638437,108.5,0.7373271889400922,158.0,1.0759493670886076,189.75,1.5757575757575757,88.75,0.4732394366197183,81.75,0.5259938837920489,93.75,0.8746666666666667,0.269,0.155,0.0,0.1484,GREEN,55.7,61.6
Voi,Taita-Taveta,2024-04-15,62,102,84,279,169,1332,51,31,107.0,0.9532710280373832,1009.75,1.3191384005942064,105.5,0.7962085308056872,162.75,1.0384024577572966,246.5,1.13184584178499,55.75,0.5560538116591929,69.5,0.8920863309352518,101.25,0.5037037037037037,0.064,0.041,0.0,0.03675,GREEN,51.6,62.5
Voi,Taita-Taveta,2024-04-22,31,94,105,224,169,1146,73,41,112.0,0.8392857142857143,1257.75,0.9111508646392368,100.0,1.05,163.0,1.0368098159509203,271.5,0.8250460405156538,46.0,0.8913043478260869,60.5,0.512396694214876,84.25,0.8664688427299704,0.0,0.024,0.0,0.0084,GREEN,54.0,61.7
Voi,Taita-Taveta,2024-04-29,25,96,221,71,156,751,32,38,106.25,0.9035294117647059,1240.0,0.6056451612903225,96.75,2.2842377260981914,168.25,0.9271916790490342,263.25,0.26970560303893637,42.0,0.9047619047619048,49.0,0.5102040816326531,73.0,0.4383561643835616,0.0,0.364,0.0,0.12739999999999999,GREEN,45.5,59.0
Voi,Taita-Taveta,2024-05-06,25,78,226,45,135,302,29,50,102.75,0.7591240875912408,1135.75,0.26590358793748625,122.5,1.8448979591836734,166.0,0.8132530120481928,218.25,0.20618556701030927,38.0,1.3157894736842106,40.25,0.6211180124223602,59.5,0.48739495798319327,0.0,0.239,0.084,0.10884999999999999,GREEN,38.6,57.8
Voi,Taita-Taveta,2024-05-13,32,67,163,53,108,237,23,42,92.5,0.7243243243243244,882.75,0.26847918436703483,159.0,1.0251572327044025,157.25,0.6868044515103339,154.75,0.34248788368336025,40.0,1.05,35.75,0.8951048951048951,46.25,0.4972972972972973,0.0,0.007,0.013,0.00635,GREEN,25.9,57.3
Voi,Taita-Taveta,2024-05-20,30,92,163,52,145,258,35,40,83.75,1.0985074626865672,609.0,0.4236453201970443,178.75,0.9118881118881119,142.0,1.0211267605633803,98.25,0.5292620865139949,42.75,0.935672514619883,28.25,1.0619469026548674,39.25,0.89171974522293,0.047,0.006,0.015,0.02305,GREEN,14.4,55.4
Voi,Taita-Taveta,2024-05-27,20,82,239,71,155,278,37,41,83.25,0.984984984984985,387.0,0.7183462532299741,193.25,1.2367399741267788,136.0,1.1397058823529411,55.25,1.2850678733031675,42.5,0.9647058823529412,28.0,0.7142857142857143,29.75,1.2436974789915967,0.0,0.171,0.041,0.07215,GREEN,5.7,49.2
Voi,Taita-Taveta,2024-06-03,27,117,238,73,136,475,39,40,79.75,1.4670846394984327,268.75,1.7674418604651163,197.75,1.2035398230088497,135.75,1.0018416206261511,55.25,1.3212669683257918,43.25,0.9248554913294798,26.75,1.0093457943925233,31.0,1.2580645161290323,0.375,0.133,0.045,0.1913,AMBER,6.2,53.1
Voi,Taita-Taveta,2024-06-10,27,93,106,74,189,448,38,40,89.5,1.0391061452513966,312.0,1.435897435897436,200.75,0.5280199252801993,136.0,1.3897058823529411,62.25,1.1887550200803212,40.75,0.9815950920245399,27.25,0.9908256880733946,33.5,1.1343283582089552,0.106,0.148,0.022,0.09549999999999997,GREEN,6.2,55.2
Voi,Taita-Taveta,2024-06-17,29,149,87,102,189,413,29,36,96.0,1.5520833333333333,364.75,1.1322823851953392,186.5,0.46648793565683644,156.25,1.2096,67.5,1.511111111111111,40.25,0.8944099378881988,26.0,1.1153846153846154,37.25,0.7785234899328859,0.289,0.175,0.029,0.17109999999999997,AMBER,11.1,53.9
Voi,Taita-Taveta,2024-06-24,33,98,115,69,144,346,47,154,110.25,0.8888888888888888,403.5,0.8574969021065675,167.5,0.6865671641791045,167.25,0.8609865470852018,80.0,0.8625,39.25,3.9235668789808917,25.75,1.2815533980582525,35.75,1.3146853146853146,0.0,0.0,0.902,0.2706,AMBER,11.0,52.7
Voi,Taita-Taveta,2024-07-01,36,114,111,69,162,341,55,189,114.25,0.9978118161925602,420.5,0.8109393579072532,136.5,0.8131868131868132,164.5,0.9848024316109423,79.5,0.8679245283018868,67.5,2.8,29.0,1.2413793103448276,38.25,1.4379084967320261,0.0,0.0,0.613,0.18389999999999998,AMBER,12.6,51.0
Voi,Taita-Taveta,2024-07-08,44,77,83,65,177,411,49,212,113.5,0.6784140969162996,387.0,1.062015503875969,104.75,0.7923627684964201,171.0,1.0350877192982457,78.5,0.8280254777070064,104.75,2.023866348448687,31.25,1.408,42.25,1.1597633136094674,0.012,0.009,0.402,0.12795,GREEN,11.7,53.1
Voi,Taita-Taveta,2024-07-15,43,75,95,59,118,294,54,222,109.5,0.684931506849315,377.75,0.7782925215089345,99.0,0.9595959595959596,168.0,0.7023809523809523,76.25,0.7737704918032787,147.75,1.50253807106599,35.5,1.2112676056338028,45.0,1.2,0.0,0.0,0.22,0.066,GREEN,13.2,49.9
Voi,Taita-Taveta,2024-07-22,71,74,79,47,98,206,48,244,91.0,0.8131868131868132,348.0,0.5919540229885057,101.0,0.7821782178217822,150.25,0.6522462562396006,65.5,0.7175572519083969,194.25,1.2561132561132562,39.0,1.8205128205128205,51.25,0.9365853658536586,0.0,0.0,0.273,0.0819,GREEN,8.4,53.5
Voi,Taita-Taveta,2024-07-29,47,67,86,61,135,582,66,228,85.0,0.788235294117647,313.0,1.8594249201277955,92.0,0.9347826086956522,138.75,0.972972972972973,60.0,1.0166666666666666,216.75,1.0519031141868511,48.5,0.9690721649484536,51.5,1.2815533980582525,0.172,0.004,0.061,0.07989999999999998,GREEN,10.9,52.3
Voi,Taita-Taveta,2024-08-05,43,122,98,76,177,568,39,64,73.25,1.6655290102389078,373.25,1.521768251841929,85.75,1.1428571428571428,132.0,1.3409090909090908,58.0,1.3103448275862069,226.5,0.282560706401766,51.25,0.8390243902439024,54.25,0.7188940092165899,0.42,0.204,0.0,0.21839999999999998,AMBER,5.4,52.9
Voi,Taita-Taveta,2024-08-12,50,104,122,88,227,896,50,44,84.5,1.2307692307692308,412.5,2.1721212121212123,89.5,1.3631284916201116,132.0,1.7196969696969697,60.75,1.448559670781893,189.5,0.23218997361477572,51.0,0.9803921568627451,51.75,0.966183574879227,0.344,0.399,0.0,0.26005,AMBER,9.8,52.9
Voi,Taita-Taveta,2024-08-19,27,128,119,93,207,945,36,38,91.75,1.3950953678474114,563.0,1.6785079928952042,96.25,1.2363636363636363,159.25,1.2998430141287285,68.0,1.3676470588235294,145.0,0.2620689655172414,52.75,0.5118483412322274,50.75,0.7093596059113301,0.323,0.233,0.0,0.1946,AMBER,9.8,53.0
Voi,Taita-Taveta,2024-08-26,27,121,103,62,223,748,27,36,105.25,1.149643705463183,747.75,1.0003343363423605,106.25,0.9694117647058823,186.5,1.195710455764075,79.5,0.779874213836478,93.5,0.3850267379679144,41.75,0.6467065868263473,47.75,0.5654450261780105,0.071,0.052,0.0,0.04304999999999999,GREEN,11.6,50.5
Voi,Taita-Taveta,2024-09-02,24,119,110,90,198,711,23,38,118.75,1.0021052631578948,789.25,0.900855242318657,110.5,0.995475113122172,208.5,0.9496402877697842,79.75,1.128526645768025,45.5,0.8351648351648352,36.75,0.6530612244897959,38.0,0.6052631578947368,0.001,0.03,0.0,0.010849999999999999,GREEN,5.1,52.9
Voi,Taita-Taveta,2024-09-09,30,82,116,86,160,236,31,45,118.0,0.6949152542372882,825.0,0.28606060606060607,113.5,1.0220264317180616,213.75,0.7485380116959064,83.25,1.033033033033033,39.0,1.1538461538461537,32.0,0.9375,34.0,0.9117647058823529,0.0,0.014,0.041,0.0172,GREEN,7.1,51.1
Voi,Taita-Taveta,2024-09-16,25,85,68,66,561,268,26,22,112.5,0.7555555555555555,660.0,0.40606060606060607,112.0,0.6071428571428571,197.0,2.8477157360406093,82.75,0.797583081570997,39.25,0.5605095541401274,27.0,0.9259259259259259,29.25,0.8888888888888888,0.0,0.493,0.0,0.17254999999999998,AMBER,6.6,52.3
Voi,Taita-Taveta,2024-09-23,30,90,73,80,726,230,33,32,101.75,0.8845208845208845,490.75,0.4686704024452369,99.25,0.7355163727959698,285.5,2.542907180385289,76.0,1.0526315789473684,35.25,0.9078014184397163,26.5,1.1320754716981132,26.75,1.233644859813084,0.0,0.424,0.072,0.16999999999999998,AMBER,12.1,48.9
Voi,Taita-Taveta,2024-09-30,30,57,79,63,656,230,41,36,94.0,0.6063829787234043,361.25,0.6366782006920415,91.75,0.8610354223433242,411.25,1.5951367781155015,80.5,0.782608695652174,34.25,1.051094890510949,27.25,1.1009174311926606,28.25,1.4513274336283186,0.0,0.159,0.114,0.08985,GREEN,23.2,55.1
Voi,Taita-Taveta,2024-10-07,31,78,101,167,631,274,33,32,78.5,0.9936305732484076,241.0,1.1369294605809128,84.0,1.2023809523809523,525.75,1.200190204469805,73.75,2.2644067796610168,33.75,0.9481481481481482,28.75,1.0782608695652174,32.75,1.0076335877862594,0.027,0.406,0.021,0.15785000000000002,AMBER,32.9,57.0
Voi,Taita-Taveta,2024-10-14,30,70,112,178,898,275,42,33,77.5,0.9032258064516129,250.5,1.0978043912175648,80.25,1.395638629283489,643.5,1.3954933954933955,94.0,1.8936170212765957,30.5,1.0819672131147542,29.0,1.0344827586206897,33.25,1.263157894736842,0.02,0.426,0.074,0.1783,AMBER,38.8,59.1
Voi,Taita-Taveta,2024-10-21,27,95,121,269,905,372,28,35,73.75,1.2881355932203389,252.25,1.474727452923687,91.25,1.326027397260274,727.75,1.243558914462384,122.0,2.2049180327868854,33.25,1.0526315789473684,30.25,0.8925619834710744,37.25,0.7516778523489933,0.232,0.438,0.014,0.2387,AMBER,44.8,58.8
Voi,Taita-Taveta,2024-10-28,22,130,115,227,320,449,26,32,75.0,1.7333333333333334,287.75,1.5603822762814943,103.25,1.1138014527845037,772.5,0.41423948220064727,169.25,1.341211225997046,34.0,0.9411764705882353,29.5,0.7457627118644068,36.0,0.7222222222222222,0.46,0.112,0.0,0.2002,AMBER,48.0,65.1
Voi,Taita-Taveta,2024-11-04,32,92,97,235,190,461,27,33,93.25,0.9865951742627346,342.5,1.345985401459854,112.25,0.8641425389755011,688.5,0.27596223674655046,210.25,1.117717003567182,33.0,1.0,27.5,1.1636363636363636,32.25,0.8372093023255814,0.069,0.027,0.041,0.0459,GREEN,57.7,62.9
Voi,Taita-Taveta,2024-11-11,41,123,110,230,181,299,39,55,96.75,1.2713178294573644,389.25,0.7681438664097624,111.25,0.9887640449438202,578.25,0.31301340250756593,227.25,1.012101210121012,33.25,1.6541353383458646,27.75,1.4774774774774775,30.75,1.2682926829268293,0.129,0.003,0.339,0.1479,GREEN,52.3,61.4
Voi,Taita-Taveta,2024-11-18,33,106,75,108,191,381,65,58,110.0,0.9636363636363636,395.25,0.9639468690702088,110.75,0.6772009029345373,399.0,0.47869674185463656,240.25,0.449531737773153,38.75,1.4967741935483871,30.5,1.0819672131147542,30.0,2.1666666666666665,0.0,0.0,0.347,0.10409999999999998,GREEN,50.5,62.9
Voi,Taita-Taveta,2024-11-25,48,88,116,71,152,273,38,65,112.75,0.7804878048780488,397.5,0.6867924528301886,99.25,1.1687657430730478,220.5,0.6893424036281179,200.0,0.355,44.5,1.4606741573033708,32.0,1.5,39.25,0.9681528662420382,0.0,0.048,0.248,0.09119999999999999,GREEN,41.8,61.2
Voi,Taita-Taveta,2024-12-02,38,73,75,64,108,326,59,62,102.25,0.7139364303178484,353.5,0.9222065063649222,99.5,0.7537688442211056,178.5,0.6050420168067226,161.0,0.39751552795031053,52.75,1.1753554502369667,38.5,0.987012987012987,42.25,1.3964497041420119,0.0,0.0,0.113,0.0339,GREEN,34.1,59.5
Voi,Taita-Taveta,2024-12-09,48,56,66,47,86,251,49,73,97.5,0.5743589743589743,319.75,0.7849882720875684,94.0,0.7021276595744681,158.0,0.5443037974683544,118.25,0.3974630021141649,60.0,1.2166666666666666,40.0,1.2,50.25,0.9751243781094527,0.0,0.0,0.108,0.0324,GREEN,27.4,57.7
Voi,Taita-Taveta,2024-12-16,49,72,99,60,146,249,52,70,80.75,0.891640866873065,307.75,0.8090982940698619,83.0,1.1927710843373494,134.25,1.0875232774674115,72.5,0.8275862068965517,64.5,1.0852713178294573,41.75,1.1736526946107784,52.75,0.985781990521327,0.0,0.078,0.066,0.0471,GREEN,13.4,55.0
Voi,Taita-Taveta,2024-12-23,40,105,74,62,151,304,41,64,72.25,1.453287197231834,274.75,1.1064604185623295,89.0,0.8314606741573034,123.0,1.2276422764227641,60.5,1.024793388429752,67.5,0.9481481481481482,45.75,0.8743169398907104,49.5,0.8282828282828283,0.237,0.066,0.0,0.10604999999999999,GREEN,8.7,52.7
Voi,Taita-Taveta,2024-12-30,28,72,70,56,105,268,37,34,76.5,0.9411764705882353,282.5,0.9486725663716814,78.5,0.89171974522293,122.75,0.8553971486761711,58.25,0.9613733905579399,67.25,0.5055762081784386,43.75,0.64,50.25,0.736318407960199,0.0,0.0,0.0,0.0,GREEN,1.0,53.6
